player_id,name,rookie_year,team,rookie_games,draft_pick,draft_round,undrafted,age,f3_games,f3_carries_pg,f3_targets_pg,f3_rec_pg,f3_touches_pg,f3_carry_share,f3_target_share,f3_rec_share,f3_snap_share,f3_ypc,f3_rush_epa_pc,f3_rush_sr,f3_rush_1d_rate,f3_yds_per_tgt,f3_rec_epa_pt,f3_scrim_ypg,f3_ppr_pg,f3_carries,f3_targets,rk_games,rk_carries_pg,rk_targets_pg,rk_rec_pg,rk_touches_pg,rk_carry_share,rk_target_share,rk_rec_share,rk_snap_share,rk_ypc,rk_rush_epa_pc,rk_rush_sr,rk_rush_1d_rate,rk_yds_per_tgt,rk_rec_epa_pt,rk_scrim_ypg,rk_ppr_pg,rk_carries,rk_targets,career_ppr_after3,career_games_after3,y2_ppr,y2_games,y2_seasons,y2_top24,y2_top12,rookie_top24,after_ypc,after_rush_epa_pc,after_rush_sr,after_carries_pg,after_carry_share,after_targets_pg,after_rec_pg,after_target_share,after_yds_per_tgt,after_ppr_pg,after_carries,after_targets
00-0000781,Marlon Barnes,2000,CHI,6,,,1,24.470910335386723,3,3.0,0.3333333333333333,0.0,3.0,0.09574468085106383,0.009523809523809525,0.0,,4.111111111111111,-0.05084516717276222,0.3333333333333333,0.2222222222222222,0.0,-0.442869781050831,12.333333333333334,1.2333333333333332,9,1.0,6,2.5,0.5,0.16666666666666666,2.6666666666666665,0.07936507936507936,0.015957446808510637,0.008333333333333333,,5.4,-0.165194675202171,0.4,0.26666666666666666,2.3333333333333335,-0.601458153066537,14.666666666666666,1.3,15,3.0,4.1,3,0.0,0,0,0,0,0,7.333333333333333,-0.3367189372462842,0.5,2.0,0.06315789473684211,0.6666666666666666,0.3333333333333333,0.024096385542168676,3.5,1.3666666666666665,6.0,2.0
00-0002159,Shawn Bryson,2000,BUF,15,86.0,3.0,0,23.753593429158112,3,11.333333333333334,1.3333333333333333,0.3333333333333333,11.666666666666666,0.3695652173913043,0.046511627906976744,0.019230769230769232,,2.5588235294117645,-0.24518245855216236,0.2647058823529412,0.11764705882352941,5.75,-0.7535198645346117,36.666666666666664,4.0,34,4.0,15,10.4,2.933333333333333,2.066666666666667,12.466666666666667,0.3436123348017621,0.08835341365461848,0.1040268456375839,,3.7628205128205128,-0.1589938021265527,0.3141025641025641,0.19230769230769232,5.431818181818182,-0.07348510150492636,55.06666666666667,8.506666666666666,156,44.0,573.0999999999999,80,457.5,68,6,1,0,0,4.198364008179959,-0.0987860333919849,0.32719836400818,6.1125,0.2410054213898472,,2.2875,,,7.1637499999999985,489.0,
00-0004508,Scott Dragos,2000,CHI,5,,,1,24.84599589322382,3,0.0,1.3333333333333333,1.0,1.0,0.0,0.043010752688172046,0.04918032786885246,,,,,,4.5,0.40213134084479096,6.0,1.5999999999999999,0,4.0,5,0.0,1.2,0.8,0.8,0.0,0.04,0.0449438202247191,,,,,,4.666666666666667,0.06139675064090198,5.6,1.3599999999999999,0,6.0,2.0,3,0.0,1,1,0,0,0,,,,0.0,0.0,0.6666666666666666,0.3333333333333333,0.02564102564102564,5.0,0.6666666666666666,0.0,2.0
00-0013467,Jamie Reader,2001,PHI,10,,,1,27.329226557152634,3,0.0,0.6666666666666666,0.0,0.0,0.0,0.020833333333333332,0.0,,,,,,0.0,-0.6605101658497,0.0,0.0,0,2.0,10,0.0,0.5,0.2,0.2,0.0,0.01557632398753894,0.0106951871657754,,,,,,2.8,-0.2865363897290078,1.4,0.34,0,5.0,3.4000000000000004,7,0.0,0,0,0,0,0,,,,0.0,0.0,0.42857142857142855,0.2857142857142857,0.013333333333333334,4.666666666666667,0.48571428571428577,0.0,3.0
00-0015601,Aaron Stecker,2000,TB,9,,,1,24.802190280629706,3,3.0,0.0,0.0,3.0,0.08411214953271028,0.0,0.0,,2.888888888888889,-0.39279509695996967,0.2222222222222222,0.2222222222222222,,,8.666666666666666,0.8666666666666667,9,0.0,9,1.3333333333333333,0.1111111111111111,0.1111111111111111,1.4444444444444444,0.04477611940298507,0.004016064257028112,0.007142857142857143,,2.5833333333333335,-0.3809558599944764,0.16666666666666666,0.25,15.0,0.792554138926789,5.111111111111111,0.6222222222222222,12,1.0,496.5,113,493.5,107,9,0,0,0,3.978723404255319,-0.17665986984391854,0.3617021276595745,3.327433628318584,0.12621685129238,,1.4778761061946903,,,4.393805309734513,376.0,
00-0017239,Damon Washington,2000,NYG,3,,,1,23.529089664613277,3,0.0,0.0,0.0,0.0,0.0,0.0,0.0,,,,,,,,0.0,0.0,0,0.0,3,0.0,0.0,0.0,0.0,0.0,0.0,0.0,,,,,,,,0.0,0.0,0,0.0,13.4,17,13.4,17,2,0,0,0,3.1785714285714284,-0.17793712460427602,0.25,1.6470588235294117,0.05702647657841141,0.35294117647058826,0.23529411764705882,0.010810810810810811,4.166666666666667,0.788235294117647,28.0,6.0
00-0018971,Shyrone Stith,2000,JAX,11,243.0,7.0,0,22.417522245037645,3,0.0,0.0,0.0,0.0,0.0,0.0,0.0,,,,,,,,0.0,0.0,0,0.0,11,1.8181818181818181,0.0,0.0,1.8181818181818181,0.05813953488372093,0.0,0.0,,2.75,-0.10663039040227837,0.25,0.15,,,5.0,1.0454545454545454,20,0.0,11.5,8,0.0,0,0,0,0,0,2.75,-0.10663039040227837,0.25,2.5,0.07142857142857142,0.0,0.0,0.0,,1.4375,20.0,0.0
00-0018977,Maurice Smith,2000,ATL,6,,,1,23.983572895277206,3,1.3333333333333333,0.3333333333333333,0.3333333333333333,1.6666666666666667,0.07692307692307693,0.009259259259259259,0.017857142857142856,,2.5,-0.5179261166776989,0.25,0.25,5.0,-0.703265269636177,5.0,0.8333333333333334,4,1.0,6,3.1666666666666665,0.16666666666666666,0.16666666666666666,3.3333333333333335,0.14393939393939395,0.004975124378109453,0.009174311926605505,,3.6315789473684212,-0.2886280650686313,0.3684210526315789,0.2631578947368421,5.0,-0.703265269636177,12.333333333333334,1.3999999999999997,19,1.0,157.9,19,152.0,16,2,1,0,0,3.25,-0.2362601912078359,0.2857142857142857,13.263157894736842,0.4827586206896552,1.4210526315789473,1.0,0.04462809917355372,8.518518518518519,8.310526315789474,252.0,27.0
00-0019025,Ronney Jenkins,2000,LAC,15,,,1,23.27173169062286,3,0.0,0.6666666666666666,0.3333333333333333,0.3333333333333333,0.0,0.018867924528301886,0.017857142857142856,,,,,,0.5,-0.81674736055615,0.3333333333333333,2.3666666666666667,0,2.0,15,0.5333333333333333,0.13333333333333333,0.06666666666666667,0.6,0.02373887240356083,0.003766478342749529,0.003401360544217687,,0.75,-0.13299436718079952,0.125,0.0,0.5,-0.81674736055615,0.4666666666666667,0.5133333333333333,8,2.0,12.5,47,11.9,35,3,0,0,0,0.5555555555555556,-0.21303835696825335,0.1111111111111111,0.19148936170212766,0.007401315789473684,,0.0,,,0.26595744680851063,9.0,
00-0019028,Herbert Goodman,2000,GB,3,,,1,23.003422313483917,3,1.0,0.3333333333333333,0.3333333333333333,1.3333333333333333,0.04054054054054054,0.009174311926605505,0.014285714285714285,,-0.6666666666666666,-1.8944938520241201,0.0,0.0,0.0,-0.833019874058664,-0.6666666666666666,-0.4000000000000001,3,1.0,3,1.0,0.3333333333333333,0.3333333333333333,1.3333333333333333,0.04054054054054054,0.009174311926605505,0.014285714285714285,,-0.6666666666666666,-1.8944938520241201,0.0,0.0,0.0,-0.833019874058664,-0.6666666666666666,-0.4000000000000001,3,1.0,-0.1,3,-0.1,3,1,0,0,0,-1.0,-1.04811398448732,0.0,0.3333333333333333,0.010752688172043012,0.0,0.0,0.0,,-0.03333333333333333,1.0,0.0
00-0019057,Jamel White,2000,CLE,13,,,1,22.55441478439425,3,0.6666666666666666,0.0,0.0,0.6666666666666666,0.025,0.0,0.0,,3.0,-0.153464033268392,0.5,0.0,,,2.0,0.19999999999999998,2,0.0,13,3.6153846153846154,1.4615384615384615,1.0,4.615384615384615,0.16845878136200718,0.051075268817204304,0.06018518518518518,,3.0851063829787235,-0.24196647568367266,0.2127659574468085,0.1276595744680851,5.2631578947368425,-0.11190763303066464,18.846153846153847,2.8846153846153846,47,19.0,507.09999999999997,70,470.2,60,5,1,0,0,3.7289473684210526,-0.10613491133924931,0.3473684210526316,5.428571428571429,0.20959735245449532,,2.4571428571428573,,,7.244285714285714,380.0,
00-0019134,Joey Goodspeed,2002,LAC,5,,,1,24.522929500342233,3,0.0,0.0,0.0,0.0,0.0,0.0,0.0,,,,,,,,0.0,0.0,0,0.0,5,0.0,0.0,0.0,0.0,0.0,0.0,0.0,,,,,,,,0.0,0.0,0,0.0,24.699999999999996,19,24.700000000000003,17,2,0,0,0,2.0,1.0030131056361526,0.6666666666666666,0.15789473684210525,0.006355932203389831,,0.5789473684210527,,,1.2999999999999998,3.0,
00-0019238,Jonas Lewis,2000,SF,9,,,1,23.679671457905545,3,0.3333333333333333,0.0,0.0,0.3333333333333333,0.008849557522123894,0.0,0.0,,6.0,0.367566912726034,1.0,1.0,,,2.0,0.19999999999999998,1,0.0,9,0.1111111111111111,0.0,0.0,0.1111111111111111,0.0036496350364963502,0.0,0.0,,6.0,0.367566912726034,1.0,1.0,,,0.6666666666666666,0.06666666666666667,1,0.0,0.0,7,0.0,1,1,0,0,0,,,,0.0,0.0,0.0,0.0,0.0,,0.0,0.0,0.0
00-0019382,KaRon Coleman,2000,DEN,7,,,1,22.28062970568104,3,10.333333333333334,1.0,0.3333333333333333,10.666666666666666,0.3069306930693069,0.02608695652173913,0.012987012987012988,,2.967741935483871,0.06028463682835774,0.3548387096774194,0.22580645161290322,1.6666666666666667,-1.616551327169874,32.333333333333336,3.566666666666667,31,3.0,7,7.714285714285714,0.42857142857142855,0.14285714285714285,7.857142857142857,0.20074349442379183,0.014018691588785047,0.0072992700729927005,,3.388888888888889,-0.0037416140678232963,0.4074074074074074,0.18518518518518517,1.6666666666666667,-1.616551327169874,26.857142857142858,3.3999999999999995,54,3.0,25.299999999999997,9,12.2,5,2,0,0,0,4.0,-0.12708167445897645,0.4444444444444444,3.0,0.08598726114649681,1.2222222222222223,0.6666666666666666,0.045081967213114756,4.090909090909091,2.811111111111111,27.0,11.0
00-0019423,Jason Brookins,2001,BAL,12,,,1,25.65639972621492,3,1.6666666666666667,0.0,0.0,1.6666666666666667,0.05952380952380952,0.0,0.0,,7.8,0.488020674500148,0.8,0.2,,,13.0,1.3,5,0.0,12,12.583333333333334,0.75,0.5,13.083333333333334,0.380352644836272,0.020737327188940093,0.022813688212927757,,3.6490066225165565,-0.11762152468228777,0.37748344370860926,0.2052980132450331,5.0,-0.19337586224234443,49.666666666666664,7.800000000000002,151,9.0,89.7,9,0.0,0,0,0,0,0,3.506849315068493,-0.1383626958871657,0.363013698630137,16.22222222222222,0.46645367412140576,1.0,0.6666666666666666,0.028391167192429023,5.0,9.966666666666667,146.0,9.0
00-0019466,Curtis Keaton,2000,CIN,6,97.0,4.0,0,23.871321013004792,3,1.3333333333333333,0.0,0.0,1.3333333333333333,0.03508771929824561,0.0,0.0,,3.75,0.09659797453787176,0.5,0.25,,,5.0,0.5,4,0.0,6,1.0,0.0,0.0,1.0,0.029556650246305417,0.0,0.0,,4.0,0.07044629713830848,0.5,0.16666666666666666,,,4.0,0.39999999999999997,6,0.0,9.5,20,8.6,17,2,0,0,0,4.0,-0.16972142695081702,0.2631578947368421,0.95,0.03304347826086956,0.05,0.05,0.001440922190201729,9.0,0.475,19.0,1.0
00-0019471,Frank Moreau,2000,KC,9,115.0,4.0,0,23.978097193702943,3,5.333333333333333,0.0,0.0,5.333333333333333,0.19047619047619047,0.0,0.0,,1.6875,-0.3253425570255785,0.1875,0.125,,,9.0,0.9,16,0.0,9,5.444444444444445,0.0,0.0,5.444444444444445,0.21304347826086956,0.0,0.0,,2.4693877551020407,-0.18438673318565302,0.3469387755102041,0.24489795918367346,,,13.444444444444445,3.1222222222222222,49,0.0,34.1,9,8.7,3,1,0,0,0,2.951219512195122,-0.09270521105817507,0.43902439024390244,4.555555555555555,0.18141592920353983,0.0,0.0,0.0,,3.788888888888889,41.0,0.0
00-0019473,Deon Dyer,2000,MIA,3,117.0,4.0,0,22.915811088295687,3,0.0,0.6666666666666666,0.6666666666666666,0.6666666666666666,0.0,0.022222222222222223,0.03571428571428571,,,,,,7.0,0.22715627058642,4.666666666666667,1.1333333333333333,0,2.0,3,0.0,0.6666666666666666,0.6666666666666666,0.6666666666666666,0.0,0.022222222222222223,0.03571428571428571,,,,,,7.0,0.22715627058642,4.666666666666667,1.1333333333333333,0,2.0,0.0,6,0.0,6,2,0,0,0,,,,0.0,0.0,0.3333333333333333,0.0,0.011111111111111112,0.0,0.0,0.0,2.0
00-0019484,Sammy Morris,2000,BUF,11,156.0,5.0,0,23.444216290212182,3,2.3333333333333335,1.6666666666666667,1.3333333333333333,3.6666666666666665,0.07608695652173914,0.05813953488372093,0.07692307692307693,,3.7142857142857144,0.001290812705909718,0.42857142857142855,0.2857142857142857,5.0,-0.30925415329708683,17.0,3.033333333333333,7,5.0,11,8.0,3.727272727272727,3.1818181818181817,11.181818181818182,0.2603550295857988,0.1132596685082873,0.1590909090909091,,3.6818181818181817,-0.05434318101701632,0.375,0.3068181818181818,6.390243902439025,0.09454590488994039,53.27272727272727,11.236363636363636,88,41.0,729.6999999999999,133,615.1999999999999,125,11,0,0,0,4.157458563535911,-0.03471117476256022,0.39226519337016574,5.443609022556391,0.19939410630680254,,1.2030075187969924,,,5.486466165413534,724.0,
00-0019533,Patrick Pass,2000,NE,4,239.0,7.0,0,22.6694045174538,3,5.333333333333333,2.0,1.0,6.333333333333333,0.26666666666666666,0.05714285714285714,0.04918032786885246,,3.0625,-0.09481910900285587,0.375,0.125,1.6666666666666667,-0.407485927358115,19.666666666666668,2.966666666666667,16,6.0,4,4.5,2.0,1.0,5.5,0.1978021978021978,0.05263157894736842,0.0425531914893617,,3.2222222222222223,-0.10576380917660172,0.3888888888888889,0.1111111111111111,2.125,-0.31089653910021336,18.75,2.875,18,8.0,186.7,61,184.1,60,7,0,0,0,4.258928571428571,-0.09829490744613481,0.44642857142857145,1.8360655737704918,0.060935799782372145,,1.0327868852459017,,,3.0606557377049177,112.0,
00-0019534,Rondell Mealey,2001,GB,9,252.0,7.0,0,24.517453798767967,3,3.6666666666666665,0.6666666666666666,0.6666666666666666,4.333333333333333,0.11827956989247312,0.019417475728155338,0.03076923076923077,,3.3636363636363638,-0.05436731884467645,0.36363636363636365,0.09090909090909091,15.5,0.91415159442113,22.666666666666668,2.9333333333333336,11,2.0,9,1.2222222222222223,0.2222222222222222,0.2222222222222222,1.4444444444444444,0.04782608695652174,0.007017543859649123,0.01098901098901099,,3.3636363636363638,-0.05436731884467645,0.36363636363636365,0.09090909090909091,15.5,0.91415159442113,7.555555555555555,0.9777777777777779,11,2.0,21.1,9,21.1,3,1,0,0,0,3.272727272727273,-0.03620264806985754,0.2727272727272727,1.2222222222222223,0.048458149779735685,1.0,0.7777777777777778,0.029605263157894735,5.0,2.3444444444444446,11.0,9.0
00-0019590,Chad Morton,2000,NO,16,166.0,5.0,0,23.411362080766597,3,0.6666666666666666,2.0,1.6666666666666667,2.3333333333333335,0.024390243902439025,0.058823529411764705,0.07692307692307693,,0.0,-0.565657566563459,0.0,0.0,3.5,-0.4366307412565224,7.0,2.3666666666666667,2,6.0,16,2.25,2.3125,1.875,4.125,0.07128712871287128,0.07660455486542443,0.10067114093959731,,3.7777777777777777,-0.10096324411036538,0.25,0.16666666666666666,5.756756756756757,-0.025142064402494037,21.8125,4.05625,36,37.0,152.0,90,94.19999999999999,77,6,0,0,0,4.406976744186046,-0.06429249660597947,0.32558139534883723,0.9555555555555556,0.033281733746130034,,0.4888888888888889,,,1.6888888888888889,86.0,
00-0019594,Mike Anderson,2000,DEN,14,189.0,6.0,0,26.94592744695414,3,28.333333333333332,3.0,1.6666666666666667,30.0,0.7870370370370371,0.0967741935483871,0.0847457627118644,,4.741176470588235,0.0434447410315959,0.4117647058823529,0.2823529411764706,4.333333333333333,0.10325690492754773,147.33333333333334,23.066666666666663,85,9.0,14,21.214285714285715,2.2857142857142856,1.6428571428571428,22.857142857142858,0.6387096774193548,0.06597938144329897,0.0744336569579288,,5.05050505050505,0.05891349000774442,0.4107744107744108,0.25925925925925924,5.28125,0.2091177902693745,119.21428571428571,19.707142857142856,297,32.0,743.5,88,536.8000000000001,77,6,1,0,1,4.408872901678657,0.019128829396973704,0.407673860911271,9.477272727272727,0.3078626799557032,,0.9886363636363636,,,8.448863636363637,834.0,
00-0019609,Travis Prentice,2000,CLE,15,63.0,3.0,0,23.731690622861056,3,5.0,3.0,2.6666666666666665,7.666666666666667,0.19480519480519481,0.09782608695652174,0.13333333333333333,,3.3333333333333335,-0.32736694578391734,0.2,0.13333333333333333,7.222222222222222,-0.1923844336839185,38.333333333333336,8.5,15,9.0,15,11.533333333333333,2.8666666666666667,2.466666666666667,14.0,0.540625,0.09728506787330317,0.14285714285714285,,2.959537572254335,-0.16794731182221298,0.2947976878612717,0.17341040462427745,4.441860465116279,-0.2688307733252644,46.86666666666667,10.219999999999999,173,43.0,143.1,25,15.300000000000002,13,1,0,0,0,2.761627906976744,-0.18106569702833933,0.3023255813953488,6.88,0.3161764705882353,1.4,1.2,0.045278137128072445,3.8857142857142857,5.724,172.0,35.0
00-0019610,Reuben Droughns,2001,DET,4,81.0,3.0,0,23.030800821355236,3,8.0,1.3333333333333333,1.0,9.0,0.36923076923076925,0.0425531914893617,0.058823529411764705,,2.7916666666666665,-0.2691542236740741,0.16666666666666666,0.125,4.25,0.5812531769333885,28.0,5.8,24,4.0,4,7.5,1.25,1.0,8.5,0.3448275862068966,0.033112582781456956,0.04597701149425287,,2.4,-0.29942110606352795,0.13333333333333333,0.1,4.2,0.7241306800162428,23.25,4.824999999999999,30,5.0,698.7,99,696.8,98,7,2,0,0,3.9060773480662982,-0.11229793867583544,0.3734806629834254,9.141414141414142,0.3181019332161687,,1.2121212121212122,,,7.057575757575758,905.0,
00-0019614,Michael Wiley,2000,DAL,9,144.0,5.0,0,22.65571526351814,3,0.0,2.0,1.3333333333333333,1.3333333333333333,0.0,0.06976744186046512,0.0851063829787234,,,,,,5.5,0.353783089588094,11.0,4.433333333333334,0,6.0,9,2.6666666666666665,2.0,1.5555555555555556,4.222222222222222,0.10256410256410256,0.07407407407407407,0.1037037037037037,,3.6666666666666665,-0.17871577076579173,0.375,0.20833333333333334,4.0,-0.27361048456457104,17.77777777777778,3.5555555555555554,24,18.0,125.49999999999999,37,106.80000000000001,31,2,0,0,0,6.2875,0.1725183001336475,0.45,2.1621621621621623,0.07611798287345385,1.837837837837838,1.054054054054054,0.06967213114754098,4.147058823529412,3.3918918918918917,80.0,68.0
00-0019641,Thomas Jones,2000,ARI,14,7.0,1.0,0,22.036960985626283,3,15.0,4.666666666666667,2.6666666666666665,17.666666666666668,0.6818181818181818,0.125,0.11940298507462686,,2.4444444444444446,-0.3658416591064873,0.3333333333333333,0.17777777777777778,3.642857142857143,-0.0010569843559935644,53.666666666666664,7.366666666666666,45,14.0,14,8.0,3.2857142857142856,2.2857142857142856,10.285714285714286,0.3696369636963696,0.09871244635193133,0.11428571428571428,,3.330357142857143,-0.22624898132370946,0.375,0.20535714285714285,4.521739130434782,-0.2076247641130997,41.5,6.864285714285714,112,46.0,1944.6399999999999,176,1870.64,165,11,6,4,0,3.9757115749525616,-0.08025651574749353,0.3597722960151803,14.971590909090908,0.5165653793373848,,1.7045454545454546,,,11.049090909090909,2635.0,
00-0019643,Ron Dayne,2000,NYG,16,11.0,1.0,0,22.469541409993155,3,21.0,0.3333333333333333,0.3333333333333333,21.333333333333332,0.5206611570247934,0.011764705882352941,0.016129032258064516,,3.126984126984127,-0.10888743768021139,0.2857142857142857,0.2222222222222222,-2.0,-0.992108077276498,65.0,8.833333333333334,63,1.0,16,14.25,0.1875,0.1875,14.4375,0.44970414201183434,0.005859375,0.00964630225080386,,3.3771929824561404,-0.14282886464636793,0.31140350877192985,0.20614035087719298,3.6666666666666665,-0.598668681876333,48.8125,6.81875,228,3.0,600.7,87,518.1,74,6,0,0,0,3.8315217391304346,-0.08274151884819664,0.36086956521739133,10.574712643678161,0.3723188992310805,,0.6436781609195402,,,6.9045977011494255,920.0,
00-0019647,Shaun Alexander,2000,SEA,16,19.0,1.0,0,23.006160164271048,3,3.3333333333333335,1.3333333333333333,0.6666666666666666,4.0,0.13513513513513514,0.047619047619047616,0.038461538461538464,,4.2,0.11725523257046029,0.3,0.3,5.25,-0.30475005683547257,21.0,2.766666666666667,10,4.0,16,4.0,0.6875,0.3125,4.3125,0.1588089330024814,0.02217741935483871,0.016233766233766232,,4.890625,-0.07331094915753053,0.390625,0.3125,3.727272727272727,-0.5741044130991212,22.125,3.025,64,11.0,1941.2,120,1901.1,107,8,5,5,0,4.319246669728985,-0.029176945185578132,0.3803399173174093,18.141666666666666,0.6297367659820654,,1.775,,,16.176666666666666,2177.0,
00-0019673,Paul Smith,2000,SF,10,132.0,5.0,0,22.584531143052704,3,1.0,0.3333333333333333,0.0,1.0,0.05454545454545454,0.008130081300813009,0.0,,7.333333333333333,-0.158243821914463,0.6666666666666666,0.3333333333333333,0.0,-0.413599404972047,7.333333333333333,0.7333333333333334,3,1.0,10,1.8,0.3,0.2,2.0,0.07627118644067797,0.008310249307479225,0.008547008547008548,,4.0,-0.23712587706621782,0.2777777777777778,0.16666666666666666,18.333333333333332,0.9580059132034277,12.7,1.4700000000000002,18,3.0,59.0,43,46.5,36,6,0,0,0,4.372093023255814,-0.014452610260314191,0.3953488372093023,1.0,0.03653355989804588,,0.4186046511627907,,,1.372093023255814,43.0,
00-0019693,Jamal Lewis,2000,BAL,16,5.0,1.0,0,21.018480492813143,3,6.333333333333333,0.6666666666666666,0.6666666666666666,7.0,0.2638888888888889,0.020202020202020204,0.03333333333333333,,5.2105263157894735,-0.12004380439114012,0.2631578947368421,0.15789473684210525,11.0,0.629552331520245,40.333333333333336,4.7,19,2.0,16,19.3125,2.25,1.6875,21.0,0.6046966731898239,0.0736196319018405,0.09407665505226481,,4.414239482200648,-0.002244345153505106,0.39158576051779936,0.20064724919093851,8.222222222222221,-0.008857772356811585,103.75,14.1875,309,36.0,1779.1,128,1566.1999999999998,115,8,4,2,1,4.16,-0.08256691982656335,0.3603960396039604,19.7265625,0.6727950972555289,,1.7109375,,,13.89921875,2525.0,
00-0019712,Doug Chapman,2001,MIN,13,88.0,3.0,0,24.027378507871322,3,2.3333333333333335,1.0,1.0,3.3333333333333335,0.11475409836065574,0.02631578947368421,0.04,,3.7142857142857144,0.05622552125714729,0.5714285714285714,0.42857142857142855,5.666666666666667,0.013518295716495357,14.333333333333334,2.433333333333333,7,3.0,13,4.846153846153846,1.3846153846153846,1.2307692307692308,6.076923076923077,0.20388349514563106,0.04195804195804196,0.06130268199233716,,3.0952380952380953,-0.19492192802459224,0.25396825396825395,0.15873015873015872,7.5,0.11266285232661727,25.384615384615383,4.230769230769231,63,18.0,61.7,20,14.0,10,2,0,0,0,3.5060240963855422,-0.18035525525148677,0.26506024096385544,4.15,0.1509090909090909,,0.7,,,3.085,83.0,
00-0019722,J.R. Redmond,2000,NE,11,76.0,3.0,0,22.926762491444215,3,8.333333333333334,1.6666666666666667,1.0,9.333333333333334,0.2777777777777778,0.05434782608695652,0.05,,2.48,-0.33726893492043003,0.24,0.08,7.4,0.6767759608209324,33.0,6.3,25,5.0,11,11.363636363636363,2.6363636363636362,1.8181818181818181,13.181818181818182,0.41254125412541254,0.07988980716253444,0.09523809523809523,,3.248,-0.15099147237557917,0.288,0.112,4.344827586206897,-0.22794516299913437,48.36363636363637,8.29090909090909,125,29.0,182.9,39,110.60000000000001,31,4,0,0,0,3.633136094674556,-0.14293849386546564,0.3136094674556213,4.333333333333333,0.17512953367875647,,1.6666666666666667,,,4.68974358974359,169.0,
00-0019725,Rafael Cooper,2002,DET,5,,,1,27.64681724845996,3,3.0,0.0,0.0,3.0,0.16071428571428573,0.0,0.0,,5.666666666666667,0.050087908929627785,0.3333333333333333,0.4444444444444444,,,17.0,1.7,9,0.0,5,2.4,0.6,0.2,2.6,0.12371134020618557,0.01775147928994083,0.012195121951219513,,4.75,-0.09578058713426191,0.25,0.3333333333333333,1.3333333333333333,-3.00548222026555,12.2,1.42,12,3.0,2.0,2,0.0,0,0,0,0,0,2.0,-0.533386075325931,0.0,1.5,0.07317073170731707,1.5,0.5,0.04477611940298507,1.3333333333333333,1.0,3.0,3.0
00-0019794,Aveion Cason,2001,LA,6,,,1,22.140999315537304,3,0.6666666666666666,0.0,0.0,0.6666666666666666,0.024390243902439025,0.0,0.0,,0.0,-4.794466801336966,0.0,0.0,,,0.0,-0.6666666666666666,2,0.0,6,1.8333333333333333,0.6666666666666666,0.6666666666666666,2.5,0.07746478873239436,0.018957345971563982,0.03305785123966942,,2.8181818181818183,-1.1712127485291353,0.18181818181818182,0.09090909090909091,8.0,0.4828790450119425,10.5,1.383333333333333,11,4.0,215.18,50,204.88000000000002,47,7,0,0,0,4.532258064516129,-0.09475367300493004,0.3467741935483871,2.48,0.10239471511147812,,1.28,,,4.3036,124.0,
00-0019831,Nick Goings,2001,CAR,9,,,1,23.59753593429158,3,16.0,1.3333333333333333,1.0,17.0,0.631578947368421,0.044444444444444446,0.05172413793103448,,3.2291666666666665,-0.22235561179513752,0.2708333333333333,0.14583333333333334,3.25,-0.24383541042334422,56.0,6.6000000000000005,48,4.0,9,7.333333333333333,1.0,0.8888888888888888,8.222222222222221,0.3251231527093596,0.029605263157894735,0.046511627906976744,,2.984848484848485,-0.2885120474644337,0.24242424242424243,0.15151515151515152,4.333333333333333,-0.2657640593501536,26.22222222222222,3.511111111111111,66,9.0,377.20000000000005,86,365.4,80,7,1,0,0,3.7357954545454546,-0.1793599803856624,0.3125,4.093023255813954,0.14593698175787728,,1.244186046511628,,,4.3860465116279075,352.0,
00-0019863,Dominic Rhodes,2001,IND,15,,,1,22.622861054072555,3,1.3333333333333333,0.3333333333333333,0.3333333333333333,1.6666666666666667,0.04938271604938271,0.008849557522123894,0.0136986301369863,,5.25,0.043966519559035,0.75,0.25,8.0,0.154492154135369,9.666666666666666,1.3,4,1.0,15,15.533333333333333,3.6666666666666665,2.2666666666666666,17.8,0.571078431372549,0.10700389105058365,0.10429447852760736,,4.738197424892704,-0.08629265241607068,0.3776824034334764,0.2446351931330472,4.072727272727272,-0.34704613162594034,88.53333333333333,14.319999999999999,233,55.0,745.1999999999999,95,534.3,83,7,1,0,1,4.030864197530864,-0.11472910676354149,0.3802469135802469,8.526315789473685,0.31225905936777176,,1.5473684210526315,,,7.844210526315789,810.0,
00-0019889,Elvis Joseph,2001,JAX,13,,,1,23.006160164271048,3,6.666666666666667,1.3333333333333333,1.0,7.666666666666667,0.21739130434782608,0.03076923076923077,0.03529411764705882,,2.75,-0.40000958153468097,0.3,0.2,6.75,0.41634199937106997,27.333333333333332,5.066666666666667,20,4.0,13,5.230769230769231,1.8461538461538463,1.3846153846153846,6.615384615384615,0.15246636771300448,0.03877221324717286,0.04591836734693878,,4.323529411764706,-0.09129488429329223,0.4117647058823529,0.19117647058823528,7.625,-0.5153208941393482,36.69230769230769,6.284615384615384,68,24.0,66.5,21,0.0,11,1,0,0,0,4.979166666666667,0.037336239557286426,0.4583333333333333,2.2857142857142856,0.058823529411764705,1.0,0.7142857142857143,0.022292993630573247,7.428571428571429,3.1666666666666665,48.0,21.0
00-0020022,Marcel Shipp,2001,ARI,9,,,1,23.066392881587955,3,0.0,0.0,0.0,0.0,0.0,0.0,0.0,,,,,,,,0.0,0.0,0,0.0,9,0.0,0.0,0.0,0.0,0.0,0.0,0.0,,,,,,,,0.0,0.0,0,0.0,490.4,78,490.4,72,5,1,0,0,3.631404958677686,-0.180924490038957,0.36198347107438017,7.756410256410256,0.30509329299041854,,1.4487179487179487,,,6.287179487179487,605.0,
00-0020058,David Allen,2003,JAX,14,,,1,25.568788501026695,3,0.0,,0.0,0.0,0.0,,0.0,,,,,,,,0.0,0.0,0,,14,0.2857142857142857,,0.42857142857142855,0.7142857142857143,0.009280742459396751,,0.023622047244094488,,2.0,-0.26463136546954125,0.25,0.25,,,4.857142857142857,1.342857142857143,4,,21.6,20,2.8,9,2,0,0,0,2.0,-0.26463136546954125,0.25,0.2,0.006920415224913495,,0.4,,,1.08,4.0,
00-0020094,Stephen Trejo,2001,DET,12,,,1,23.78097193702943,3,0.0,0.0,0.0,0.0,0.0,0.0,0.0,,,,,,,,0.0,0.0,0,0.0,12,0.0,0.8333333333333334,0.4166666666666667,0.4166666666666667,0.0,0.02364066193853428,0.02145922746781116,,,,,,6.1,0.0975081217591652,5.083333333333333,0.9249999999999999,0,10.0,23.299999999999997,33,12.2,24,3,0,0,0,0.0,-0.416559275705367,0.0,0.030303030303030304,0.0013679890560875513,,0.36363636363636365,,,0.7060606060606059,1.0,
00-0020206,James Wofford,2002,MIN,3,,,1,24.238193018480494,3,0.0,0.0,0.0,0.0,0.0,0.0,0.0,,,,,,,,0.0,0.0,0,0.0,3,0.0,0.0,0.0,0.0,0.0,0.0,0.0,,,,,,,,0.0,0.0,0,0.0,0.0,0,0.0,0,0,0,0,0,,,,,,,,,,,,
00-0020270,Correll Buckhalter,2001,PHI,14,121.0,4.0,0,22.90485968514716,3,19.666666666666668,2.3333333333333335,1.6666666666666667,21.333333333333332,0.6483516483516484,0.07608695652173914,0.08771929824561403,,4.830508474576271,-0.16972543199018236,0.3050847457627119,0.1864406779661017,8.428571428571429,0.837423132046234,114.66666666666667,13.799999999999999,59,7.0,14,9.214285714285714,1.5,0.9285714285714286,10.142857142857142,0.3593314763231198,0.04849884526558892,0.051587301587301584,,4.542635658914729,-0.07849788681364105,0.3875968992248062,0.21705426356589147,6.190476190476191,0.2159310584468463,51.142857142857146,6.614285714285714,129,21.0,671.5000000000001,98,620.3000000000001,87,6,0,0,0,4.4614093959731544,-0.06072780862095571,0.40436241610738255,6.081632653061225,0.23483057525610718,,1.4081632653061225,,,6.852040816326531,596.0,
00-0020315,Derrick Blaylock,2002,KC,10,150.0,5.0,0,23.025325119780973,3,0.3333333333333333,0.6666666666666666,0.0,0.3333333333333333,0.01098901098901099,0.023529411764705882,0.0,,4.0,1.09290467231767,1.0,0.0,0.0,-0.459631409496069,1.3333333333333333,0.13333333333333333,1,2.0,10,1.6,1.0,0.5,2.1,0.05442176870748299,0.03484320557491289,0.027624309392265192,,4.5,-0.15043643415629027,0.375,0.125,4.7,-0.3463245930033734,11.9,1.69,16,10.0,258.3,40,241.8,33,4,0,0,0,4.137055837563452,-0.021232520079244623,0.4365482233502538,4.925,0.16982758620689656,,1.325,,,6.4575000000000005,197.0,
00-0020376,Dee Brown,2002,CAR,12,175.0,6.0,0,24.306639288158795,3,4.333333333333333,1.3333333333333333,0.6666666666666666,5.0,0.14606741573033707,0.0449438202247191,0.0392156862745098,,3.8461538461538463,-0.45153555209945917,0.23076923076923078,0.15384615384615385,1.5,-0.3436672278476183,18.666666666666668,1.8666666666666665,13,4.0,12,8.5,2.75,1.4166666666666667,9.916666666666666,0.3128834355828221,0.09295774647887324,0.08585858585858586,,3.5294117647058822,-0.19737124180194815,0.3333333333333333,0.19607843137254902,2.606060606060606,-0.20170667271026102,37.166666666666664,6.966666666666666,102,33.0,95.29999999999998,34,17.299999999999997,25,4,0,0,0,3.349056603773585,-0.18078684210503052,0.330188679245283,3.1176470588235294,0.10133843212237094,,0.5588235294117647,,,2.8029411764705876,106.0,
00-0020391,Jameel Cook,2001,TB,10,174.0,6.0,0,22.562628336755647,3,0.6666666666666666,2.0,1.6666666666666667,2.3333333333333335,0.021052631578947368,0.06818181818181818,0.07352941176470588,,1.0,-0.43118224630598,0.0,0.0,3.6666666666666665,-0.174035335832741,8.0,2.4666666666666663,2,6.0,10,0.2,2.3,1.7,1.9,0.006734006734006734,0.0701219512195122,0.07906976744186046,,1.0,-0.43118224630598,0.0,0.0,3.869565217391304,-0.11724657486395336,9.1,2.6100000000000003,2,23.0,145.9,67,127.2,60,7,0,0,0,3.4166666666666665,-0.1709571746177969,0.25,0.1791044776119403,0.006423982869379015,,1.1791044776119404,,,2.1776119402985077,12.0,
00-0020403,Anthony Thomas,2001,CHI,14,38.0,2.0,0,23.81656399726215,3,4.666666666666667,0.6666666666666666,0.3333333333333333,5.0,0.19718309859154928,0.019230769230769232,0.015384615384615385,,4.714285714285714,-0.028971884840368008,0.21428571428571427,0.21428571428571427,4.0,0.0452665116172285,24.666666666666668,4.8,14,2.0,14,19.857142857142858,2.142857142857143,1.5714285714285714,21.428571428571427,0.6763990267639902,0.0641025641025641,0.0763888888888889,,4.255395683453237,-0.008905387538294564,0.3776978417266187,0.20503597122302158,5.933333333333334,0.2656586472158474,97.21428571428571,14.435714285714285,278,30.0,699.3,80,511.6000000000001,69,6,0,0,1,3.7135922330097086,-0.11109028773091247,0.3466019417475728,12.875,0.46627433227704845,,1.4,,,8.741249999999999,1030.0,
00-0020417,Benjamin Gay,2001,CLE,14,,,1,21.508555783709788,3,0.0,0.0,0.0,0.0,0.0,0.0,0.0,,,,,,,,0.0,0.0,0,0.0,14,3.642857142857143,0.5,0.2857142857142857,3.9285714285714284,0.13144329896907217,0.015909090909090907,0.0149812734082397,,3.372549019607843,-0.21000130073505224,0.27450980392156865,0.23529411764705882,1.5714285714285714,-1.0502714680291576,13.071428571428571,1.7357142857142858,51,7.0,24.3,11,0.0,0,0,0,0,0,3.372549019607843,-0.21000130073505224,0.27450980392156865,4.636363636363637,0.19245283018867926,0.6363636363636364,0.36363636363636365,0.021604938271604937,1.5714285714285714,2.209090909090909,51.0,7.0
00-0020430,James Jackson,2001,CLE,11,65.0,3.0,0,25.075975359342916,3,18.333333333333332,0.6666666666666666,0.3333333333333333,18.666666666666668,0.4700854700854701,0.016260162601626018,0.013888888888888888,,3.2545454545454544,-0.13384268630126653,0.34545454545454546,0.18181818181818182,8.0,0.8091998484451339,65.0,6.833333333333333,55,2.0,11,17.727272727272727,0.9090909090909091,0.6363636363636364,18.363636363636363,0.6190476190476191,0.029069767441860465,0.035,,2.841025641025641,-0.1837640965852934,0.3076923076923077,0.15384615384615385,5.6,0.22900295263971224,55.45454545454545,7.090909090909091,195,10.0,164.90000000000003,39,107.39999999999999,31,4,0,0,0,3.3444444444444446,-0.16674081325285126,0.3296296296296296,6.923076923076923,0.272452068617558,,0.7948717948717948,,,4.228205128205129,270.0,
00-0020448,Travis Minor,2001,MIA,16,85.0,3.0,0,22.17385352498289,3,0.3333333333333333,0.6666666666666666,0.6666666666666666,1.0,0.010869565217391304,0.025,0.0425531914893617,,1.0,-0.226488059852272,0.0,0.0,6.5,0.1959876804612575,4.666666666666667,1.1333333333333333,1,2.0,16,3.6875,2.3125,1.8125,5.5,0.12473572938689217,0.08240534521158129,0.10545454545454545,,4.762711864406779,0.05308417124108511,0.3559322033898305,0.2033898305084746,7.108108108108108,0.11148598575442714,34.0,6.3375,59,37.0,288.7,101,190.7,88,7,0,0,0,4.026058631921824,-0.04687581223339285,0.34527687296416937,3.0396039603960396,0.1079465541490858,,0.6435643564356436,,,2.8584158415841583,307.0,
00-0020462,LaMont Jordan,2001,NYJ,13,49.0,2.0,0,22.806297056810404,3,2.0,1.0,0.3333333333333333,2.3333333333333335,0.07142857142857142,0.0375,0.022222222222222223,,4.166666666666667,-0.2676843293205215,0.16666666666666666,0.16666666666666666,-0.3333333333333333,-0.568115400286236,8.0,1.1333333333333333,6,3.0,13,3.0,0.7692307692307693,0.5384615384615384,3.5384615384615383,0.10427807486631016,0.026385224274406333,0.03111111111111111,,7.487179487179487,0.39224800369804097,0.46153846153846156,0.358974358974359,4.4,0.07864713927265292,25.846153846153847,4.046153846153846,39,10.0,836.1,103,786.9000000000001,93,8,1,1,0,4.162738496071829,-0.04144978956351007,0.3771043771043771,8.650485436893204,0.3016249153689912,,1.5242718446601942,,,8.11747572815534,891.0,
00-0020471,Travis Henry,2001,BUF,13,58.0,2.0,0,22.84188911704312,3,17.0,2.6666666666666665,2.0,19.0,0.7083333333333334,0.08888888888888889,0.10714285714285714,,2.4901960784313726,-0.376701514640659,0.27450980392156865,0.0784313725490196,6.125,-0.0530354266447825,58.666666666666664,9.2,51,8.0,13,16.384615384615383,2.076923076923077,1.6923076923076923,18.076923076923077,0.6103151862464183,0.05806451612903226,0.07534246575342465,,3.4225352112676055,-0.15675197629284832,0.3568075117370892,0.1596244131455399,6.62962962962963,-0.01031664232847494,69.84615384615384,10.215384615384615,213,27.0,1022.8000000000001,84,917.6,74,6,3,1,0,4.141863699582754,-0.08924245081763392,0.38317107093184977,17.11904761904762,0.627673505019642,,1.6071428571428572,,,12.176190476190477,1438.0,
00-0020474,Kevan Barlow,2001,SF,15,80.0,3.0,0,22.650239561943874,3,9.0,1.3333333333333333,1.3333333333333333,10.333333333333334,0.28125,0.043010752688172046,0.06557377049180328,,5.222222222222222,0.11025963317068256,0.5185185185185185,0.3333333333333333,3.5,-0.1932959832047345,51.666666666666664,8.5,27,4.0,15,8.333333333333334,1.8666666666666667,1.4666666666666666,9.8,0.26824034334763946,0.059322033898305086,0.07357859531772576,,4.096,-0.002308385406620734,0.408,0.216,8.821428571428571,0.4631485791531822,50.6,8.526666666666666,125,28.0,815.3000000000001,81,712.9000000000001,69,5,2,0,0,3.862311557788945,-0.10114293858603916,0.349748743718593,12.283950617283951,0.42667238421955406,,1.728395061728395,,,10.065432098765433,995.0,
00-0020487,Dan Alexander,2001,TEN,3,192.0,6.0,0,23.460643394934976,3,0.0,0.0,0.0,0.0,0.0,0.0,0.0,,,,,,,,0.0,0.0,0,0.0,3,0.0,0.0,0.0,0.0,0.0,0.0,0.0,,,,,,,,0.0,0.0,0,0.0,0.0,1,0.0,1,1,0,0,0,,,,0.0,0.0,0.0,0.0,0.0,,0.0,0.0,0.0
00-0020514,Michael Bennett,2001,MIN,13,27.0,1.0,0,23.052703627652292,3,13.333333333333334,5.0,4.333333333333333,17.666666666666668,0.5333333333333333,0.1271186440677966,0.17105263157894737,,3.6,-0.25725360643006623,0.275,0.05,4.733333333333333,0.18713358116025733,71.66666666666667,11.5,40,15.0,13,13.23076923076923,2.923076923076923,2.230769230769231,15.461538461538462,0.5714285714285714,0.08351648351648351,0.10283687943262411,,3.9651162790697674,-0.07556110423175719,0.37790697674418605,0.13372093023255813,5.947368421052632,0.1239929095134263,69.84615384615384,10.599999999999998,172,38.0,719.8,94,616.5,84,9,1,0,0,4.440699126092385,-0.07269659081714472,0.35081148564294634,8.52127659574468,0.3113097551496308,,1.553191489361702,,,7.657446808510638,801.0,
00-0020527,Deuce McAllister,2001,NO,16,23.0,1.0,0,22.680355920602327,3,0.6666666666666666,0.0,0.0,0.6666666666666666,0.023529411764705882,0.0,0.0,,1.0,-0.9750634473820681,0.0,0.0,,,0.6666666666666666,0.06666666666666667,2,0.0,16,1.0,1.25,0.9375,1.9375,0.03818615751789976,0.03683241252302026,0.04792332268370607,,5.6875,0.16845459254819423,0.3125,0.25,8.3,0.1378203770727852,16.0625,3.5737499999999995,16,20.0,1324.28,94,1267.3,81,7,4,2,0,4.2703081232493,-0.06345430442007341,0.3641456582633053,15.191489361702128,0.5657686212361331,,2.4893617021276597,,,14.088085106382978,1428.0,
00-0020536,LaDainian Tomlinson,2001,LAC,16,5.0,1.0,0,22.193018480492814,3,28.0,1.6666666666666667,1.3333333333333333,29.333333333333332,0.7058823529411765,0.06756756756756757,0.08888888888888889,,3.6904761904761907,-0.07525654022010382,0.4166666666666667,0.2261904761904762,10.8,0.52205343816895,121.33333333333333,22.133333333333336,84,5.0,16,21.1875,4.625,3.6875,24.875,0.7793103448275862,0.13703703703703704,0.19093851132686085,,3.646017699115044,-0.14240598159887727,0.3480825958702065,0.1976401179941003,4.95945945945946,-0.22330883643767624,100.1875,16.83125,339,74.0,3382.62,167,3179.7200000000003,154,10,8,7,1,4.3260025873221215,-0.005965328917094095,0.3809831824062096,18.51497005988024,0.6385790995456423,,3.712574850299401,,,20.255209580838322,3092.0,
00-0020564,Delvin Joyce,2002,NYG,12,,,1,23.94524298425736,3,0.6666666666666666,0.3333333333333333,0.3333333333333333,1.0,0.02564102564102564,0.011111111111111112,0.017241379310344827,,1.0,-0.6530316611751915,0.0,0.0,5.0,-0.0041900714859366,2.3333333333333335,0.5666666666666668,2,1.0,12,0.16666666666666666,0.16666666666666666,0.08333333333333333,0.25,0.0053475935828877,0.005025125628140704,0.0040650406504065045,,1.0,-0.6530316611751915,0.0,0.0,2.5,-0.1418241184437648,0.5833333333333334,0.1416666666666667,2,2.0,5.6,23,5.6,14,1,0,0,0,3.5454545454545454,-0.4280740496787161,0.36363636363636365,0.4782608695652174,0.017377567140600316,,0.13043478260869565,,,0.2434782608695652,11.0,
00-0020587,Jamal Robertson,2002,SF,4,,,1,25.639972621492127,3,0.0,0.0,0.0,0.0,0.0,0.0,0.0,,,,,,,,0.0,0.0,0,0.0,4,0.0,0.0,0.0,0.0,0.0,0.0,0.0,,,,,,,,0.0,0.0,0,0.0,40.2,24,40.199999999999996,23,3,0,0,0,4.0,-0.22889909953934492,0.4032258064516129,2.5833333333333335,0.08959537572254335,,0.16666666666666666,,,1.675,62.0,
00-0020700,James Mungro,2002,IND,9,,,1,24.54757015742642,3,16.333333333333332,3.0,2.6666666666666665,19.0,0.5568181818181818,0.08108108108108109,0.09523809523809523,,3.5510204081632653,-0.27803605379375185,0.32653061224489793,0.16326530612244897,5.888888888888889,0.03585455765917899,75.66666666666667,13.566666666666668,49,9.0,9,10.777777777777779,1.7777777777777777,1.4444444444444444,12.222222222222221,0.36742424242424243,0.04819277108433735,0.05855855855855856,,3.463917525773196,-0.21035279940547588,0.3711340206185567,0.2268041237113402,5.0625,-0.057831907633539445,46.333333333333336,10.966666666666667,97,16.0,116.4,27,58.4,21,3,0,0,0,3.0476190476190474,-0.18508942145618906,0.38095238095238093,3.111111111111111,0.11081794195250659,,0.5925925925925926,,,4.311111111111111,84.0,
00-0020739,Ricky Williams,2002,IND,5,,,1,24.008213552361397,3,1.0,0.3333333333333333,0.3333333333333333,1.3333333333333333,0.04225352112676056,0.008064516129032258,0.012658227848101266,,7.0,0.40780086974458,1.0,0.3333333333333333,20.0,3.31834451062605,13.666666666666666,3.6999999999999997,3,1.0,5,2.2,0.4,0.2,2.4,0.08088235294117647,0.010752688172043012,0.008771929824561403,,3.1818181818181817,-0.16446963061620912,0.5454545454545454,0.18181818181818182,10.0,1.4832945371745165,11.0,2.4999999999999996,11,2.0,68.59999999999998,15,67.19999999999999,13,1,0,0,0,3.017857142857143,-0.1744109559960114,0.3392857142857143,3.7333333333333334,0.1320754716981132,,1.4666666666666666,,,4.573333333333332,56.0,
00-0020820,Jesse Chatman,2002,LAC,6,,,1,22.94318959616701,3,1.6666666666666667,0.0,0.0,1.6666666666666667,0.08064516129032258,0.0,0.0,,3.6,-0.0655523838475348,0.2,0.2,,,6.0,0.6,5,0.0,6,1.0,0.5,0.5,1.5,0.039735099337748346,0.013574660633484163,0.02127659574468085,,3.1666666666666665,-0.578642366027149,0.16666666666666666,0.16666666666666666,14.666666666666666,0.7480247005393407,10.5,1.5499999999999998,6,3.0,182.4,47,174.89999999999998,44,4,0,0,0,4.507246376811594,-0.08148332821750487,0.3719806763285024,4.404255319148936,0.15777439024390244,,0.8297872340425532,,,3.8808510638297875,207.0,
00-0020849,Charles Stackhouse,2002,NYG,14,,,1,22.390143737166323,3,0.0,0.6666666666666666,0.3333333333333333,0.3333333333333333,0.0,0.018518518518518517,0.0136986301369863,,,,,,5.5,-0.11490679369308049,3.6666666666666665,0.7000000000000001,0,2.0,14,0.0,1.2857142857142858,0.9285714285714286,0.9285714285714286,0.0,0.0391304347826087,0.04377104377104377,,,,,,4.888888888888889,-0.10282907935957472,6.285714285714286,2.6999999999999997,0,18.0,44.7,18,9.0,7,1,0,0,0,0.0,-1.64517105324194,0.0,0.05555555555555555,0.0018050541516245488,,1.0,,,2.4833333333333334,1.0,
00-0020917,Joe Burns,2002,BUF,3,,,1,22.962354551676935,3,1.6666666666666667,0.0,0.0,1.6666666666666667,0.05747126436781609,0.0,0.0,,1.4,-0.615876481577288,0.2,0.0,,,2.3333333333333335,0.2333333333333333,5,0.0,3,1.6666666666666667,0.0,0.0,1.6666666666666667,0.05747126436781609,0.0,0.0,,1.4,-0.615876481577288,0.2,0.0,,,2.3333333333333335,0.2333333333333333,5,0.0,42.4,36,42.4,36,3,0,0,0,3.152542372881356,-0.23467638326603601,0.23728813559322035,1.6388888888888888,0.059959349593495935,,0.25,,,1.1777777777777778,59.0,
00-0020964,Tony Fisher,2002,GB,13,,,1,22.888432580424368,3,1.0,0.3333333333333333,0.3333333333333333,1.3333333333333333,0.03614457831325301,0.008928571428571428,0.013888888888888888,,1.6666666666666667,-0.3029941909764253,0.0,0.0,11.0,0.879641260486096,5.333333333333333,0.8666666666666667,3,1.0,13,5.384615384615385,1.6923076923076923,1.3846153846153846,6.769230769230769,0.18716577540106952,0.04856512141280353,0.0636042402826855,,4.042857142857143,-0.02677231366840868,0.38571428571428573,0.21428571428571427,3.1818181818181817,-0.3007774098587553,27.153846153846153,4.869230769230769,70,22.0,388.08,61,327.38,51,4,0,0,0,3.7142857142857144,-0.09081029628780352,0.3697478991596639,3.901639344262295,0.13901869158878505,,2.262295081967213,,,6.361967213114754,238.0,
00-0020973,Woody Dantzler,2002,DAL,5,,,1,22.910335386721425,3,0.0,0.0,0.0,0.0,0.0,0.0,0.0,,,,,,,,0.0,2.0,0,0.0,5,0.0,0.0,0.0,0.0,0.0,0.0,0.0,,,,,,,,0.0,1.2,0,0.0,8.1,9,8.1,7,1,0,0,0,2.625,-0.06667868156364423,0.375,0.8888888888888888,0.0392156862745098,,0.0,,,0.8999999999999999,8.0,
00-0021031,John Simon,2002,TEN,11,,,1,23.72347707049966,3,0.3333333333333333,1.0,1.0,1.3333333333333333,0.011764705882352941,0.03,0.04838709677419355,,1.0,1.09143328852952,1.0,0.0,7.0,0.8208954643147696,7.333333333333333,3.733333333333333,1,3.0,11,0.8181818181818182,1.5454545454545454,1.4545454545454546,2.272727272727273,0.02459016393442623,0.04461942257217848,0.06504065040650407,,2.0,-0.10931383965200635,0.4444444444444444,0.3333333333333333,9.823529411764707,0.8462788664071605,16.818181818181817,5.318181818181819,9,17.0,53.300000000000004,12,6.0,4,1,0,0,0,2.3636363636363638,-0.19973328419093245,0.36363636363636365,0.9166666666666666,0.028871391076115485,,1.3333333333333333,,,4.441666666666667,11.0,
00-0021048,Damien Anderson,2002,ARI,7,,,1,23.12662559890486,3,7.666666666666667,1.6666666666666667,1.0,8.666666666666666,0.2948717948717949,0.05102040816326531,0.05454545454545454,,2.652173913043478,-0.24991461761427392,0.13043478260869565,0.13043478260869565,7.2,0.27941715582273996,32.333333333333336,4.233333333333333,23,5.0,7,3.4285714285714284,1.0,0.42857142857142855,3.857142857142857,0.14285714285714285,0.029166666666666667,0.023255813953488372,,2.7083333333333335,-0.24441980455109533,0.125,0.125,5.142857142857143,0.08447788674883341,14.428571428571429,1.8714285714285714,24,7.0,17.7,21,17.3,17,3,0,0,0,3.6818181818181817,-0.20902098467393626,0.36363636363636365,1.0476190476190477,0.04044117647058824,,0.2857142857142857,,,0.8428571428571429,22.0,
00-0021087,Omar Easy,2002,KC,6,107.0,4.0,0,24.840520191649556,3,0.0,0.0,0.0,0.0,0.0,0.0,0.0,,,,,,,,0.0,0.0,0,0.0,6,0.0,0.8333333333333334,0.5,0.5,0.0,0.026041666666666668,0.024793388429752067,,,,,,4.6,0.10173860593931794,3.8333333333333335,1.8833333333333335,0,5.0,16.3,22,5.0,19,3,0,0,0,0.25,-0.92050579295028,0.0,0.18181818181818182,0.006837606837606838,,0.2727272727272727,,,0.740909090909091,4.0,
00-0021098,Josh Scobey,2003,ARI,15,185.0,6.0,0,23.72347707049966,3,0.0,,0.0,0.0,0.0,,0.0,,,,,,,,0.0,2.0,0,,15,0.0,,0.06666666666666667,0.06666666666666667,0.0,,0.0036363636363636364,,,,,,,,0.6,0.5266666666666667,0,,47.9,54,46.0,42,4,0,0,0,3.2962962962962963,-0.13329763042557086,0.3333333333333333,0.5,0.01706700379266751,,0.35185185185185186,,,0.887037037037037,27.0,
00-0021150,William Green,2002,CLE,16,16.0,1.0,0,22.70773442847365,3,11.0,1.3333333333333333,0.3333333333333333,11.333333333333334,0.4925373134328358,0.03333333333333333,0.012345679012345678,,2.393939393939394,-0.4981352688963385,0.24242424242424243,0.09090909090909091,1.25,-1.5365702393464733,28.0,1.7999999999999998,33,4.0,16,15.1875,1.6875,1.0,16.1875,0.5560640732265446,0.04864864864864865,0.04597701149425287,,3.6502057613168724,-0.1277042415705554,0.34156378600823045,0.15637860082304528,4.185185185185185,-0.30814040002749393,62.5,9.25,243,27.0,320.2,41,177.6,28,3,0,0,0,3.794392523364486,-0.15247364409464728,0.34953271028037386,13.048780487804878,0.4921803127874885,,1.0731707317073171,,,7.809756097560975,535.0,
00-0021164,DeShaun Foster,2003,CAR,14,34.0,2.0,0,23.641341546885695,3,4.666666666666667,,1.6666666666666667,6.333333333333333,0.1320754716981132,,0.11904761904761904,,5.142857142857143,-0.35621705046755164,0.2857142857142857,0.07142857142857142,,,30.666666666666668,4.066666666666666,14,,14,8.071428571428571,,1.8571428571428572,9.928571428571429,0.24301075268817204,,0.10699588477366255,,3.7964601769911503,-0.1668142795328063,0.3274336283185841,0.19469026548672566,,,45.42857142857143,6.828571428571427,113,,672.1,71,588.6999999999999,60,5,1,0,0,3.8304157549234135,-0.1444318048160859,0.35776805251641136,12.873239436619718,0.4504682109413504,,1.9154929577464788,,,9.466197183098592,914.0,
00-0021179,Clinton Portis,2002,DEN,16,51.0,2.0,0,20.999315537303218,3,9.0,0.3333333333333333,0.3333333333333333,9.333333333333334,0.2903225806451613,0.013157894736842105,0.0196078431372549,,5.518518518518518,0.27616766314410307,0.5555555555555556,0.25925925925925924,4.0,0.116108038351275,51.0,7.433333333333333,27,1.0,16,17.0625,3.0,2.0625,19.125,0.5973741794310722,0.08872458410351201,0.09192200557103064,,5.523809523809524,0.1582641720537279,0.5128205128205128,0.2893772893772894,7.583333333333333,0.06423886394064865,117.0,19.7625,273,48.0,1878.6799999999998,110,1584.78,97,8,5,5,1,4.436677258284158,-0.023873662794257983,0.40535633227417156,20.027272727272727,0.6675757575757576,,2.2363636363636363,,,17.07890909090909,2203.0,
00-0021182,Maurice Morris,2002,SEA,11,54.0,2.0,0,22.751540041067763,3,2.3333333333333335,0.3333333333333333,0.3333333333333333,2.6666666666666665,0.1111111111111111,0.009900990099009901,0.014705882352941176,,5.0,0.10797837888821958,0.5714285714285714,0.2857142857142857,6.0,-5.6964981117635,13.666666666666666,1.0333333333333334,7,1.0,11,2.909090909090909,0.2727272727272727,0.2727272727272727,3.1818181818181817,0.11469534050179211,0.007633587786259542,0.012711864406779662,,4.78125,-0.018201486884208865,0.40625,0.1875,8.333333333333334,-2.014698109337283,16.181818181818183,2.2545454545454544,32,3.0,739.4,135,717.7,127,9,0,0,0,4.194895591647332,-0.09959898707130749,0.35266821345707655,6.385185185185185,0.23085163363685057,,1.1185185185185185,,,5.477037037037037,862.0,
00-0021184,Ladell Betts,2002,WAS,11,56.0,2.0,0,23.014373716632445,3,1.3333333333333333,1.3333333333333333,1.0,2.3333333333333335,0.05970149253731343,0.041666666666666664,0.061224489795918366,,0.5,-0.9630706862080833,0.0,0.0,14.75,0.6161419064010261,20.333333333333332,3.0333333333333337,4,4.0,11,5.909090909090909,1.5454545454545454,1.0909090909090908,7.0,0.19696969696969696,0.041666666666666664,0.05555555555555555,,4.723076923076923,-0.14665765793210644,0.2923076923076923,0.2,9.058823529411764,0.2347477255697254,41.90909090909091,5.6454545454545455,65,17.0,772.1000000000001,107,719.1000000000001,99,8,1,1,0,4.068543451652387,-0.1065793199998179,0.36107711138310894,7.635514018691588,0.2545171339563863,,1.7289719626168225,,,7.215887850467291,817.0,
00-0021209,Lamar Gordon,2002,LA,12,84.0,3.0,0,22.650239561943874,3,3.3333333333333335,2.0,1.6666666666666667,5.0,0.17543859649122806,0.049586776859504134,0.058823529411764705,,5.9,0.28626712678815297,0.5,0.3,11.0,0.3237616026308383,41.666666666666664,9.833333333333334,10,6.0,12,5.416666666666667,3.1666666666666665,2.5,7.916666666666667,0.2549019607843137,0.08050847457627118,0.09584664536741214,,3.5076923076923077,-0.3109676546533592,0.2923076923076923,0.16923076923076924,7.315789473684211,0.266975680503037,42.166666666666664,7.883333333333333,65,38.0,180.89999999999995,36,115.8,27,4,0,0,0,3.310185185185185,-0.1956923793559527,0.3472222222222222,6.0,0.24856156501726123,,1.5833333333333333,,,5.024999999999999,216.0,
00-0021216,Brian Westbrook,2002,PHI,14,91.0,3.0,0,22.99794661190965,3,4.666666666666667,0.6666666666666666,0.6666666666666666,5.333333333333333,0.18421052631578946,0.018018018018018018,0.02857142857142857,,3.857142857142857,-0.2745890419256672,0.5,0.21428571428571427,16.5,1.30671647854615,29.0,4.566666666666666,14,2.0,14,3.2857142857142856,0.9285714285714286,0.6428571428571429,3.9285714285714284,0.09935205183585313,0.025540275049115914,0.029801324503311258,,4.195652173913044,-0.09652274717165267,0.45652173913043476,0.2391304347826087,6.615384615384615,-0.22267794509895683,19.928571428571427,2.707142857142857,46,13.0,1887.1,116,1862.8999999999999,105,8,6,5,0,4.567055393586005,0.002114819386969839,0.39868804664723034,11.827586206896552,0.451761606848864,,3.8017241379310347,,,16.268103448275863,1372.0,
00-0021223,Jonathan Wells,2002,HOU,16,99.0,4.0,0,23.11567419575633,3,9.666666666666666,1.0,1.0,10.666666666666666,0.32222222222222224,0.046875,0.10714285714285714,,3.9310344827586206,-0.1470707425428576,0.3103448275862069,0.10344827586206896,6.666666666666667,0.2906629159891356,44.666666666666664,5.466666666666666,29,3.0,16,12.3125,0.75,0.5625,12.875,0.43201754385964913,0.02654867256637168,0.035856573705179286,,2.685279187817259,-0.28491129371789825,0.23857868020304568,0.1065989847715736,4.0,-0.011480193973208269,36.0625,5.16875,197,12.0,246.6,48,180.30000000000004,35,3,0,0,0,3.0521739130434784,-0.21924108637039835,0.30144927536231886,7.1875,0.2580403889304413,,0.8541666666666666,,,5.1375,345.0,
00-0021252,Najeh Davenport,2002,GB,8,135.0,4.0,0,23.561943874058862,3,8.0,2.0,1.3333333333333333,9.333333333333334,0.26666666666666666,0.04918032786885246,0.047058823529411764,,3.8333333333333335,-0.10240204156606375,0.375,0.16666666666666666,5.166666666666667,-0.8348578346194699,41.0,5.433333333333334,24,6.0,8,4.875,1.125,0.625,5.5,0.17972350230414746,0.030100334448160536,0.025510204081632654,,4.717948717948718,-0.15786453375852388,0.358974358974359,0.20512820512820512,3.6666666666666665,-0.7656217897310849,27.125,3.8375,39,9.0,365.40000000000003,69,351.0,64,6,0,0,0,4.667567567567567,-0.005822545315993607,0.4,5.36231884057971,0.18031189083820662,,0.7246376811594203,,,5.2956521739130435,370.0,
00-0021253,Jarrod Baxter,2002,HOU,13,136.0,5.0,0,23.482546201232033,3,1.3333333333333333,0.3333333333333333,0.0,1.3333333333333333,0.044444444444444446,0.015625,0.0,,2.0,-0.31591268681222573,0.25,0.5,0.0,-0.700765108689666,2.6666666666666665,0.26666666666666666,4,1.0,13,0.5384615384615384,0.7692307692307693,0.38461538461538464,0.9230769230769231,0.01804123711340206,0.028985507246376812,0.026595744680851064,,2.0,-0.48156723228748927,0.14285714285714285,0.2857142857142857,3.3,-0.17649979118723463,3.6153846153846154,1.2076923076923076,7,10.0,17.7,16,2.8,6,2,0,0,0,1.4,-0.6685218416852884,0.0,0.3125,0.011210762331838564,,0.4375,,,1.10625,5.0,
00-0021306,Adrian Peterson,2002,CHI,6,199.0,6.0,0,23.170431211498972,3,1.0,0.3333333333333333,0.3333333333333333,1.3333333333333333,0.04,0.008928571428571428,0.01639344262295082,,3.6666666666666665,-0.078066341384935,0.3333333333333333,0.0,7.0,0.371517533203587,6.0,0.9333333333333332,3,1.0,6,3.1666666666666665,0.6666666666666666,0.5,3.6666666666666665,0.1310344827586207,0.020512820512820513,0.02702702702702703,,5.315789473684211,0.13491936728793302,0.42105263157894735,0.21052631578947367,4.5,-0.06016389741853251,19.833333333333332,3.483333333333333,19,4.0,318.36,84,300.26,81,7,0,0,0,4.12987012987013,-0.04290698248537907,0.38961038961038963,3.6666666666666665,0.13333333333333333,,0.9166666666666666,,,3.79,308.0,
00-0021314,Chester Taylor,2002,BAL,15,207.0,6.0,0,22.94318959616701,3,1.6666666666666667,1.0,0.3333333333333333,2.0,0.0684931506849315,0.030612244897959183,0.01818181818181818,,1.8,-0.059572758548893004,0.2,0.0,1.6666666666666667,-0.35519950469147216,4.666666666666667,0.8000000000000002,5,3.0,15,2.2,1.4666666666666666,0.9333333333333333,3.1333333333333333,0.08312342569269521,0.049217002237136466,0.05622489959839357,,3.696969696969697,0.014073332062146405,0.3939393939393939,0.12121212121212122,5.863636363636363,0.17193806702394962,16.733333333333334,3.5399999999999996,33,22.0,1174.3600000000001,147,1123.66,135,9,2,0,0,4.089177489177489,-0.1247043193532386,0.3489177489177489,7.857142857142857,0.2697967764540995,,2.0272108843537415,,,7.988843537414967,1155.0,
00-0021357,Rock Cartwright,2002,WAS,12,257.0,7.0,0,22.746064339493497,3,0.0,0.6666666666666666,0.6666666666666666,0.6666666666666666,0.0,0.02,0.03225806451612903,,,,,,14.5,0.72991602390539,9.666666666666666,1.6333333333333335,0,2.0,12,0.25,1.0833333333333333,0.9166666666666666,1.1666666666666667,0.008695652173913044,0.03324808184143223,0.05,,7.333333333333333,0.21732306901443132,0.6666666666666666,0.6666666666666666,9.307692307692308,0.3993007395541867,11.916666666666666,2.6083333333333334,3,13.0,261.6,135,235.2,126,9,0,0,0,4.192982456140351,-0.09616030388173237,0.43859649122807015,1.6888888888888889,0.056843679880329095,,0.45925925925925926,,,1.937777777777778,228.0,
00-0021376,T.J. Duckett,2002,ATL,12,18.0,1.0,0,21.53593429158111,3,9.666666666666666,0.3333333333333333,0.3333333333333333,10.0,0.3020833333333333,0.013333333333333334,0.020833333333333332,,4.758620689655173,0.14836763082171103,0.6551724137931034,0.3103448275862069,0.0,-0.746425475925207,46.0,4.933333333333334,29,1.0,12,10.833333333333334,0.9166666666666666,0.75,11.583333333333334,0.34574468085106386,0.03323262839879154,0.04568527918781726,,3.9,-0.0694904527801317,0.4,0.2153846153846154,5.545454545454546,0.07104598336048806,47.333333333333336,7.483333333333334,130,11.0,583.9,86,508.9,77,6,0,0,0,3.88953488372093,-0.06978696972457495,0.37209302325581395,8.0,0.27674979887369267,,0.3953488372093023,,,6.78953488372093,688.0,
00-0021387,Jamar Martin,2003,DAL,4,129.0,4.0,0,23.38672142368241,3,1.0,,0.3333333333333333,1.3333333333333333,0.025210084033613446,,0.017857142857142856,,2.0,0.028250426364441656,0.6666666666666666,0.6666666666666666,,,4.0,0.7333333333333333,3,,4,1.0,,0.5,1.5,0.028169014084507043,,0.024096385542168676,,1.75,-0.037273673020536004,0.5,0.5,,,4.0,0.8999999999999999,4,,6.8999999999999995,5,5.5,4,2,0,0,0,1.0,-0.233845971175469,0.0,0.2,0.008064516129032258,,1.0,,,1.38,1.0,
00-0021528,Avon Cobourne,2003,DET,7,,,1,24.490075290896645,3,1.0,,1.3333333333333333,2.3333333333333335,0.045454545454545456,,0.05970149253731343,,1.3333333333333333,-0.5518378728690233,0.0,0.0,,,11.333333333333334,2.4666666666666663,3,,7,1.4285714285714286,,0.5714285714285714,2.0,0.06134969325153374,,0.02877697841726619,,2.7,-0.6545140880421968,0.1,0.1,,,8.142857142857142,1.3857142857142857,10,,2.3,4,0.0,0,0,0,0,0,3.2857142857142856,-0.6985181802592711,0.14285714285714285,1.75,0.07216494845360824,,0.0,,,0.575,7.0,
00-0021673,ReShard Lee,2004,DAL,12,,,1,23.887748117727583,3,4.333333333333333,,0.0,4.333333333333333,0.18571428571428572,,0.0,,4.615384615384615,0.15125936513784538,0.38461538461538464,0.3076923076923077,,,20.0,4.0,13,,12,2.25,,0.08333333333333333,2.3333333333333335,0.08385093167701864,,0.004291845493562232,,4.7407407407407405,-0.022729014201710744,0.37037037037037035,0.2962962962962963,,,11.0,1.6833333333333333,27,,60.29999999999999,30,52.099999999999994,21,2,0,0,0,3.391304347826087,-0.4850944801987877,0.3695652173913043,1.5333333333333334,0.059431524547803614,,0.7333333333333333,,,2.01,46.0,
00-0021747,Kerry Carter,2003,SEA,8,,,1,22.699520876112253,3,0.0,,0.0,0.0,0.0,,0.0,,,,,,,,0.0,0.0,0,,8,0.375,,0.0,0.375,0.013513513513513514,,0.0,,-0.6666666666666666,-0.38673270928362996,0.0,0.0,,,-0.25,-0.025,3,,1.3,14,1.5,9,1,0,0,0,1.8571428571428572,-0.036297250655479694,0.2857142857142857,0.5,0.01627906976744186,,0.0,,,0.09285714285714286,7.0,
00-0021750,Arlen Harris,2003,LA,16,,,1,23.359342915811087,3,0.3333333333333333,,0.3333333333333333,0.6666666666666666,0.015384615384615385,,0.012345679012345678,,5.0,0.180998673778959,1.0,0.0,,,5.333333333333333,0.8666666666666667,1,,16,5.3125,,0.9375,6.25,0.20681265206812652,,0.03978779840848806,,3.0,-0.11281563404419023,0.3411764705882353,0.18823529411764706,,,22.3125,4.66875,85,,157.0,46,84.89999999999999,33,3,0,0,0,2.963855421686747,-0.1784382140345915,0.3072289156626506,3.608695652173913,0.1596153846153846,,0.8695652173913043,,,3.4130434782608696,166.0,
00-0021755,Earnest Graham,2004,TB,7,,,1,24.629705681040384,3,2.0,,0.0,2.0,0.07692307692307693,,0.0,,5.0,-0.053294323074321005,0.16666666666666666,0.16666666666666666,,,10.0,1.0,6,,7,1.8571428571428572,,0.0,1.8571428571428572,0.07262569832402235,,0.0,,5.615384615384615,0.12947333523502147,0.46153846153846156,0.15384615384615385,,,10.428571428571429,1.042857142857143,13,,515.3000000000001,79,511.0000000000001,75,7,1,1,0,4.282377919320594,-0.06507954810238281,0.37367303609341823,5.962025316455696,0.22175141242937854,,1.6329113924050633,,,6.522784810126583,471.0,
00-0021810,Ian Smart,2004,TB,3,,,1,24.50924024640657,3,0.6666666666666666,,0.6666666666666666,1.3333333333333333,0.024096385542168676,,0.03225806451612903,,13.0,0.4618013643776075,0.5,0.5,,,12.0,1.8666666666666665,2,,3,0.6666666666666666,,0.6666666666666666,1.3333333333333333,0.024096385542168676,,0.03225806451612903,,13.0,0.4618013643776075,0.5,0.5,,,12.0,1.8666666666666665,2,,0.0,0,0.0,0,0,0,0,0,,,,,,,,,,,,
00-0021936,Andrew Pinnock,2003,LAC,4,229.0,7.0,0,23.471594798083505,3,0.0,,0.0,0.0,0.0,,0.0,,,,,,,,0.0,0.0,0,,4,0.0,,0.0,0.0,0.0,,0.0,,,,,,,,0.0,0.0,0,,12.7,15,12.7,14,4,0,0,0,3.111111111111111,-0.21624090114594732,0.2222222222222222,1.2,0.039045553145336226,,0.26666666666666666,,,0.8466666666666666,18.0,
00-0021938,Brock Forsey,2003,CHI,5,206.0,6.0,0,23.55373032169747,3,15.666666666666666,,1.0,16.666666666666668,0.5222222222222223,,0.04918032786885246,,4.148936170212766,0.09037562192323552,0.40425531914893614,0.2553191489361702,,,77.33333333333333,12.733333333333334,47,,5,10.0,,0.6,10.6,0.3333333333333333,,0.030927835051546393,,3.82,0.03064705688622779,0.38,0.24,,,45.6,7.5600000000000005,50,,4.9,6,5.300000000000001,4,1,0,0,0,2.227272727272727,-0.2858602769688744,0.3181818181818182,3.6666666666666665,0.13095238095238096,,0.0,,,0.8166666666666668,22.0,
00-0021976,Larry Johnson,2003,KC,5,27.0,1.0,0,23.783709787816566,3,3.0,,0.0,3.0,0.0891089108910891,,0.0,,3.6666666666666665,-0.1759262181359288,0.3333333333333333,0.1111111111111111,,,11.0,1.1,9,,5,4.0,,0.2,4.2,0.12269938650306748,,0.009174311926605505,,4.25,0.016180956832249942,0.35,0.25,,,17.4,3.1399999999999997,20,,1260.56,79,1248.16,77,8,2,2,0,4.351904090267983,-0.018450360815545498,0.3843441466854725,17.949367088607595,0.6109435588108574,,1.9493670886075949,,,15.95645569620253,1418.0,
00-0021979,Domanick Williams,2003,HOU,14,101.0,4.0,0,22.915811088295687,3,9.333333333333334,,2.0,11.333333333333334,0.29473684210526313,,0.10526315789473684,,4.0,-0.1323612922111948,0.32142857142857145,0.10714285714285714,,,58.666666666666664,7.2,28,,14,17.0,,3.357142857142857,20.357142857142858,0.6397849462365591,,0.22065727699530516,,4.331932773109243,-0.0736763953764063,0.3445378151260504,0.19747899159663865,,,98.71428571428571,16.22857142857143,238,,732.5,37,526.9000000000001,26,2,2,1,1,4.149797570850202,-0.08571433705992479,0.340080971659919,20.027027027027028,0.7286135693215339,,4.027027027027027,,,19.7972972972973,741.0,
00-0022006,Artose Pinner,2003,DET,3,99.0,4.0,0,25.65366187542779,3,13.0,,1.6666666666666667,14.666666666666666,0.4875,,0.09433962264150944,,2.5384615384615383,-0.2801313616592105,0.28205128205128205,0.07692307692307693,,,46.333333333333336,6.3,39,,3,13.0,,1.6666666666666667,14.666666666666666,0.4875,,0.09433962264150944,,2.5384615384615383,-0.2801313616592105,0.28205128205128205,0.07692307692307693,,,46.333333333333336,6.3,39,,182.89999999999998,38,182.89999999999998,38,4,0,0,0,3.623809523809524,-0.045076610072402296,0.4,5.526315789473684,0.21671826625386997,,0.8947368421052632,,,4.813157894736841,210.0,
00-0022011,Justin Griffith,2003,ATL,14,121.0,4.0,0,23.1129363449692,3,3.0,,1.3333333333333333,4.333333333333333,0.1267605633802817,,0.08,,5.0,0.1255811718163182,0.6666666666666666,0.2222222222222222,,,27.0,4.033333333333333,9,,14,2.7142857142857144,,1.5,4.214285714285714,0.09743589743589744,,0.10824742268041238,,4.421052631578948,0.06430523279031096,0.5526315789473685,0.3157894736842105,,,20.714285714285715,4.428571428571429,38,,341.09999999999997,83,291.2,72,6,0,0,0,4.329411764705882,0.005169782284826588,0.43529411764705883,1.0240963855421688,0.03313840155945419,,1.6506024096385543,,,4.109638554216867,85.0,
00-0022057,LaBrandon Toefield,2003,JAX,16,132.0,4.0,0,22.934976043805612,3,3.3333333333333335,,0.6666666666666666,4.0,0.13333333333333333,,0.03076923076923077,,2.3,-0.14422565313089702,0.3,0.1,,,10.666666666666666,1.7333333333333332,10,,16,3.3125,,0.875,4.1875,0.1101871101871102,,0.0462046204620462,,4.0,-0.005537181674952586,0.3584905660377358,0.18867924528301888,,,19.8125,4.061249999999999,53,,178.98,40,119.20000000000002,27,4,0,0,0,3.588235294117647,-0.12686607185428445,0.37254901960784315,3.825,0.1293322062552832,,1.1,,,4.4745,153.0,
00-0022092,Chris Brown,2003,TEN,11,93.0,3.0,0,22.373716632443532,3,4.0,,0.6666666666666666,4.666666666666667,0.14634146341463414,,0.03571428571428571,,2.0,-0.3967043847757541,0.16666666666666666,0.08333333333333333,,,15.0,2.1666666666666665,12,,11,5.090909090909091,,0.7272727272727273,5.818181818181818,0.1702127659574468,,0.0380952380952381,,3.9464285714285716,-0.19753643355527714,0.32142857142857145,0.16071428571428573,,,25.636363636363637,3.290909090909091,56,,566.2,65,536.5,57,5,1,0,0,4.234132581100141,-0.11712436923964072,0.37940761636107195,10.907692307692308,0.38532608695652176,,1.353846153846154,,,8.710769230769232,709.0,
00-0022093,Justin Fargas,2003,LV,10,96.0,3.0,0,23.600273785078713,3,2.6666666666666665,,0.3333333333333333,3.0,0.17391304347826086,,0.018518518518518517,,8.875,-0.06540069864422626,0.125,0.125,,,25.666666666666668,2.9,8,,10,4.0,,0.2,4.2,0.15151515151515152,,0.010471204188481676,,5.075,-0.13094543522529462,0.3,0.25,,,20.5,2.05,40,,509.7,82,497.9,75,6,1,0,0,4.024390243902439,-0.10965897272395358,0.37073170731707317,10.0,0.37494284407864653,,0.926829268292683,,,6.215853658536585,820.0,
00-0022095,Quentin Griffin,2003,DEN,9,108.0,4.0,0,22.633812457221083,3,6.333333333333333,,1.0,7.333333333333333,0.2087912087912088,,0.05454545454545454,,2.1578947368421053,-0.4693022418283174,0.15789473684210525,0.05263157894736842,,,19.333333333333332,2.2666666666666666,19,,9,10.444444444444445,,0.8888888888888888,11.333333333333334,0.2874617737003058,,0.05161290322580645,,3.6702127659574466,-0.06554416987521361,0.3404255319148936,0.14893617021276595,,,45.111111111111114,5.177777777777777,94,,99.69999999999999,12,59.900000000000006,6,1,0,0,0,3.84375,-0.10717457798642845,0.35,13.333333333333334,0.36446469248291574,,1.25,,,8.308333333333332,160.0,
00-0022116,Tony Hollings,2003,HOU,12,48.0,2.0,0,21.749486652977414,3,4.0,,0.3333333333333333,4.333333333333333,0.15789473684210525,,0.015151515151515152,,5.0,-0.21819957650344168,0.3333333333333333,0.25,,,26.333333333333332,2.3000000000000003,12,,12,3.1666666666666665,,0.16666666666666666,3.3333333333333335,0.12258064516129032,,0.011428571428571429,,2.6842105263157894,-0.34121143084868033,0.23684210526315788,0.10526315789473684,,,10.583333333333334,0.8916666666666667,38,,18.1,15,14.299999999999999,6,2,0,0,0,2.4054054054054053,-0.3151704315670353,0.2702702702702703,2.466666666666667,0.09296482412060302,,0.4,,,1.2066666666666668,37.0,
00-0022130,Musa Smith,2003,BAL,5,77.0,3.0,0,21.253935660506503,3,1.6666666666666667,,0.0,1.6666666666666667,0.053763440860215055,,0.0,,2.0,0.38611862081452203,0.2,0.2,,,3.3333333333333335,2.3333333333333335,5,,5,1.8,,0.0,1.8,0.05027932960893855,,0.0,,3.4444444444444446,0.5641970258471289,0.2222222222222222,0.2222222222222222,,,6.2,3.02,9,,154.89999999999998,36,146.79999999999998,34,4,0,0,0,3.826771653543307,-0.12963983139351248,0.30708661417322836,3.5277777777777777,0.12129894937917861,,1.5,,,4.302777777777777,127.0,
00-0022138,Onterrio Smith,2003,MIN,15,105.0,4.0,0,22.729637234770706,3,7.0,,1.0,8.0,0.23076923076923078,,0.058823529411764705,,4.428571428571429,-0.03343086134243228,0.42857142857142855,0.2857142857142857,,,36.333333333333336,6.633333333333333,21,,15,7.133333333333334,,1.0,8.133333333333333,0.23464912280701755,,0.04716981132075472,,5.411214953271028,0.10905092230818778,0.48598130841121495,0.2616822429906542,,,47.2,7.8533333333333335,107,,251.70000000000002,23,153.8,11,1,0,0,0,4.904761904761905,0.02847717265918087,0.4142857142857143,9.130434782608695,0.3343949044585987,,2.0869565217391304,,,10.943478260869567,210.0,
00-0022174,Erik Bickerstaff,2003,DAL,4,,,1,23.10198494182067,3,5.666666666666667,,0.0,5.666666666666667,0.15454545454545454,,0.0,,3.0,-0.14804263700909182,0.29411764705882354,0.17647058823529413,,,17.0,3.7000000000000006,17,,4,4.75,,0.0,4.75,0.14285714285714285,,0.0,,2.9473684210526314,-0.15643216364122467,0.3157894736842105,0.15789473684210525,,,14.0,2.9000000000000004,19,,0.5,1,0.0,0,0,0,0,0,2.5,-0.227743140014354,0.5,2.0,0.08695652173913043,,0.0,,,0.5,2.0,
00-0022178,Willis McGahee,2004,BUF,15,23.0,1.0,0,22.863791923340177,3,6.333333333333333,,0.6666666666666666,7.0,0.23170731707317074,,0.0425531914893617,,3.6842105263157894,0.0035505326048129084,0.3684210526315789,0.3157894736842105,,,28.0,3.466666666666667,19,,15,18.933333333333334,,1.4666666666666666,20.4,0.6228070175438597,,0.09016393442622951,,3.971830985915493,-0.06842012320270253,0.38380281690140844,0.22535211267605634,,,86.46666666666667,15.046666666666665,284,,1560.8999999999999,136,1345.6000000000001,124,9,3,1,1,4.048169556840077,-0.07512970531731683,0.3805394990366089,15.264705882352942,0.5212151644489078,,1.5294117647058822,,,11.47720588235294,2076.0,
00-0022180,Lee Suggs,2003,CLE,7,115.0,4.0,0,23.055441478439427,3,1.6666666666666667,,0.0,1.6666666666666667,0.06493506493506493,,0.0,,1.0,-0.434108524746262,0.2,0.0,,,1.6666666666666667,0.16666666666666666,5,,7,8.0,,0.2857142857142857,8.285714285714286,0.2931937172774869,,0.015748031496062992,,5.160714285714286,0.06396111839714667,0.44642857142857145,0.23214285714285715,,,41.285714285714285,5.842857142857143,56,,178.6,23,138.2,19,3,0,0,0,4.049242424242424,-0.12995146084976802,0.3939393939393939,11.478260869565217,0.4183835182250396,,1.2173913043478262,,,7.765217391304348,264.0,
00-0022206,Kenton Keith,2007,IND,16,,,1,27.132101300479125,3,4.333333333333333,,0.3333333333333333,4.666666666666667,0.1625,,0.015151515151515152,,4.153846153846154,0.01671244783434439,0.38461538461538464,0.15384615384615385,,,17.333333333333332,2.066666666666667,13,,16,7.5625,,0.8125,8.375,0.2713004484304933,,0.036619718309859155,,4.404958677685951,0.08253549802320236,0.47107438016528924,0.35537190082644626,,,38.125,6.125000000000001,121,,91.79999999999998,13,0.0,0,0,0,0,0,4.435185185185185,0.09045864295334266,0.48148148148148145,8.307692307692308,0.29508196721311475,,0.9230769230769231,,,7.06153846153846,108.0,
00-0022217,Mewelde Moore,2004,MIN,10,119.0,4.0,0,22.10814510609172,3,7.0,,4.666666666666667,11.666666666666666,0.2876712328767123,,0.15384615384615385,,4.761904761904762,-0.0074505325478856676,0.5714285714285714,0.09523809523809523,,,68.0,11.466666666666667,21,,10,6.5,,2.7,9.2,0.27310924369747897,,0.1062992125984252,,5.8307692307692305,0.06995171362404867,0.5384615384615384,0.24615384615384617,,,61.7,8.870000000000001,65,,708.1400000000001,115,653.8399999999999,108,8,0,0,0,4.458847736625515,-0.07100081206859885,0.3888888888888889,4.226086956521739,0.15532118887823587,,1.791304347826087,,,6.157739130434783,486.0,
00-0022250,Willie Parker,2004,PIT,5,,,1,23.805612594113622,3,4.0,,0.3333333333333333,4.333333333333333,0.09375,,0.02857142857142857,,5.833333333333333,0.07453632369872716,0.4166666666666667,0.3333333333333333,,,27.333333333333332,3.066666666666667,12,,5,6.4,,0.6,7.0,0.15841584158415842,,0.05263157894736842,,5.8125,0.16966045271960706,0.4375,0.25,,,40.4,4.640000000000001,32,,839.3000000000001,72,825.3000000000002,70,5,3,1,0,4.279032258064516,-0.07227030305219942,0.3604838709677419,17.22222222222222,0.5600722673893406,,1.1666666666666667,,,11.656944444444445,1240.0,
00-0022255,Jarrett Payton,2005,TEN,11,,,1,24.681724845995895,3,4.666666666666667,,0.0,4.666666666666667,0.1891891891891892,,0.0,,4.214285714285714,-0.26659475172969643,0.35714285714285715,0.35714285714285715,,,19.666666666666668,3.966666666666667,14,,11,3.0,,0.5454545454545454,3.5454545454545454,0.11743772241992882,,0.02390438247011952,,3.1818181818181817,-0.2228212676039248,0.30303030303030304,0.21212121212121213,,,12.272727272727273,2.8636363636363638,33,,19.6,8,0.0,0,0,0,0,0,2.4210526315789473,-0.19056712140598775,0.2631578947368421,2.375,0.09178743961352658,,0.75,,,2.45,19.0,
00-0022363,Joey Harris,2004,CAR,3,,,1,23.704312114989733,3,5.0,,0.0,5.0,0.22058823529411764,,0.0,,3.533333333333333,-0.15210672788089158,0.3333333333333333,0.2,,,17.666666666666668,1.7666666666666666,15,,3,5.0,,0.0,5.0,0.22058823529411764,,0.0,,3.533333333333333,-0.15210672788089158,0.3333333333333333,0.2,,,17.666666666666668,1.7666666666666666,15,,0.0,0,0.0,0,0,0,0,0,,,,,,,,,,,,
00-0022384,Larry Croom,2004,ARI,6,,,1,22.84188911704312,3,0.3333333333333333,,0.3333333333333333,0.6666666666666666,0.009615384615384616,,0.02,,2.0,-0.476365903392434,0.0,0.0,,,3.3333333333333335,0.6666666666666666,1,,6,4.833333333333333,,0.3333333333333333,5.166666666666667,0.16022099447513813,,0.01904761904761905,,2.6206896551724137,-0.2826086625834156,0.20689655172413793,0.10344827586206896,,,15.333333333333334,1.8666666666666665,29,,9.2,3,0.0,0,0,0,0,0,2.642857142857143,-0.2756887611259507,0.21428571428571427,9.333333333333334,0.36363636363636365,,0.3333333333333333,,,3.0666666666666664,28.0,
00-0022449,B.J. Sams,2004,BAL,16,,,1,23.84120465434634,3,0.3333333333333333,,0.0,0.3333333333333333,0.009900990099009901,,0.0,,8.0,1.00183784752153,1.0,1.0,,,2.6666666666666665,0.26666666666666666,1,,16,0.25,,0.0625,0.3125,0.008146639511201629,,0.003875968992248062,,4.75,0.6526250370457227,0.75,0.5,,,1.3125,1.31875,4,,20.3,43,0.0,30,4,0,0,0,3.6666666666666665,0.5362207668871204,0.6666666666666666,0.06976744186046512,0.0024489795918367346,,0.023255813953488372,,,0.472093023255814,3.0,
00-0022538,Shaud Williams,2004,BUF,4,,,1,23.915126625598905,3,13.666666666666666,,1.0,14.666666666666666,0.38317757009345793,,0.058823529411764705,,4.024390243902439,0.006871595789395359,0.3902439024390244,0.1951219512195122,,,61.333333333333336,11.133333333333333,41,,4,10.5,,0.75,11.25,0.328125,,0.04477611940298507,,3.9761904761904763,-0.00419892401380065,0.38095238095238093,0.19047619047619047,,,46.5,8.4,42,,45.3,21,45.1,20,2,0,0,0,3.4375,-0.2921487266913371,0.2708333333333333,2.2857142857142856,0.0867992766726944,,0.8095238095238095,,,2.157142857142857,48.0,
00-0022564,Ronnie Cruz,2005,KC,6,,,1,24.22450376454483,3,0.0,,0.3333333333333333,0.3333333333333333,0.0,,0.015625,,,,,,,,5.0,0.8333333333333334,0,,6,0.0,,0.16666666666666666,0.16666666666666666,0.0,,0.0078125,,,,,,,,2.5,0.4166666666666667,0,,5.9,7,5.9,4,1,0,0,0,3.8,-0.16295282419305285,0.2,0.7142857142857143,0.024509803921568627,,0.2857142857142857,,,0.8428571428571429,5.0,
00-0022736,Steven Jackson,2004,LA,14,24.0,1.0,0,21.114305270362767,3,4.0,,0.0,4.0,0.2,,0.0,,6.25,-0.02707033050925668,0.5,0.4166666666666667,,,25.0,1.8333333333333333,12,,14,9.571428571428571,,1.3571428571428572,10.928571428571429,0.38285714285714284,,0.05604719764011799,,5.022388059701493,0.05831677213411229,0.47761194029850745,0.27611940298507465,,,61.57142857142857,9.228571428571428,134,,2412.7799999999997,157,2289.08,146,11,8,5,0,4.129266521423384,-0.08904919873888206,0.36891793754538854,17.54140127388535,0.694577553593947,,2.929936305732484,,,15.368025477707004,2754.0,
00-0022770,Derrick Ward,2004,NYG,5,235.0,7.0,0,24.005475701574266,3,0.0,,0.0,0.0,0.0,,0.0,,,,,,,,0.0,2.0,0,,5,0.0,,0.0,0.0,0.0,,0.0,,,,,,,,0.0,1.2,0,,526.2,79,526.2,77,7,1,0,0,4.76491862567812,-0.00010216113776052114,0.39421338155515373,7.0,0.2440423654015887,,1.2151898734177216,,,6.660759493670887,553.0,
00-0022782,Kevin Jones,2004,DET,15,30.0,1.0,0,22.031485284052017,3,10.333333333333334,,0.6666666666666666,11.0,0.43661971830985913,,0.03773584905660377,,3.2580645161290325,-0.2546732993646255,0.2903225806451613,0.22580645161290322,,,49.333333333333336,5.6000000000000005,31,,15,16.066666666666666,,1.8666666666666667,17.933333333333334,0.6426666666666667,,0.10408921933085502,,4.7012448132780085,-0.04198615568347331,0.3941908713692946,0.23651452282157676,,,87.53333333333333,12.886666666666665,241,,693.9,60,517.4000000000001,48,4,1,0,1,4.024869109947644,-0.09847037450009181,0.36910994764397903,12.733333333333333,0.5338923829489868,,2.3666666666666667,,,11.565,764.0,
00-0022797,Thomas Tapeh,2004,PHI,4,162.0,5.0,0,24.42984257357974,3,3.3333333333333335,,0.0,3.3333333333333335,0.10416666666666667,,0.0,,2.9,-0.1594914263638198,0.2,0.2,,,9.666666666666666,0.9666666666666667,10,,4,3.0,,0.5,3.5,0.10084033613445378,,0.02857142857142857,,3.5,-0.1790569654792001,0.16666666666666666,0.25,,,14.25,1.9249999999999998,12,,52.699999999999996,22,47.9,21,3,0,0,0,3.3333333333333335,-0.18942887303516454,0.25,0.5454545454545454,0.02027027027027027,,1.2272727272727273,,,2.395454545454545,12.0,
00-0022821,Michael Turner,2004,LAC,5,154.0,5.0,0,22.548939082819988,3,1.6666666666666667,,0.0,1.6666666666666667,0.043478260869565216,,0.0,,3.4,0.0671509571606294,0.4,0.2,,,5.666666666666667,0.5666666666666667,5,,5,4.0,,0.8,4.8,0.11494252873563218,,0.05,,5.2,0.0631092342780903,0.3,0.2,,,22.4,2.6399999999999997,20,,1234.8999999999999,119,1223.4,117,8,4,2,0,4.477675840978593,-0.033942791127308615,0.3675840978593272,13.739495798319327,0.4596570143379252,,0.5882352941176471,,,10.377310924369747,1635.0,
00-0022825,Troy Fleming,2004,TEN,14,191.0,6.0,0,23.917864476386036,3,0.0,,0.3333333333333333,0.3333333333333333,0.0,,0.0196078431372549,,,,,,,,1.3333333333333333,0.4666666666666666,0,,14,0.5,,1.3571428571428572,1.8571428571428572,0.01837270341207349,,0.05956112852664577,,5.714285714285714,0.20568264245853937,0.2857142857142857,0.2857142857142857,,,14.571428571428571,3.6714285714285717,7,,72.9,21,22.9,10,1,0,0,0,5.714285714285714,0.2056826424585394,0.2857142857142857,0.3333333333333333,0.013157894736842105,,1.3333333333333333,,,3.4714285714285715,7.0,
00-0022840,Julius Jones,2004,DAL,8,43.0,2.0,0,23.04996577686516,3,22.666666666666668,,1.0,23.666666666666668,0.6601941747572816,,0.058823529411764705,,3.6323529411764706,-0.1428699764526675,0.36764705882352944,0.17647058823529413,,,86.66666666666667,13.0,68,,8,24.625,,2.125,26.75,0.7975708502024291,,0.11724137931034483,,4.157360406091371,-0.06232778142879537,0.39593908629441626,0.2233502538071066,,,116.0,18.225,197,,846.3000000000002,91,739.5000000000001,86,6,1,0,0,3.9678747940691927,-0.11007545250649722,0.34349258649093906,13.340659340659341,0.49510603588907015,,1.6153846153846154,,,9.300000000000002,1214.0,
00-0022872,Cedric Cobbs,2004,NE,3,128.0,4.0,0,23.644079397672826,3,7.333333333333333,,0.0,7.333333333333333,0.2619047619047619,,0.0,,2.272727272727273,-0.3929528233103074,0.2727272727272727,0.13636363636363635,,,16.666666666666668,1.0,22,,3,7.333333333333333,,0.0,7.333333333333333,0.2619047619047619,,0.0,,2.272727272727273,-0.3929528233103074,0.2727272727272727,0.13636363636363635,,,16.666666666666668,1.0,22,,0.9,2,0.9,2,1,0,0,0,3.0,-0.289690437610261,0.0,1.5,0.05084745762711865,,0.0,,,0.45,3.0,
00-0022883,Adimchinobe Echemandu,2004,CLE,3,208.0,7.0,0,23.7782340862423,3,2.6666666666666665,,1.0,3.6666666666666665,0.12698412698412698,,0.075,,3.125,-0.6925463049701654,0.25,0.25,,,16.666666666666668,2.0,8,,3,2.6666666666666665,,1.0,3.6666666666666665,0.12698412698412698,,0.075,,3.125,-0.6925463049701654,0.25,0.25,,,16.666666666666668,2.0,8,,9.600000000000001,8,9.600000000000001,8,3,0,0,0,4.25,-0.28518574059708,0.3,2.5,0.0975609756097561,,0.25,,,1.2000000000000002,20.0,
00-0022893,Tatum Bell,2004,DEN,10,41.0,2.0,0,23.50171115674196,3,2.6666666666666665,,0.0,2.6666666666666665,0.07476635514018691,,0.0,,4.0,-0.09642033364798412,0.5,0.125,,,10.666666666666666,1.0666666666666667,8,,10,7.5,,0.5,8.0,0.2077562326869806,,0.027624309392265192,,5.28,0.13677177411014657,0.48,0.24,,,47.6,6.860000000000001,75,,466.99999999999994,45,401.59999999999997,38,4,1,0,0,4.885918003565062,-0.014757143272808653,0.37076648841354726,12.466666666666667,0.399288256227758,,1.5777777777777777,,,10.377777777777776,561.0,
00-0023064,Marquis Weeks,2006,SEA,7,,,1,25.913757700205338,3,1.0,,0.0,1.0,0.039473684210526314,,0.0,,2.6666666666666665,0.11577387514989834,1.0,0.0,,,2.6666666666666665,0.26666666666666666,3,,7,0.42857142857142855,,0.0,0.42857142857142855,0.015706806282722512,,0.0,,2.6666666666666665,0.11577387514989834,1.0,0.0,,,1.1428571428571428,0.1142857142857143,3,,0.0,4,0.0,0,0,0,0,0,,,,0.0,0.0,,0.0,,,0.0,0.0,
00-0023074,Samkon Gado,2005,GB,8,,,1,22.80082135523614,3,17.333333333333332,,1.6666666666666667,19.0,0.65,,0.06756756756756757,,3.326923076923077,-0.03567221523578195,0.36538461538461536,0.21153846153846154,,,62.333333333333336,15.899999999999999,52,,8,17.875,,1.25,19.125,0.7079207920792079,,0.0546448087431694,,4.06993006993007,0.014073156004188505,0.36363636363636365,0.20279720279720279,,,82.375,14.4875,143,,193.7,36,125.5,31,4,0,0,0,3.699074074074074,-0.07284884627686157,0.3194444444444444,6.0,0.24188129899216126,,1.0555555555555556,,,5.3805555555555555,216.0,
00-0023159,Kay-Jay Harris,2006,LA,7,,,1,27.433264887063654,3,0.0,,0.3333333333333333,0.3333333333333333,0.0,,0.014492753623188406,,,,,,,,3.3333333333333335,0.6666666666666666,0,,7,0.42857142857142855,,0.2857142857142857,0.7142857142857143,0.015873015873015872,,0.012658227848101266,,3.0,-0.6552203850199767,0.0,0.0,,,4.142857142857143,0.7000000000000001,3,,2.9,4,0.0,0,0,0,0,0,3.0,-0.6552203850199767,0.0,0.75,0.022727272727272728,,0.25,,,0.725,3.0,
00-0023192,Tyson Thompson,2005,DAL,15,,,1,24.281998631074607,3,3.6666666666666665,,0.3333333333333333,4.0,0.11827956989247312,,0.017857142857142856,,3.5454545454545454,0.020822735469751826,0.45454545454545453,0.18181818181818182,,,15.666666666666666,1.9000000000000001,11,,15,3.066666666666667,,0.2,3.2666666666666666,0.0942622950819672,,0.010638297872340425,,3.9565217391304346,-0.04002415185645281,0.3695652173913043,0.1956521739130435,,,13.2,1.5199999999999998,46,,31.5,27,14.400000000000002,15,2,0,0,0,3.661290322580645,-0.13208588634499346,0.3064516129032258,2.2962962962962963,0.0746987951807229,,0.07407407407407407,,,1.1666666666666667,62.0,
00-0023437,Ronnie Brown,2005,MIA,15,2.0,1.0,0,23.720739219712527,3,19.0,,1.6666666666666667,20.666666666666668,0.7037037037037037,,0.08620689655172414,,3.9298245614035086,-0.053256577590027054,0.3508771929824561,0.17543859649122806,,,82.66666666666667,11.933333333333332,57,,15,13.8,,2.1333333333333333,15.933333333333334,0.5098522167487685,,0.11552346570397112,,4.381642512077295,-0.07138777328279054,0.37681159420289856,0.19806763285024154,,,75.93333333333334,11.193333333333332,207,,1173.72,123,1041.6200000000001,111,9,3,0,1,4.215510204081633,-0.049576064652092015,0.3983673469387755,9.959349593495935,0.35797779076563413,,1.9593495934959348,,,9.542439024390244,1225.0,
00-0023439,Cedric Benson,2005,CHI,9,4.0,1.0,0,22.677618069815196,3,8.0,,0.0,8.0,0.2696629213483146,,0.0,,2.7083333333333335,-0.5649757749973409,0.25,0.125,,,21.666666666666668,1.5,24,,9,7.444444444444445,,0.1111111111111111,7.555555555555555,0.2375886524822695,,0.0078125,,4.059701492537314,-0.26202339325326074,0.3283582089552239,0.1791044776119403,,,30.555555555555557,2.9444444444444446,67,,978.9,93,956.9,87,7,2,0,0,3.7767913760304377,-0.12550967434869792,0.362714013950539,16.956989247311828,0.59375,,1.2903225806451613,,,10.525806451612903,1577.0,
00-0023440,Cadillac Williams,2005,TB,14,5.0,1.0,0,23.364818617385353,3,29.333333333333332,,0.3333333333333333,29.666666666666668,0.7857142857142857,,0.0196078431372549,,4.931818181818182,0.0713743504030462,0.4090909090909091,0.2159090909090909,,,144.66666666666666,18.8,88,,14,20.714285714285715,,1.4285714285714286,22.142857142857142,0.7286432160804021,,0.07751937984496124,,4.062068965517241,-0.05144939419980594,0.38620689655172413,0.18620689655172415,,,89.92857142857143,12.707142857142856,290,,728.1000000000001,78,606.6000000000001,67,6,0,0,1,3.727461139896373,-0.11282051906025634,0.3461139896373057,12.371794871794872,0.4693579766536965,,1.8974358974358974,,,9.334615384615386,965.0,
00-0023479,J.J. Arrington,2005,ARI,15,44.0,2.0,0,22.60643394934976,3,6.666666666666667,,1.6666666666666667,8.333333333333334,0.2631578947368421,,0.06097560975609756,,1.35,-0.5126575011381644,0.2,0.15,,,17.666666666666668,3.4333333333333336,20,,15,7.466666666666667,,1.6666666666666667,9.133333333333333,0.32558139534883723,,0.0641025641025641,,3.3035714285714284,-0.23235634793318136,0.29464285714285715,0.14285714285714285,,,33.93333333333333,5.7266666666666675,112,,256.4,54,180.79999999999998,42,3,0,0,0,3.876543209876543,-0.20265215053127172,0.30246913580246915,3.0,0.12636505460218408,,1.6111111111111112,,,4.748148148148148,162.0,
00-0023489,Eric Shelton,2006,CAR,4,54.0,2.0,0,23.19233401779603,3,2.3333333333333335,,0.0,2.3333333333333335,0.08974358974358974,,0.0,,3.7142857142857144,-0.04901827696344958,0.2857142857142857,0.14285714285714285,,,8.666666666666666,0.8666666666666667,7,,4,2.0,,0.25,2.25,0.0898876404494382,,0.010752688172043012,,2.875,-0.23079634091845963,0.25,0.125,,,7.25,0.9750000000000001,8,,1.3,1,0.0,0,0,0,0,0,-3.0,-1.50324278860353,0.0,1.0,0.09090909090909091,,1.0,,,1.3,1.0,
00-0023500,Frank Gore,2005,SF,14,65.0,3.0,0,22.302532511978097,3,5.0,,1.0,6.0,0.23809523809523808,,0.06382978723404255,,4.933333333333334,0.06083318705204873,0.5333333333333333,0.13333333333333333,,,33.333333333333336,4.333333333333333,15,,14,9.071428571428571,,1.0714285714285714,10.142857142857142,0.33421052631578946,,0.09202453987730061,,4.78740157480315,-0.01364664597675692,0.3779527559055118,0.2047244094488189,,,52.785714285714285,7.35,127,,3003.5,237,2913.6,226,15,12,5,0,4.280032249395324,-0.10388695497782087,0.3708680462241333,15.70042194092827,0.5789637466936363,,2.029535864978903,,,12.672995780590718,3721.0,
00-0023508,Vernand Morency,2005,HOU,9,73.0,3.0,0,25.574264202600958,3,0.0,,0.0,0.0,0.0,,0.0,,,,,,,,0.0,0.0,0,,9,5.111111111111111,,1.1111111111111112,6.222222222222222,0.19658119658119658,,0.06289308176100629,,4.0,-0.03196974599662911,0.30434782608695654,0.15217391304347827,,,30.11111111111111,5.455555555555555,46,,192.0,32,142.9,26,2,0,0,0,4.245614035087719,-0.08286387087753339,0.30994152046783624,5.34375,0.20357142857142857,,1.78125,,,6.0,171.0,
00-0023512,Ryan Moats,2005,PHI,7,77.0,3.0,0,22.70773442847365,3,5.333333333333333,,0.3333333333333333,5.666666666666667,0.2191780821917808,,0.015625,,3.125,-0.6479520373104605,0.3125,0.25,,,17.666666666666668,1.4333333333333333,16,,7,7.857142857142857,,0.5714285714285714,8.428571428571429,0.3273809523809524,,0.03125,,5.054545454545455,-0.16321071789663455,0.32727272727272727,0.21818181818181817,,,40.714285714285715,6.928571428571429,55,,159.5,32,115.3,28,3,0,0,0,4.154255319148936,-0.03572595973190238,0.3776595744680851,5.875,0.22301304863582444,,0.59375,,,4.984375,188.0,
00-0023544,Marion Barber,2005,DAL,13,109.0,4.0,0,22.22861054072553,3,4.333333333333333,,0.6666666666666666,5.0,0.1262135922330097,,0.03636363636363636,,2.3846153846153846,-0.4025150317614577,0.23076923076923078,0.23076923076923078,,,17.333333333333332,2.4,13,,13,10.615384615384615,,1.3846153846153846,12.0,0.3333333333333333,,0.07792207792207792,,3.898550724637681,-0.057197646658978495,0.36231884057971014,0.2028985507246377,,,50.23076923076923,8.715384615384615,138,,1124.6,96,1018.5,86,6,4,1,0,4.153105861767279,-0.019533781194499805,0.3963254593175853,11.90625,0.4321361058601134,,1.84375,,,11.714583333333332,1143.0,
00-0023545,Brandon Jacobs,2005,NYG,15,110.0,4.0,0,23.156741957563312,3,3.3333333333333335,,0.0,3.3333333333333335,0.12987012987012986,,0.0,,4.4,0.210022399685591,0.6,0.6,,,14.666666666666666,5.466666666666666,10,,15,2.533333333333333,,0.0,2.533333333333333,0.08444444444444445,,0.0,,2.6052631578947367,-0.11373077900296717,0.5526315789473685,0.5,,,6.6,3.326666666666667,38,,1013.5,105,980.0,93,8,2,0,0,4.474756421612046,-0.02046480812772103,0.4428697962798937,10.752380952380953,0.36883371447239466,,0.780952380952381,,,9.652380952380952,1129.0,
00-0023547,Ciatrick Fason,2005,MIN,9,112.0,4.0,0,22.84188911704312,3,3.6666666666666665,,0.0,3.6666666666666665,0.11827956989247312,,0.0,,1.5454545454545454,-0.1698671728795909,0.45454545454545453,0.45454545454545453,,,5.666666666666667,4.566666666666666,11,,9,3.5555555555555554,,0.0,3.5555555555555554,0.13675213675213677,,0.0,,1.9375,-0.206255706374033,0.40625,0.375,,,6.888888888888889,3.3555555555555556,32,,37.3,11,20.8,5,1,0,0,0,3.6923076923076925,-0.10031465675267016,0.41025641025641024,3.5454545454545454,0.12111801242236025,,0.2727272727272727,,,3.3909090909090907,39.0,
00-0023561,Alvin Pearman,2005,JAX,16,127.0,4.0,0,23.06091718001369,3,1.6666666666666667,,0.3333333333333333,2.0,0.049019607843137254,,0.02,,4.8,0.21748374218586825,0.4,0.2,,,10.666666666666666,1.4000000000000001,5,,16,2.4375,,2.0,4.4375,0.078,,0.11307420494699646,,3.8205128205128207,-0.1300707048490675,0.28205128205128205,0.15384615384615385,,,24.3125,4.55625,39,,97.2,35,28.5,22,4,0,0,0,4.037735849056604,-0.07690864071244319,0.3584905660377358,1.5142857142857142,0.048401826484018265,,1.0,,,2.777142857142857,53.0,
00-0023564,Darren Sproles,2005,LAC,15,130.0,4.0,0,22.20123203285421,3,0.6666666666666666,,0.3333333333333333,1.0,0.024096385542168676,,0.018867924528301886,,16.5,1.54689708695514,1.0,1.0,,,12.666666666666666,1.6000000000000003,2,,15,0.5333333333333333,,0.2,0.7333333333333333,0.018823529411764704,,0.009287925696594427,,6.25,0.16385943493514696,0.375,0.25,,,4.0,0.6,8,,1771.8000000000002,180,1767.6,168,13,6,2,0,4.812841530054645,-0.012859525192025276,0.4098360655737705,4.066666666666666,0.14935727402570903,,3.066666666666667,,,9.843333333333334,732.0,
00-0023591,Justin Green,2005,BAL,8,158.0,5.0,0,23.340177960301162,3,0.0,,0.0,0.0,0.0,,0.0,,,,,,,,0.0,0.0,0,,8,0.625,,0.875,1.5,0.021929824561403508,,0.03932584269662921,,0.8,-0.334560334953106,0.2,0.0,,,4.5,1.575,5,,21.9,20,9.3,15,2,0,0,0,0.8,-0.334560334953106,0.2,0.25,0.008223684210526315,,0.65,,,1.095,5.0,
00-0023615,Cedric Houston,2005,NYJ,10,182.0,6.0,0,23.17864476386037,3,4.0,,0.0,4.0,0.16,,0.0,,5.25,0.08452912238620575,0.5,0.25,,,21.0,2.1,12,,10,8.1,,0.8,8.9,0.3403361344537815,,0.046511627906976744,,3.728395061728395,-0.05787617070490643,0.4074074074074074,0.18518518518518517,,,36.8,5.48,81,,127.2,15,78.7,8,1,0,0,0,3.368131868131868,-0.12221859959848788,0.36813186813186816,12.133333333333333,0.44607843137254904,,1.0,,,8.48,182.0,
00-0023634,DeAndra Cobb,2005,ATL,3,201.0,6.0,0,24.290212183436,3,0.0,,0.0,0.0,0.0,,0.0,,,,,,,,0.0,0.0,0,,3,0.0,,0.0,0.0,0.0,,0.0,,,,,,,,0.0,0.0,0,,0.0,0,0.0,0,0,0,0,0,,,,,,,,,,,,
00-0023676,Noah Herron,2005,PIT,5,244.0,7.0,0,23.41409993155373,3,3.6666666666666665,,0.0,3.6666666666666665,0.13095238095238096,,0.0,,2.6363636363636362,-0.2853829517367891,0.2727272727272727,0.09090909090909091,,,9.666666666666666,0.9666666666666668,11,,5,9.6,,0.0,9.6,0.34782608695652173,,0.0,,2.5625,-0.16326598685554924,0.375,0.1875,,,24.6,4.86,48,,102.5,17,81.1,15,1,0,0,0,3.2972972972972974,-0.13095876595319333,0.40540540540540543,4.352941176470588,0.164079822616408,,1.7058823529411764,,,6.029411764705882,74.0,
00-0023844,Chris Taylor,2006,HOU,4,,,1,22.817248459958932,3,2.6666666666666665,,0.6666666666666666,3.3333333333333335,0.0851063829787234,,0.04081632653061224,,3.0,-0.2771695822215425,0.25,0.125,,,17.333333333333332,2.4,8,,4,7.0,,0.75,7.75,0.23333333333333334,,0.05172413793103448,,4.392857142857143,-0.06048335103343096,0.35714285714285715,0.25,,,40.75,6.325,28,,21.8,3,3.7,2,1,0,0,0,4.0,-0.08941841027562433,0.2647058823529412,11.333333333333334,0.44155844155844154,,0.3333333333333333,,,7.266666666666667,34.0,
00-0024011,Mike Bell,2006,DEN,14,,,1,23.359342915811087,3,9.0,,1.6666666666666667,10.666666666666666,0.28421052631578947,,0.11363636363636363,,4.222222222222222,0.004004308519378887,0.37037037037037035,0.25925925925925924,,,52.0,8.866666666666665,27,,14,11.214285714285714,,1.4285714285714286,12.642857142857142,0.3617511520737327,,0.08968609865470852,,4.312101910828026,0.05051193397030606,0.42038216560509556,0.25477707006369427,,,59.642857142857146,10.82142857142857,157,,257.7,44,132.8,33,4,0,0,0,3.698369565217391,-0.11615262518898545,0.37771739130434784,8.363636363636363,0.2962962962962963,,0.6363636363636364,,,5.8568181818181815,368.0,
00-0024103,Montell Owens,2006,JAX,6,,,1,22.327173169062284,3,0.0,,0.0,0.0,0.0,,0.0,,,,,,,,0.0,0.0,0,,6,0.0,,0.0,0.0,0.0,,0.0,,,,,,,,0.0,0.0,0,,74.4,68,74.39999999999999,65,7,0,0,0,5.214285714285714,0.13209086418309018,0.4642857142857143,0.8235294117647058,0.02809834420471651,,0.17647058823529413,,,1.0941176470588236,56.0,
00-0024148,Cory Ross,2006,BAL,4,,,1,23.942505133470227,3,0.0,,0.0,0.0,0.0,,0.0,,,,,,,,0.0,0.0,0,,4,0.0,,0.0,0.0,0.0,,0.0,,,,,,,,0.0,0.0,0,,13.2,5,13.2,4,1,0,0,0,6.0,0.13274150366487417,0.25,2.4,0.0821917808219178,,0.0,,,2.6399999999999997,12.0,
00-0024189,Derrick Ross,2006,KC,4,,,1,22.67488021902806,3,1.0,,0.0,1.0,0.04285714285714286,,0.0,,2.6666666666666665,-0.30076282207543664,0.0,0.0,,,2.6666666666666665,0.26666666666666666,3,,4,0.75,,0.0,0.75,0.03296703296703297,,0.0,,2.6666666666666665,-0.30076282207543664,0.0,0.0,,,2.0,0.2,3,,0.0,1,0.0,0,0,0,0,0,,,,0.0,0.0,,0.0,,,0.0,0.0,
00-0024217,Reggie Bush,2006,NO,16,2.0,1.0,0,21.50034223134839,3,11.0,,6.666666666666667,17.666666666666668,0.34375,,0.31746031746031744,,3.606060606060606,-0.23022206685154578,0.3333333333333333,0.09090909090909091,,,88.0,15.466666666666669,33,,16,9.625,,5.5625,15.1875,0.32696390658174096,,0.2386058981233244,,3.6233766233766236,-0.14208008046802642,0.35714285714285715,0.16883116883116883,,,81.625,16.725,154,,1662.3,128,1441.1,115,10,5,1,1,4.284345047923322,-0.10531501357660097,0.36900958466453676,9.78125,0.3580211609951387,,3.578125,,,12.98671875,1252.0,
00-0024236,Laurence Maroney,2006,NE,14,21.0,1.0,0,21.568788501026695,3,15.0,,1.6666666666666667,16.666666666666668,0.44554455445544555,,0.08771929824561403,,3.7555555555555555,-0.13628537443000813,0.35555555555555557,0.17777777777777778,,,76.66666666666667,11.333333333333334,45,,14,12.5,,1.5714285714285714,14.071428571428571,0.40229885057471265,,0.07482993197278912,,4.257142857142857,-0.041689898826713985,0.38285714285714284,0.22857142857142856,,,67.07142857142857,11.135714285714286,175,,430.3,46,308.4,35,4,0,0,0,4.075043630017452,-0.04563618307214087,0.4118673647469459,12.456521739130435,0.43115124153498874,,0.8478260869565217,,,9.354347826086956,573.0,
00-0024242,DeAngelo Williams,2006,CAR,13,27.0,1.0,0,23.353867214236825,3,5.666666666666667,,2.0,7.666666666666667,0.23943661971830985,,0.1,,4.294117647058823,0.07922205773716351,0.4117647058823529,0.23529411764705882,,,35.0,7.5,17,,13,9.307692307692308,,2.5384615384615383,11.846153846153847,0.33611111111111114,,0.125,,4.140495867768595,-0.04422444611386597,0.3884297520661157,0.24793388429752067,,,62.61538461538461,9.723076923076924,121,,1637.2,138,1533.3,128,10,3,2,0,4.6826137689614935,-0.0131492905202307,0.3704784130688448,12.420289855072463,0.4373564684868589,,1.673913043478261,,,11.86376811594203,1714.0,
00-0024245,Joseph Addai,2006,IND,16,30.0,1.0,0,23.33196440793977,3,8.666666666666666,,2.6666666666666665,11.333333333333334,0.3333333333333333,,0.12307692307692308,,4.730769230769231,-0.16796932069127027,0.5769230769230769,0.2692307692307692,,,60.0,10.0,26,,16,14.125,,2.5,16.625,0.5148063781321185,,0.11049723756906077,,4.783185840707965,0.03299120818138133,0.5265486725663717,0.2920353982300885,,,87.875,14.0375,226,,1035.98,75,841.3800000000001,62,5,2,2,1,4.050514499532273,-0.017145614259818014,0.4284377923292797,14.253333333333334,0.5620399579390115,,2.44,,,13.813066666666668,1069.0,
00-0024260,LenDale White,2006,TEN,13,45.0,2.0,0,21.697467488021903,3,6.0,,0.6666666666666666,6.666666666666667,0.2647058823529412,,0.043478260869565216,,3.5,-0.051309472415596274,0.3333333333333333,0.2222222222222222,,,22.666666666666668,2.9333333333333336,18,,13,4.6923076923076925,,1.0769230769230769,5.769230769230769,0.16531165311653118,,0.08045977011494253,,4.0,-0.08002961246052488,0.2786885245901639,0.21311475409836064,,,23.384615384615383,3.4153846153846152,61,,420.3,55,384.70000000000005,45,3,1,0,0,3.738134206219313,-0.10188009926111359,0.36333878887070375,11.10909090909091,0.3450028232636928,,0.7272727272727273,,,7.641818181818182,611.0,
00-0024275,Maurice Jones-Drew,2006,JAX,16,60.0,2.0,0,21.44284736481862,3,5.666666666666667,,2.0,7.666666666666667,0.16666666666666666,,0.09230769230769231,,6.764705882352941,0.35991813821088064,0.5882352941176471,0.35294117647058826,,,51.0,9.1,17,,16,10.375,,2.875,13.25,0.324853228962818,,0.17228464419475656,,5.668674698795181,0.14998423752243822,0.42771084337349397,0.27710843373493976,,,86.0625,17.356250000000003,166,,1898.12,122,1647.72,109,8,6,4,1,4.4,-0.014460076694040777,0.3841530054644809,15.0,0.5341506129597198,,2.7868852459016393,,,15.558360655737705,1830.0,
00-0024289,Brian Calhoun,2006,DET,5,74.0,3.0,0,22.316221765913756,3,0.6666666666666666,,0.3333333333333333,1.0,0.0392156862745098,,0.014492753623188406,,2.0,-0.716570920310915,0.0,0.0,,,2.0,0.5333333333333333,2,,5,1.4,,0.4,1.8,0.07,,0.017391304347826087,,2.7142857142857144,-0.3315559736386476,0.2857142857142857,0.0,,,7.8,1.18,7,,16.299999999999997,6,12.0,4,1,0,0,0,4.166666666666667,-0.23942056862458425,0.3333333333333333,2.0,0.09375,,1.0,,,2.7166666666666663,12.0,
00-0024294,Jerious Norwood,2006,ATL,14,79.0,3.0,0,23.093771389459274,3,6.666666666666667,,0.3333333333333333,7.0,0.17543859649122806,,0.03125,,5.55,-0.006631753931142742,0.35,0.25,,,41.0,4.433333333333334,20,,14,7.071428571428571,,0.9285714285714286,8.0,0.20582120582120583,,0.06914893617021277,,6.393939393939394,0.09796878794326343,0.42424242424242425,0.2727272727272727,,,52.5,7.035714285714285,99,,434.7,63,349.5,52,5,0,0,0,5.164456233421751,-0.006908382777536967,0.3740053050397878,5.984126984126984,0.20010615711252655,,1.5238095238095237,,,6.8999999999999995,377.0,
00-0024332,Leon Washington,2006,NYJ,16,117.0,4.0,0,24.008213552361397,3,2.6666666666666665,,0.6666666666666666,3.3333333333333335,0.0975609756097561,,0.03076923076923077,,3.125,-0.1393773595555104,0.25,0.125,,,25.666666666666668,3.233333333333333,8,,16,9.4375,,1.5625,11.0,0.30691056910569103,,0.07987220447284345,,4.304635761589404,-0.07504971575570167,0.3973509933774834,0.2185430463576159,,,57.5,8.6875,151,,679.34,121,550.0400000000001,108,8,1,0,0,4.696652719665272,-0.048391856519652464,0.3577405857740586,3.950413223140496,0.1397252265419468,,1.371900826446281,,,5.614380165289257,478.0,
00-0024359,Jerome Harrison,2006,CLE,9,145.0,5.0,0,23.512662559890487,3,1.3333333333333333,,1.0,2.3333333333333335,0.06557377049180328,,0.05263157894736842,,3.75,-0.21994226812966977,0.25,0.25,,,11.333333333333334,2.1333333333333333,4,,9,2.2222222222222223,,1.0,3.2222222222222223,0.09174311926605505,,0.04736842105263158,,3.0,-0.24112445826821646,0.25,0.2,,,11.88888888888889,2.1888888888888887,20,,334.70000000000005,53,321.40000000000003,47,5,1,0,0,4.732954545454546,-0.06044815819914671,0.34375,6.6415094339622645,0.23832092078537576,,1.2641509433962264,,,6.315094339622642,352.0,
00-0024384,Wali Lundy,2006,HOU,13,170.0,6.0,0,22.981519507186857,3,5.666666666666667,,0.6666666666666666,6.333333333333333,0.2786885245901639,,0.03389830508474576,,3.3529411764705883,-0.4621846487348465,0.35294117647058826,0.23529411764705882,,,18.666666666666668,1.8666666666666665,17,,13,9.538461538461538,,2.5384615384615383,12.076923076923077,0.36470588235294116,,0.12313432835820895,,3.838709677419355,-0.09783352057979036,0.3790322580645161,0.23387096774193547,,,52.30769230769231,9.615384615384615,124,,119.4,10,0.0,0,0,0,0,0,3.9158878504672896,-0.039945958162631905,0.38317757009345793,10.7,0.3835125448028674,,3.1,,,11.940000000000001,107.0,
00-0024549,Selvin Young,2007,DEN,15,,,1,23.917864476386036,3,2.3333333333333335,,1.0,3.3333333333333335,0.07954545454545454,,0.04838709677419355,,8.142857142857142,0.0647548945601167,0.14285714285714285,0.14285714285714285,,,31.666666666666668,3.5,7,,15,9.333333333333334,,2.3333333333333335,11.666666666666666,0.35714285714285715,,0.11326860841423948,,5.207142857142857,-0.026594916757528005,0.37142857142857144,0.15714285714285714,,,64.0,9.0,140,,163.39999999999998,20,38.9,8,1,0,0,0,5.025773195876289,-0.013246554686753788,0.3917525773195876,9.7,0.37890625,,1.75,,,8.169999999999998,194.0,
00-0024625,Byron Storer,2007,TB,5,,,1,23.3347022587269,3,0.0,,0.3333333333333333,0.3333333333333333,0.0,,0.024390243902439025,,,,,,,,0.6666666666666666,0.39999999999999997,0,,5,0.0,,0.4,0.4,0.0,,0.023255813953488372,,,,,,,,0.6,0.45999999999999996,0,,1.1,6,0.0,4,1,0,0,0,,,,0.0,0.0,,0.16666666666666666,,,0.18333333333333335,0.0,
00-0024698,Clifton Dawson,2007,CIN,8,,,1,23.89869952087611,3,2.6666666666666665,,0.3333333333333333,3.0,0.08333333333333333,,0.011235955056179775,,3.0,-0.14288092692731874,0.25,0.125,,,11.0,1.4333333333333333,8,,8,3.75,,0.25,4.0,0.13452914798206278,,0.010101010101010102,,2.1333333333333333,-0.2487333236184591,0.26666666666666666,0.1,,,9.875,1.9875,30,,11.6,5,0.0,0,0,0,0,0,1.8181818181818181,-0.2872251042334193,0.2727272727272727,4.4,0.1732283464566929,,0.2,,,2.32,22.0,
00-0024813,Pierre Thomas,2007,NO,12,,,1,22.702258726899384,3,1.0,,0.0,1.0,0.03614457831325301,,0.0,,10.333333333333334,0.6711032290865356,0.3333333333333333,0.3333333333333333,,,10.333333333333334,3.0333333333333337,3,,12,4.166666666666667,,1.5833333333333333,5.75,0.16611295681063123,,0.05539358600583091,,5.02,0.11459465490276007,0.48,0.3,,,33.583333333333336,6.108333333333334,50,,1215.0,106,1150.8000000000002,97,8,4,0,0,4.561594202898551,0.02714260619154289,0.45410628019323673,7.811320754716981,0.30598669623059865,,3.188679245283019,,,11.462264150943396,828.0,
00-0024846,Gary Russell,2007,PIT,3,,,1,20.985626283367555,3,2.3333333333333335,,0.0,2.3333333333333335,0.09859154929577464,,0.0,,3.0,-0.25802725089514356,0.2857142857142857,0.14285714285714285,,,7.0,0.7000000000000001,7,,3,2.3333333333333335,,0.0,2.3333333333333335,0.09859154929577464,,0.0,,3.0,-0.25802725089514356,0.2857142857142857,0.14285714285714285,,,7.0,0.7000000000000001,7,,48.099999999999994,24,48.099999999999994,24,2,0,0,0,2.4838709677419355,-0.10927370177377065,0.4838709677419355,1.2916666666666667,0.047692307692307694,,0.5416666666666666,,,2.0041666666666664,31.0,
00-0024850,Darius Walker,2007,HOU,4,,,1,21.861738535249827,3,16.0,,4.333333333333333,20.333333333333332,0.6233766233766234,,0.2,,3.7083333333333335,0.00036265188798020875,0.2916666666666667,0.1875,,,86.33333333333333,13.633333333333333,48,,4,14.5,,3.25,17.75,0.5225225225225225,,0.17105263157894737,,4.551724137931035,0.10197634083707809,0.3793103448275862,0.22413793103448276,,,86.25,13.875,58,,14.6,1,0.0,0,0,0,0,0,8.6,0.589722047792748,0.8,10.0,0.29411764705882354,,0.0,,,14.6,10.0,
00-0025394,Adrian Peterson,2007,MIN,14,7.0,1.0,0,22.4476386036961,3,21.333333333333332,,2.6666666666666665,24.0,0.7191011235955056,,0.1702127659574468,,4.234375,-0.05025692570416134,0.453125,0.21875,,,143.66666666666666,20.366666666666667,64,,14,17.0,,1.3571428571428572,18.357142857142858,0.5613207547169812,,0.08636363636363636,,5.6344537815126055,0.04580897559832617,0.42016806722689076,0.2605042016806723,,,114.92857142857143,17.992857142857144,238,,2683.3999999999996,181,2492.6,170,14,8,6,1,4.624368686868687,-0.051575445681278274,0.3740530303030303,17.502762430939228,0.63678391959799,,1.6408839779005524,,,14.825414364640881,3168.0,
00-0025399,Marshawn Lynch,2007,BUF,13,12.0,1.0,0,21.360711841204655,3,19.0,,1.6666666666666667,20.666666666666668,0.76,,0.125,,4.0,0.004661579541310617,0.3157894736842105,0.15789473684210525,,,88.0,14.466666666666667,57,,13,21.53846153846154,,1.3846153846153846,22.923076923076923,0.7272727272727273,,0.09045226130653267,,3.982142857142857,-0.0942229028135877,0.3678571428571429,0.18214285714285713,,,99.92307692307692,14.939999999999998,280,,2049.7200000000003,146,1898.9,136,11,6,5,1,4.25542570951586,-0.0501514156706997,0.3885642737896494,16.410958904109588,0.5734801340354236,,1.9315068493150684,,,14.039178082191782,2396.0,
00-0025437,Chris Henry,2007,TEN,7,50.0,2.0,0,22.236824093086927,3,6.0,,1.0,7.0,0.15254237288135594,,0.06666666666666667,,5.666666666666667,0.2019856792303922,0.3888888888888889,0.2777777777777778,,,44.0,9.4,18,,7,4.428571428571429,,0.8571428571428571,5.285714285714286,0.12863070539419086,,0.04580152671755725,,3.838709677419355,-0.0987318410482169,0.22580645161290322,0.16129032258064516,,,24.571428571428573,5.028571428571429,31,,7.3,7,0.3,3,3,0,0,0,1.4285714285714286,-0.5153081097547411,0.0,2.0,0.06763285024154589,,0.42857142857142855,,,1.042857142857143,14.0,
00-0025439,Brian Leonard,2007,LA,15,52.0,2.0,0,23.575633127994525,3,1.3333333333333333,,2.0,3.3333333333333335,0.05128205128205128,,0.09523809523809523,,5.25,0.604863916450995,0.75,0.5,,,20.666666666666668,4.066666666666666,4,,15,5.733333333333333,,2.0,7.733333333333333,0.2210796915167095,,0.09615384615384616,,3.5232558139534884,-0.15715941671027592,0.37209302325581395,0.16279069767441862,,,32.4,5.240000000000001,86,,320.4,80,254.0,68,7,0,0,0,3.71889400921659,-0.09536785917964467,0.3640552995391705,2.7125,0.0985020426690876,,1.7125,,,4.005,217.0,
00-0025450,Brandon Jackson,2007,GB,9,63.0,2.0,0,21.913757700205338,3,12.666666666666666,,3.6666666666666665,16.333333333333332,0.6440677966101694,,0.1375,,2.5526315789473686,-0.20506876337534968,0.2894736842105263,0.10526315789473684,,,59.333333333333336,11.6,38,,9,8.333333333333334,,1.7777777777777777,10.11111111111111,0.3303964757709251,,0.07511737089201878,,3.56,-0.15275769314332474,0.29333333333333333,0.13333333333333333,,,44.111111111111114,6.855555555555556,75,,357.9,49,330.99999999999994,43,4,1,0,0,4.056782334384858,-0.04602133381359993,0.35646687697160884,6.469387755102041,0.2394259818731118,,2.061224489795918,,,7.304081632653061,317.0,
00-0025458,Lorenzo Booker,2007,MIA,5,71.0,3.0,0,23.21423682409309,3,4.333333333333333,,6.0,10.333333333333334,0.19117647058823528,,0.2608695652173913,,2.769230769230769,0.042310408065811975,0.5384615384615384,0.3076923076923077,,,64.33333333333333,12.433333333333332,13,,5,5.6,,5.6,11.2,0.24347826086956523,,0.24561403508771928,,4.464285714285714,0.11631773127321907,0.5357142857142857,0.2857142857142857,,,72.4,12.84,28,,64.9,28,38.0,26,3,0,0,0,4.041666666666667,-0.08353707409525919,0.375,1.7142857142857142,0.06233766233766234,,1.0357142857142858,,,2.317857142857143,48.0,
00-0025477,Tony Hunt,2007,PHI,5,90.0,3.0,0,21.76865160848734,3,2.6666666666666665,,0.0,2.6666666666666665,0.09411764705882353,,0.0,,1.625,-0.023632697346328876,0.625,0.5,,,4.333333333333333,2.433333333333333,8,,5,2.0,,0.0,2.0,0.07246376811594203,,0.0,,1.6,-0.04051651346962875,0.6,0.5,,,3.2,1.52,10,,15.4,6,15.1,4,1,0,0,0,2.0,0.16063185257856505,0.6666666666666666,1.0,0.040268456375838924,,1.0,,,2.566666666666667,6.0,
00-0025480,Garrett Wolfe,2007,CHI,11,93.0,3.0,0,23.039014373716633,3,1.6666666666666667,,0.0,1.6666666666666667,0.06329113924050633,,0.0,,1.2,0.07065931940451338,0.2,0.0,,,2.0,0.19999999999999998,5,,11,2.8181818181818183,,0.8181818181818182,3.6363636363636362,0.10231023102310231,,0.0391304347826087,,2.7419354838709675,-0.2887540418286656,0.16129032258064516,0.12903225806451613,,,18.363636363636363,2.6545454545454543,31,,63.49999999999999,38,34.9,30,3,0,0,0,4.119402985074627,-0.18627371206669366,0.22388059701492538,1.763157894736842,0.06549364613880743,,0.2894736842105263,,,1.6710526315789471,67.0,
00-0025487,Michael Bush,2008,LV,11,100.0,4.0,0,24.210814510609172,3,14.666666666666666,,2.6666666666666665,17.333333333333332,0.44,,0.21621621621621623,,4.386363636363637,-0.21436406530582702,0.3181818181818182,0.13636363636363635,,,92.66666666666667,13.266666666666666,44,,11,8.545454545454545,,1.7272727272727273,10.272727272727273,0.30618892508143325,,0.1310344827586207,,4.457446808510638,-0.13671435423649117,0.2978723404255319,0.1595744680851064,,,52.81818181818182,8.492727272727272,94,,666.32,80,612.7,72,5,1,1,0,3.99869109947644,-0.08217592091776302,0.35209424083769636,9.55,0.34061524743646904,,1.2,,,8.329,764.0,
00-0025494,Antonio Pittman,2007,LA,10,107.0,4.0,0,21.700205338809035,3,3.0,,0.0,3.0,0.13432835820895522,,0.0,,2.111111111111111,-0.29547752007945444,0.3333333333333333,0.0,,,6.333333333333333,0.6333333333333334,9,,10,3.8,,0.3,4.1,0.14785992217898833,,0.013824884792626729,,3.6578947368421053,-0.14724391893067015,0.3157894736842105,0.18421052631578946,,,15.4,1.8400000000000003,38,,76.9,16,60.400000000000006,9,1,0,0,0,3.878504672897196,-0.10222770344296238,0.3364485981308411,6.6875,0.2628992628992629,,1.3125,,,4.80625,107.0,
00-0025498,Dwayne Wright,2007,BUF,12,111.0,4.0,0,24.249144421629023,3,2.6666666666666665,,0.3333333333333333,3.0,0.10126582278481013,,0.017857142857142856,,4.75,-0.07016823443700562,0.375,0.375,,,14.0,1.7333333333333334,8,,12,2.4166666666666665,,0.25,2.6666666666666665,0.08841463414634146,,0.014285714285714285,,3.2413793103448274,-0.20303312816325986,0.27586206896551724,0.27586206896551724,,,9.25,1.0083333333333335,29,,6.8999999999999995,9,0.0,0,0,0,0,0,2.6666666666666665,-0.2536483257732615,0.23809523809523808,2.3333333333333335,0.08433734939759036,,0.2222222222222222,,,0.7666666666666666,21.0,
00-0025535,Kolby Smith,2007,KC,11,148.0,5.0,0,22.71047227926078,3,0.0,,0.6666666666666666,0.6666666666666666,0.0,,0.03125,,,,,,,,7.0,1.3666666666666665,0,,11,10.181818181818182,,2.0,12.181818181818182,0.46473029045643155,,0.09482758620689655,,3.6339285714285716,-0.04011223677558262,0.4107142857142857,0.23214285714285715,,,50.45454545454545,8.136363636363635,112,,122.8,19,37.4,11,2,0,0,0,3.3333333333333335,-0.12597590059762723,0.35802469135802467,8.526315789473685,0.36080178173719374,,1.6842105263157894,,,6.463157894736842,162.0,
00-0025615,DeShawn Wynn,2007,GB,7,228.0,7.0,0,23.89596167008898,3,4.333333333333333,,2.0,6.333333333333333,0.22033898305084745,,0.075,,5.153846153846154,0.14834173771978884,0.3076923076923077,0.15384615384615385,,,39.0,9.9,13,,7,7.142857142857143,,1.2857142857142858,8.428571428571429,0.33783783783783783,,0.049723756906077346,,4.06,-0.03287402157882257,0.28,0.2,,,39.42857142857143,8.657142857142857,50,,59.7,12,28.8,8,3,0,0,0,5.196078431372549,0.031238938771946095,0.27450980392156865,4.25,0.1608832807570978,,0.6666666666666666,,,4.9750000000000005,51.0,
00-0025637,Ahmad Bradshaw,2007,NYG,10,250.0,7.0,0,21.453798767967147,3,0.0,,0.3333333333333333,0.3333333333333333,0.0,,0.017543859649122806,,,,,,,,3.6666666666666665,0.7000000000000001,0,,10,2.3,,0.2,2.5,0.08013937282229965,,0.0106951871657754,,8.26086956521739,0.2762036041341439,0.5652173913043478,0.2608695652173913,,,20.2,2.8200000000000003,23,,1090.9999999999998,98,1064.8999999999999,91,8,4,1,0,4.550323176361958,-0.049291176863715216,0.407202216066482,11.051020408163266,0.3888689407540395,,1.8979591836734695,,,11.132653061224488,1083.0,
00-0025860,BenJarvus Green-Ellis,2008,NE,8,,,1,23.16769336071184,3,7.333333333333333,,0.3333333333333333,7.666666666666667,0.23655913978494625,,0.01639344262295082,,3.6818181818181817,-0.08320884365821272,0.45454545454545453,0.36363636363636365,,,30.0,7.333333333333333,22,,8,9.25,,0.375,9.625,0.31092436974789917,,0.015873015873015872,,3.7162162162162162,-0.008192966065890175,0.43243243243243246,0.3108108108108108,,,39.0,8.025,74,,707.1999999999999,75,664.9999999999999,70,5,2,0,0,3.887423935091278,-0.010599917299131038,0.4117647058823529,13.146666666666667,0.4670772145902416,,0.68,,,9.429333333333332,986.0,
00-0025913,James Johnson,2008,CIN,3,,,1,23.98631074606434,3,3.0,,2.0,5.0,0.08256880733944955,,0.13333333333333333,,3.2222222222222223,-0.10629903574913954,0.3333333333333333,0.2222222222222222,,,25.333333333333332,4.533333333333334,9,,3,3.0,,2.0,5.0,0.08256880733944955,,0.13333333333333333,,3.2222222222222223,-0.10629903574913954,0.3333333333333333,0.2222222222222222,,,25.333333333333332,4.533333333333334,9,,0.0,0,0.0,0,0,0,0,0,,,,,,,,,,,,
00-0025951,Darius Reynaud,2008,MIN,3,,,1,23.67419575633128,3,0.0,,0.0,0.0,0.0,,0.0,,,,,,,,0.0,0.0,0,,3,0.0,,0.0,0.0,0.0,,0.0,,,,,,,,0.0,0.0,0,,31.199999999999996,45,31.199999999999996,45,4,0,0,0,1.9411764705882353,-0.546760980471257,0.11764705882352941,0.37777777777777777,0.013709677419354839,0.28888888888888886,0.13333333333333333,0.00867244829886591,3.0,0.6933333333333332,17.0,13.0
00-0025997,Chad Simpson,2008,IND,9,,,1,23.028062970568104,3,2.0,,0.6666666666666666,2.6666666666666665,0.09375,,0.029411764705882353,,4.0,0.10202673989503334,0.8333333333333334,0.6666666666666666,,,16.0,2.2666666666666666,6,,9,1.6666666666666667,,0.3333333333333333,2.0,0.06912442396313365,,0.013157894736842105,,3.0,-0.10729346875320193,0.5333333333333333,0.4,,,8.333333333333334,1.8333333333333333,15,,41.0,22,31.299999999999997,16,2,0,0,0,5.125,0.08672104738273391,0.3333333333333333,1.0909090909090908,0.045627376425855515,,0.18181818181818182,,,1.8636363636363635,24.0,
00-0026113,Clifton Smith,2008,TB,9,,,1,23.16221765913758,3,2.3333333333333335,,1.0,3.3333333333333335,0.08974358974358974,,0.036585365853658534,,5.428571428571429,-0.38716988197328256,0.42857142857142855,0.2857142857142857,,,17.666666666666668,3.4333333333333336,7,,9,0.8888888888888888,,0.4444444444444444,1.3333333333333333,0.032388663967611336,,0.020833333333333332,,5.0,-0.3290421530691674,0.5,0.375,,,7.111111111111111,2.0444444444444447,8,,9.2,20,1.0999999999999999,14,2,0,0,0,1.8,-1.053962753957604,0.2,0.25,0.009363295880149813,,0.15,,,0.45999999999999996,5.0,
00-0026144,Darren McFadden,2008,LV,13,4.0,1.0,0,21.01574264202601,3,14.666666666666666,,1.6666666666666667,16.333333333333332,0.4074074074074074,,0.15625,,5.7272727272727275,0.08244695252388867,0.45454545454545453,0.22727272727272727,,,92.66666666666667,12.266666666666666,44,,13,8.692307692307692,,2.230769230769231,10.923076923076923,0.2875318066157761,,0.15591397849462366,,4.415929203539823,-0.029618749175182504,0.37168141592920356,0.21238938053097345,,,60.30769230769231,9.953846153846154,113,,1145.24,100,1052.6399999999999,90,9,2,1,0,4.108108108108108,-0.13170416961118867,0.33465818759936405,12.58,0.48033600610920196,,2.49,,,11.4524,1258.0,
00-0026153,Jonathan Stewart,2008,CAR,16,13.0,1.0,0,21.451060917180012,3,10.333333333333334,,0.0,10.333333333333334,0.3875,,0.0,,4.67741935483871,0.01931152150229708,0.5161290322580645,0.2903225806451613,,,48.333333333333336,10.833333333333334,31,,16,11.4375,,0.5,11.9375,0.3630952380952381,,0.032520325203252036,,4.562841530054645,0.017237671336162365,0.39344262295081966,0.22950819672131148,,,55.125,9.6375,183,,1310.3999999999996,131,1188.6999999999996,118,10,3,0,0,4.297071129707113,-0.06840028131097843,0.36939629408248653,12.770992366412214,0.42247474747474745,,1.2366412213740459,,,10.0030534351145,1673.0,
00-0026162,Felix Jones,2008,DAL,6,22.0,1.0,0,21.319644079397673,3,6.0,,0.3333333333333333,6.333333333333333,0.2,,0.016129032258064516,,8.222222222222221,0.5600780285086436,0.5,0.3333333333333333,,,50.333333333333336,11.366666666666667,18,,6,5.0,,0.3333333333333333,5.333333333333333,0.18633540372670807,,0.015625,,8.866666666666667,0.7267804192941809,0.6333333333333333,0.4,,,46.0,8.933333333333335,30,,585.6000000000003,76,566.1,73,5,1,0,0,4.614357262103506,-0.04541947252010381,0.38731218697829717,7.881578947368421,0.31230448383733056,,1.7763157894736843,,,7.70526315789474,599.0,
00-0026163,Rashard Mendenhall,2008,PIT,4,23.0,1.0,0,21.204654346338124,3,3.3333333333333335,,0.3333333333333333,3.6666666666666665,0.11235955056179775,,0.023809523809523808,,2.8,-0.12757211375865202,0.3,0.1,,,13.0,1.6333333333333335,10,,4,4.75,,0.5,5.25,0.1623931623931624,,0.03571428571428571,,3.0526315789473686,-0.1617900167046558,0.3157894736842105,0.10526315789473684,,,18.75,2.375,19,,809.1999999999999,69,804.5999999999999,68,5,3,1,0,3.9290382819794583,-0.09209782548984619,0.3520074696545285,15.521739130434783,0.5684713375796179,,1.3623188405797102,,,11.727536231884057,1071.0,
00-0026164,Chris Johnson,2008,TEN,15,24.0,1.0,0,22.940451745379878,3,16.666666666666668,,2.3333333333333335,19.0,0.45871559633027525,,0.16666666666666666,,5.52,-0.0283181827433873,0.32,0.26,,,109.0,15.233333333333333,50,,15,16.733333333333334,,2.8666666666666667,19.6,0.5132924335378323,,0.16862745098039217,,4.892430278884462,-0.0493307658134189,0.3665338645418327,0.2151394422310757,,,99.2,16.653333333333332,251,,1805.9,127,1601.8,115,9,5,4,1,4.436819687647894,-0.07664322916932188,0.3530525319451018,16.637795275590552,0.6044050343249427,,2.3622047244094486,,,14.219685039370079,2113.0,
00-0026184,Matt Forte,2008,CHI,16,44.0,2.0,0,22.72689938398357,3,24.333333333333332,,4.333333333333333,28.666666666666668,0.6952380952380952,,0.24074074074074073,,4.164383561643835,-0.05763333859367726,0.2876712328767123,0.1506849315068493,,,136.33333333333334,21.96666666666667,73,,16,19.6875,,4.0,23.6875,0.7291666666666666,,0.20915032679738563,,3.907936507936508,-0.0921538648655668,0.32063492063492066,0.19682539682539682,,,107.1875,19.09375,315,,2365.8999999999996,143,2126.2999999999997,130,9,8,7,1,4.156441717791411,-0.07936763675028355,0.3602103418054338,15.958041958041958,0.6159244264507422,,3.7902097902097904,,,16.544755244755244,2282.0,
00-0026195,Ray Rice,2008,BAL,12,55.0,2.0,0,21.609856262833677,3,9.333333333333334,,1.0,10.333333333333334,0.22764227642276422,,0.06818181818181818,,3.0357142857142856,-0.5047121812514884,0.35714285714285715,0.17857142857142858,,,34.666666666666664,3.8000000000000003,28,,12,8.916666666666666,,2.75,11.666666666666666,0.23672566371681417,,0.16751269035532995,,4.242990654205608,-0.166394104520111,0.35514018691588783,0.16822429906542055,,,60.583333333333336,8.641666666666667,107,,1527.04,88,1434.7400000000002,79,5,5,4,0,4.347360912981455,-0.0634199516287577,0.35805991440798857,15.931818181818182,0.543832428238945,,4.159090909090909,,,17.35272727272727,1402.0,
00-0026204,Kevin Smith,2008,DET,16,64.0,3.0,0,21.70841889117043,3,9.666666666666666,,2.6666666666666665,12.333333333333334,0.5471698113207547,,0.12903225806451613,,3.5172413793103448,-0.07633767353876593,0.4827586206896552,0.20689655172413793,,,51.666666666666664,9.833333333333334,29,,16,14.9375,,2.4375,17.375,0.6789772727272727,,0.1387900355871886,,4.079497907949791,-0.031471644013701755,0.3891213389121339,0.20502092050209206,,,78.8125,13.19375,239,,568.9000000000001,48,387.3,35,4,1,0,1,3.9281961471103326,-0.07874469621208573,0.36952714535901926,11.895833333333334,0.49868995633187774,,2.4166666666666665,,,11.852083333333335,571.0,
00-0026209,Jacob Hester,2008,LAC,14,69.0,3.0,0,23.318275154004105,3,0.3333333333333333,,0.0,0.3333333333333333,0.012048192771084338,,0.0,,3.0,0.0141466358327307,1.0,0.0,,,1.0,0.09999999999999999,1,,14,1.3571428571428572,,0.8571428571428571,2.2142857142857144,0.051630434782608696,,0.04477611940298507,,5.0,0.011665169970671107,0.42105263157894735,0.3157894736842105,,,13.285714285714286,2.9,19,,165.2,58,124.89999999999999,47,4,0,0,0,3.609090909090909,-0.10216056901186911,0.36363636363636365,1.896551724137931,0.06798516687268233,,0.9655172413793104,,,2.848275862068965,110.0,
00-0026213,Jamaal Charles,2008,KC,16,73.0,3.0,0,21.68104038329911,3,5.0,,2.0,7.0,0.189873417721519,,0.12,,4.866666666666666,0.07471772937569786,0.4,0.26666666666666666,,,39.333333333333336,5.933333333333334,15,,16,4.1875,,1.6875,5.875,0.17678100263852242,,0.08709677419354839,,5.3283582089552235,-0.013415917151246183,0.44776119402985076,0.2537313432835821,,,39.3125,5.74375,67,,1661.8000000000002,115,1587.7,102,10,5,5,0,5.380747126436781,0.03580189162120928,0.4245689655172414,12.104347826086956,0.4362268881228455,,2.643478260869565,,,14.450434782608697,1392.0,
00-0026229,Steve Slaton,2008,HOU,16,89.0,3.0,0,22.65845311430527,3,13.666666666666666,,5.0,18.666666666666668,0.5774647887323944,,0.2112676056338028,,4.682926829268292,-0.011542551286969268,0.34146341463414637,0.24390243902439024,,,96.33333333333333,18.633333333333333,41,,16,16.75,,3.125,19.875,0.6203703703703703,,0.1362397820163488,,4.7835820895522385,-0.021608772748041998,0.3656716417910448,0.22388059701492538,,,103.6875,16.99375,268,,408.49999999999994,42,192.5,29,3,0,0,1,4.249376558603491,-0.11552644227637522,0.34413965087281795,9.547619047619047,0.3480902777777778,,2.0238095238095237,,,9.726190476190474,401.0,
00-0026262,Tashard Choice,2008,DAL,12,122.0,4.0,0,23.78097193702943,3,1.6666666666666667,,0.3333333333333333,2.0,0.056818181818181816,,0.015384615384615385,,5.2,0.45632575491909,0.6,0.4,,,9.333333333333334,1.2666666666666666,5,,12,7.666666666666667,,1.75,9.416666666666666,0.304635761589404,,0.08536585365853659,,5.130434782608695,0.14144585974376567,0.41304347826086957,0.2717391304347826,,,54.75,8.225,92,,348.5,73,253.6,64,5,0,0,0,4.231607629427793,-0.03909348001284178,0.3814713896457766,5.027397260273973,0.1809664694280079,,1.095890410958904,,,4.773972602739726,367.0,
00-0026289,Tim Hightower,2008,ARI,16,149.0,5.0,0,22.27789185489391,3,7.666666666666667,,2.3333333333333335,10.0,0.24731182795698925,,0.125,,2.608695652173913,0.006072183400175139,0.34782608695652173,0.30434782608695654,,,46.333333333333336,10.966666666666667,23,,16,8.9375,,2.0625,11.0,0.4218289085545723,,0.07875894988066826,,2.7902097902097904,-0.11507555902654294,0.3146853146853147,0.23776223776223776,,,39.3125,9.74375,143,,731.7,72,608.6999999999999,59,5,1,0,0,3.9766483516483517,-0.11505875903771345,0.3585164835164835,10.11111111111111,0.44717444717444715,,2.138888888888889,,,10.162500000000001,728.0,
00-0026353,Chauncey Washington,2008,JAX,5,213.0,7.0,0,23.342915811088297,3,0.3333333333333333,,0.3333333333333333,0.6666666666666666,0.014285714285714285,,0.014492753623188406,,6.0,0.964812779333442,1.0,1.0,,,5.0,0.8333333333333334,1,,5,0.8,,0.2,1.0,0.03225806451612903,,0.009009009009009009,,2.25,-0.18802136566955702,0.5,0.25,,,3.6,0.5599999999999999,4,,3.5,5,3.2,3,2,0,0,0,0.5,-0.6499042217619728,0.25,0.8,0.03389830508474576,,0.4,,,0.7,4.0,
00-0026367,Peyton Hillis,2008,DEN,10,227.0,7.0,0,22.611909650924023,3,1.0,,0.3333333333333333,1.3333333333333333,0.0375,,0.015151515151515152,,4.666666666666667,0.49079027748666665,1.0,0.3333333333333333,,,6.0,0.9333333333333332,3,,10,6.8,,1.4,8.2,0.27091633466135456,,0.0611353711790393,,5.044117647058823,0.2016376095046342,0.6323529411764706,0.35294117647058826,,,52.2,10.219999999999999,68,,657.9200000000001,72,558.52,65,6,1,1,0,4.066378066378066,-0.07745728483773444,0.417027417027417,9.625,0.35303107488537955,,1.8472222222222223,,,9.137777777777778,693.0,
00-0026373,Justin Forsett,2008,IND,14,233.0,7.0,0,22.882956878850102,3,0.0,,0.0,0.0,0.0,,0.0,,,,,,,,0.0,0.0,0,,14,0.0,,0.0,0.0,0.0,,0.0,,,,,,,,0.0,0.0,0,,851.8000000000001,116,851.8,105,8,1,1,0,4.7439024390243905,-0.06804097032284652,0.348780487804878,7.068965517241379,0.2709847984137475,,1.8103448275862069,,,7.343103448275863,820.0,
00-0026453,Dantrell Savage,2008,KC,8,,,1,23.54277891854894,3,0.3333333333333333,,0.0,0.3333333333333333,0.012987012987012988,,0.0,,0.0,-2.53432117425837,0.0,0.0,,,0.0,0.0,1,,8,1.875,,0.25,2.125,0.078125,,0.012195121951219513,,3.533333333333333,-0.18750439708431585,0.4666666666666667,0.26666666666666666,,,6.625,0.9125000000000001,15,,23.900000000000002,10,16.6,5,1,0,0,0,4.083333333333333,-0.0814571869161195,0.4166666666666667,2.4,0.09302325581395349,,0.9,,,2.39,24.0,
00-0026579,Kahlil Bell,2009,CHI,7,,,1,22.72689938398357,3,5.0,0.6666666666666666,0.3333333333333333,5.333333333333333,0.21739130434782608,0.024096385542168676,0.0196078431372549,,7.733333333333333,0.1962072790833193,0.4666666666666667,0.2,2.0,-0.451812900369987,40.0,4.333333333333333,15,2.0,7,5.714285714285714,0.42857142857142855,0.14285714285714285,5.857142857142857,0.23255813953488372,0.013574660633484163,0.0078125,,5.5,0.07207815569298069,0.45,0.225,1.3333333333333333,-0.5423620683141054,32.0,3.3428571428571425,40,3.0,89.3,20,78.89999999999999,16,3,0,0,0,3.887218045112782,-0.1683376846825608,0.3383458646616541,6.65,0.21983471074380165,1.3,1.05,0.043993231810490696,5.615384615384615,4.465,133.0,26.0
00-0026607,Brock Bolen,2009,JAX,3,,,1,24.44079397672827,3,0.0,1.0,0.0,0.0,0.0,0.0297029702970297,0.0,,,,,,0.0,-0.5506989356363193,0.0,0.0,0,3.0,3,0.0,1.0,0.0,0.0,0.0,0.0297029702970297,0.0,,,,,,0.0,-0.5506989356363193,0.0,0.0,0,3.0,6.5,10,6.5,10,2,0,0,0,7.0,0.11538290907628801,0.5,0.2,0.006644518272425249,0.8,0.3,0.026936026936026935,2.625,0.65,2.0,8.0
00-0026790,Tyrell Sutton,2009,CAR,6,,,1,22.702258726899384,3,1.0,1.6666666666666667,1.0,2.0,0.03296703296703297,0.04854368932038835,0.06,,5.0,0.038945803729196336,0.6666666666666666,0.0,5.8,0.1360909347422422,14.666666666666666,2.466666666666667,3,5.0,6,2.0,1.8333333333333333,1.0,3.0,0.06382978723404255,0.05913978494623656,0.06,,5.666666666666667,-0.0012158688339214223,0.4166666666666667,0.25,5.636363636363637,-0.029995999806983996,21.666666666666668,3.1666666666666665,12,11.0,37.699999999999996,11,26.1,8,1,0,0,0,5.636363636363637,0.0688163427968337,0.36363636363636365,2.0,0.0718954248366013,1.6363636363636365,1.3636363636363635,0.05625,5.722222222222222,3.427272727272727,22.0,18.0
00-0026796,Arian Foster,2009,HOU,5,,,1,23.02258726899384,3,5.0,1.6666666666666667,1.6666666666666667,6.666666666666667,0.21739130434782608,0.043859649122807015,0.06097560975609756,,2.7333333333333334,-0.29418079820461546,0.2,0.06666666666666667,13.4,0.0035279401422279475,36.0,4.6000000000000005,15,5.0,5,10.8,1.8,1.6,12.4,0.421875,0.04918032786885246,0.06349206349206349,,4.7592592592592595,0.11895684486026532,0.46296296296296297,0.2777777777777778,10.333333333333334,0.11180407313101132,70.0,11.8,54,9.0,1520.5000000000005,76,1475.3000000000002,74,7,4,4,0,4.441095890410959,-0.03560129787195956,0.40205479452054793,19.210526315789473,0.6244653550042771,4.605263157894737,3.289473684210526,0.1377952755905512,6.511428571428572,20.00657894736843,1460.0,350.0
00-0026819,Kareem Huggins,2009,TB,3,,,1,23.274469541409992,3,0.0,0.0,0.0,0.0,0.0,0.0,0.0,,,,,,,,0.0,0.0,0,0.0,3,0.0,0.0,0.0,0.0,0.0,0.0,0.0,,,,,,,,0.0,0.0,0,0.0,2.8,3,2.8,3,1,0,0,0,2.75,-0.3189823110587891,0.5,1.3333333333333333,0.05714285714285714,0.6666666666666666,0.3333333333333333,0.018518518518518517,3.5,0.9333333333333332,4.0,2.0
00-0026899,Shonn Greene,2009,NYJ,13,65.0,3.0,0,24.030116358658454,3,2.6666666666666665,0.0,0.0,2.6666666666666665,0.08247422680412371,0.0,0.0,,3.875,0.008344838926859749,0.375,0.125,,,10.333333333333334,1.0333333333333332,8,0.0,13,8.384615384615385,0.3076923076923077,0.0,8.384615384615385,0.21626984126984128,0.013157894736842105,0.0,,4.963302752293578,-0.07068473976019986,0.3669724770642202,0.22018348623853212,0.0,-0.7502459873212503,41.61538461538461,4.6230769230769235,109,4.0,663.4,81,606.3999999999999,71,5,2,0,0,4.137931034482759,-0.030897542423827456,0.40365111561866124,12.17283950617284,0.40244897959183673,1.3580246913580247,0.8888888888888888,0.04342676667982629,4.8545454545454545,8.190123456790124,986.0,110.0
00-0026932,Cedric Peerman,2010,CIN,5,185.0,6.0,0,23.89322381930185,3,0.0,0.0,0.0,0.0,0.0,0.0,0.0,,,,,,,,0.0,0.0,0,0.0,5,0.4,0.6,0.2,0.6,0.013245033112582781,0.016042780748663103,0.008695652173913044,,0.5,-2.281275001587345,0.0,0.0,3.6666666666666665,-0.8110356229202199,2.4,0.44000000000000006,2,3.0,66.19999999999999,65,64.0,63,6,0,0,0,4.985714285714286,-0.04295092478652298,0.3,1.0769230769230769,0.0364963503649635,0.2923076923076923,0.2,0.008958038661008957,6.473684210526316,1.0184615384615383,70.0,19.0
00-0026941,Bernard Scott,2009,CIN,10,209.0,6.0,0,25.557837097878167,3,3.0,0.0,0.0,3.0,0.0989010989010989,0.0,0.0,,4.666666666666667,0.13298092150620888,0.4444444444444444,0.3333333333333333,,,14.0,1.3999999999999997,9,0.0,10,7.4,0.8,0.5,7.9,0.21700879765395895,0.02952029520295203,0.03067484662576687,,4.337837837837838,-0.07451771387612036,0.3918918918918919,0.20270270270270271,8.375,0.6736893181514475,38.8,4.9799999999999995,74,8.0,179.20000000000002,43,133.6,36,4,0,0,0,4.028,-0.05553622439277548,0.392,5.813953488372093,0.20458265139116202,0.9302325581395349,0.7209302325581395,0.027739251040221916,4.375,4.167441860465117,250.0,40.0
00-0026956,LaRod Stephens-Howling,2009,ARI,16,240.0,7.0,0,22.351813826146476,3,0.3333333333333333,1.0,1.0,1.3333333333333333,0.017543859649122806,0.023809523809523808,0.03529411764705882,,2.0,-0.46759241214022,0.0,0.0,7.333333333333333,0.28017213374065836,8.0,1.8,1,3.0,16,0.375,1.125,0.625,1.0,0.016483516483516484,0.030664395229982964,0.02544529262086514,,2.5,-0.31992215597225954,0.16666666666666666,0.0,4.611111111111111,-0.5288105089728352,6.125,1.8625000000000003,6,18.0,238.1,55,213.70000000000002,42,4,0,0,0,3.572192513368984,-0.2053086866716045,0.3155080213903743,3.4,0.1502008032128514,1.6,1.0,0.046194225721784776,5.943181818181818,4.329090909090909,187.0,88.0
00-0026988,Knowshon Moreno,2009,DEN,16,12.0,1.0,0,22.130047912388775,3,15.333333333333334,0.6666666666666666,0.6666666666666666,16.0,0.45098039215686275,0.022988505747126436,0.04081632653061224,,4.0,0.05346501730428849,0.4782608695652174,0.21739130434782608,11.0,1.001830589491875,68.66666666666667,9.533333333333333,46,2.0,16,15.4375,2.5625,1.75,17.1875,0.5613636363636364,0.0740072202166065,0.08211143695014662,,3.834008097165992,-0.11546327765351967,0.3805668016194332,0.21052631578947367,5.195121951219512,-0.3538059149335819,72.5,11.875,247,41.0,831.8999999999999,60,670.4999999999998,47,5,2,1,1,4.134939759036144,-0.056943991374950834,0.3855421686746988,13.833333333333334,0.483401281304601,3.3833333333333333,2.6,0.09433085501858736,6.832512315270936,13.864999999999998,830.0,203.0
00-0027003,Donald Brown,2009,IND,11,27.0,1.0,0,22.392881587953458,3,9.666666666666666,1.6666666666666667,1.3333333333333333,11.0,0.3972602739726027,0.052083333333333336,0.06060606060606061,,3.413793103448276,-0.27684353784344895,0.27586206896551724,0.13793103448275862,22.4,1.9635665558744222,70.33333333333333,10.366666666666665,29,5.0,11,7.090909090909091,1.2727272727272727,1.0,8.090909090909092,0.3132530120481928,0.03571428571428571,0.040892193308550186,,3.6025641025641026,-0.14481120655042096,0.3974358974358974,0.1794871794871795,12.071428571428571,0.7319300963052748,40.90909090909091,6.727272727272726,78,14.0,600.4000000000001,78,557.5000000000001,70,6,0,0,0,4.099099099099099,-0.06011057832508756,0.36936936936936937,8.538461538461538,0.3391038696537678,2.0256410256410255,1.4871794871794872,0.05385139740967962,6.037974683544304,7.6974358974358985,666.0,158.0
00-0027007,Chris Wells,2009,ARI,16,31.0,1.0,0,21.06776180698152,3,5.333333333333333,0.0,0.0,5.333333333333333,0.2807017543859649,0.0,0.0,,4.4375,-0.20313696851007987,0.375,0.1875,,,23.666666666666668,1.7,16,0.0,16,11.0,1.0,0.75,11.75,0.4835164835164835,0.027257240204429302,0.030534351145038167,,4.505681818181818,-0.03835728485038012,0.39204545454545453,0.2215909090909091,8.9375,-0.1176462175571941,58.5,8.975,176,16.0,433.29999999999995,48,294.8,35,3,1,0,0,3.9408866995073892,-0.09943961221166359,0.3727422003284072,12.6875,0.5521305530371714,0.8541666666666666,0.5833333333333334,0.025030525030525032,7.146341463414634,9.027083333333332,609.0,41.0
00-0027029,LeSean McCoy,2009,PHI,16,53.0,2.0,0,21.138945927446954,3,11.333333333333334,3.3333333333333335,2.0,13.333333333333334,0.425,0.08620689655172414,0.08333333333333333,,4.352941176470588,-0.052630758870183265,0.38235294117647056,0.29411764705882354,4.7,-0.209740042645717,65.0,10.5,34,10.0,16,9.6875,3.4375,2.5,12.1875,0.40575916230366493,0.10128913443830571,0.11940298507462686,,4.109677419354838,-0.11322992707998297,0.34838709677419355,0.18064516129032257,5.6,-0.03691796788043941,59.0625,9.90625,155,55.0,2496.5,165,2369.5,152,11,8,6,0,4.520841931489889,-0.04054180191435753,0.4036318613289311,14.684848484848485,0.5204037800687286,3.9696969696969697,3.103030303030303,0.12060394034247837,5.879389312977099,15.13030303030303,2423.0,655.0
00-0027048,Glen Coffee,2009,SF,13,74.0,3.0,0,22.338124572210816,3,11.666666666666666,1.0,0.6666666666666666,12.333333333333334,0.4375,0.036585365853658534,0.038461538461538464,,1.8285714285714285,-0.3834081780589517,0.2,0.08571428571428572,5.333333333333333,-0.23667428735643667,26.666666666666668,3.3333333333333335,35,3.0,13,6.384615384615385,1.3846153846153846,0.8461538461538461,7.230769230769231,0.2852233676975945,0.04225352112676056,0.04417670682730924,,2.7228915662650603,-0.24262033802939642,0.24096385542168675,0.0963855421686747,4.222222222222222,-0.4733767089492177,23.23076923076923,3.630769230769231,83,18.0,37.20000000000001,10,0.0,0,0,0,0,0,3.375,-0.1399625380078457,0.2708333333333333,4.8,0.22748815165876776,1.5,0.9,0.0436046511627907,4.0,3.720000000000001,48.0,15.0
00-0027080,Mike Goodson,2009,CAR,7,111.0,4.0,0,22.27789185489391,3,1.3333333333333333,0.0,0.0,1.3333333333333333,0.056338028169014086,0.0,0.0,,0.75,-1.4916054272034673,0.0,0.0,,,1.0,-0.5666666666666667,4,0.0,7,3.142857142857143,0.2857142857142857,0.2857142857142857,3.4285714285714284,0.09282700421940929,0.010362694300518135,0.017241379310344827,,2.227272727272727,-0.6225127760458353,0.09090909090909091,0.045454545454545456,7.5,0.43190496804891,9.142857142857142,0.9142857142857144,22,2.0,213.3,38,205.2,34,4,0,0,0,4.785276073619632,-0.12299210013799411,0.34355828220858897,4.2894736842105265,0.1591796875,2.1315789473684212,1.605263157894737,0.06623058053965658,6.703703703703703,5.613157894736842,163.0,81.0
00-0027098,Gartrell Johnson,2009,NYG,5,134.0,4.0,0,23.197809719370294,3,4.333333333333333,0.3333333333333333,0.0,4.333333333333333,0.10833333333333334,0.01282051282051282,0.0,,3.3076923076923075,-0.14862750456758025,0.23076923076923078,0.15384615384615385,0.0,-0.748633588664234,14.333333333333334,1.4333333333333333,13,1.0,5,2.6,0.2,0.0,2.6,0.08609271523178808,0.006756756756756757,0.0,,3.3076923076923075,-0.14862750456758025,0.23076923076923078,0.15384615384615385,0.0,-0.748633588664234,8.6,0.86,13,1.0,7.2,9,7.2,7,1,0,0,0,3.6,-0.20056156718637802,0.2,1.1111111111111112,0.0411522633744856,0.5555555555555556,0.3333333333333333,0.015479876160990712,1.2,0.8,10.0,5.0
00-0027120,Javon Ringer,2009,TEN,4,173.0,5.0,0,22.579055441478438,3,2.3333333333333335,0.0,0.0,2.3333333333333335,0.08045977011494253,0.0,0.0,,6.714285714285714,0.46392031195240857,0.5714285714285714,0.2857142857142857,,,15.666666666666666,1.5666666666666667,7,0.0,4,2.0,0.0,0.0,2.0,0.07272727272727272,0.0,0.0,,6.0,0.35163252163329123,0.5,0.25,,,12.0,1.2,8,0.0,122.2,31,122.10000000000001,30,3,0,0,0,3.8849557522123894,-0.1389667209836804,0.2831858407079646,3.6451612903225805,0.14599483204134367,1.5806451612903225,1.2258064516129032,0.04895104895104895,4.959183673469388,3.9419354838709677,113.0,49.0
00-0027129,Aaron Brown,2009,DET,15,192.0,6.0,0,23.89322381930185,3,3.3333333333333335,1.0,0.6666666666666666,4.0,0.1111111111111111,0.030612244897959183,0.03636363636363636,,2.5,-0.2281620163412296,0.4,0.0,4.0,-0.06576539543069267,12.333333333333334,1.8999999999999997,10,3.0,15,1.8,1.0,0.6,2.4,0.06958762886597938,0.028735632183908046,0.0313588850174216,,4.851851851851852,-0.05014543138504741,0.4444444444444444,0.25925925925925924,5.6,-0.5532484091186984,14.333333333333334,2.433333333333333,27,15.0,51.0,16,20.2,4,2,0,0,0,4.685714285714286,-0.06148247467852827,0.37142857142857144,2.1875,0.08928571428571429,1.625,1.0,0.044293015332197615,4.846153846153846,3.1875,35.0,26.0
00-0027141,Javarris Williams,2009,KC,3,212.0,7.0,0,23.40041067761807,3,2.0,0.3333333333333333,0.0,2.0,0.06593406593406594,0.009523809523809525,0.0,,1.0,-0.5583073485468043,0.0,0.0,0.0,-0.579637205344625,2.0,0.19999999999999998,6,1.0,3,2.0,0.3333333333333333,0.0,2.0,0.06593406593406594,0.009523809523809525,0.0,,1.0,-0.5583073485468043,0.0,0.0,0.0,-0.579637205344625,2.0,0.19999999999999998,6,1.0,0.0,0,0.0,0,0,0,0,0,,,,,,,,,,,,
00-0027155,Rashad Jennings,2009,JAX,15,250.0,7.0,0,24.435318275154003,3,4.0,0.3333333333333333,0.3333333333333333,4.333333333333333,0.14814814814814814,0.00909090909090909,0.014705882352941176,,4.583333333333333,-0.07918146887580708,0.25,0.16666666666666666,8.0,-0.699655305594206,21.0,2.433333333333333,12,1.0,15,2.6,1.2,1.0666666666666667,3.6666666666666665,0.09285714285714286,0.037037037037037035,0.053156146179401995,,5.17948717948718,0.023631994972954862,0.38461538461538464,0.20512820512820512,5.611111111111111,0.01084615166311993,20.2,3.4866666666666664,39,18.0,851.8000000000001,89,806.8000000000001,77,6,2,0,0,4.049019607843137,-0.05817231160527733,0.3888888888888889,10.314606741573034,0.37669265490356996,2.7752808988764044,2.134831460674157,0.08014276443867618,5.91497975708502,9.570786516853934,918.0,247.0
00-0027167,Chris Jennings,2009,CLE,9,,,1,23.720739219712527,3,6.0,3.0,2.3333333333333335,8.333333333333334,0.18181818181818182,0.08108108108108109,0.11475409836065574,,3.4444444444444446,-0.22421386404958943,0.3333333333333333,0.1111111111111111,5.555555555555555,-0.029413388786552887,37.333333333333336,6.066666666666666,18,9.0,9,7.0,1.4444444444444444,1.0,8.0,0.196875,0.05078125,0.06766917293233082,,3.492063492063492,-0.1399301135519986,0.3492063492063492,0.15873015873015872,4.3076923076923075,-0.14080603111562173,30.666666666666668,4.7333333333333325,63,13.0,24.400000000000006,6,0.0,0,0,0,0,0,3.511111111111111,-0.1062166133529623,0.35555555555555557,7.5,0.20361990950226244,0.6666666666666666,0.3333333333333333,0.027586206896551724,1.5,4.066666666666667,45.0,4.0
00-0027201,Dimitri Nance,2010,GB,9,,,1,22.535249828884325,3,0.6666666666666666,0.3333333333333333,0.0,0.6666666666666666,0.028169014084507043,0.012345679012345678,0.0,,3.0,-0.2010076333535835,0.0,0.0,0.0,-5.18040128506254,2.0,0.19999999999999998,2,1.0,9,4.0,0.4444444444444444,0.3333333333333333,4.333333333333333,0.14285714285714285,0.0136986301369863,0.01507537688442211,,2.638888888888889,-0.3537749401127267,0.25,0.1111111111111111,7.5,-0.8645172096439626,13.88888888888889,1.7222222222222223,36,4.0,14.899999999999999,6,0.0,0,0,0,0,0,2.6176470588235294,-0.36276125227502926,0.2647058823529412,5.666666666666667,0.1878453038674033,0.5,0.5,0.014218009478672985,10.0,2.483333333333333,34.0,3.0
00-0027214,Keiland Williams,2010,WAS,14,,,1,24.04928131416838,3,0.3333333333333333,3.0,2.3333333333333335,2.6666666666666665,0.01818181818181818,0.07627118644067797,0.0958904109589041,,1.0,-0.335915180272423,0.0,0.0,4.222222222222222,-0.4560088414647097,13.0,3.6333333333333333,1,9.0,14,4.642857142857143,4.142857142857143,2.7857142857142856,7.428571428571429,0.22184300341296928,0.10603290676416818,0.1196319018404908,,4.015384615384615,-0.05858504306668987,0.4,0.2153846153846154,5.327586206896552,-0.21157310586195316,40.714285714285715,8.857142857142856,65,58.0,160.0,27,46.89999999999999,16,2,0,0,0,3.693548387096774,-0.13106475094746706,0.3790322580645161,4.592592592592593,0.2016260162601626,2.185185185185185,1.5555555555555556,0.0545790934320074,5.796610169491525,5.925925925925926,124.0,59.0
00-0027257,Keith Toston,2010,LA,9,,,1,23.32375085557837,3,4.0,0.0,0.0,4.0,0.1348314606741573,0.0,0.0,,2.0833333333333335,-0.35939713473392976,0.25,0.08333333333333333,,,8.333333333333334,0.8333333333333334,12,0.0,9,2.111111111111111,0.2222222222222222,0.2222222222222222,2.3333333333333335,0.07569721115537849,0.005988023952095809,0.01015228426395939,,2.8421052631578947,-0.2968899539647331,0.3157894736842105,0.10526315789473684,14.5,1.5502881289576176,9.222222222222221,1.1444444444444444,19,2.0,22.3,9,14.5,3,1,0,0,0,4.291666666666667,-0.12302620395348633,0.375,2.6666666666666665,0.10526315789473684,0.6666666666666666,0.5555555555555556,0.017595307917888565,11.666666666666666,2.477777777777778,24.0,6.0
00-0027325,LeGarrette Blount,2010,TB,13,,,1,23.73990417522245,3,7.0,0.0,0.0,7.0,0.328125,0.0,0.0,,4.857142857142857,-0.024592005383012618,0.38095238095238093,0.19047619047619047,,,34.0,5.3999999999999995,21,0.0,13,15.461538461538462,0.5384615384615384,0.38461538461538464,15.846153846153847,0.5759312320916905,0.01804123711340206,0.02,,5.009950248756219,-0.10165716823629471,0.3333333333333333,0.1890547263681592,2.0,-0.9595141148726851,78.53846153846153,10.546153846153846,201,7.0,1049.8000000000002,125,928.8999999999999,115,8,1,1,0,4.208955223880597,-0.094529120176033,0.3622795115332429,11.792,0.43803863298662704,0.712,0.512,0.019973070017953322,5.101123595505618,8.398400000000002,1474.0,89.0
00-0027419,Chris Gronkowski,2010,DAL,9,,,1,23.682409308692677,3,0.6666666666666666,2.3333333333333335,1.6666666666666667,2.3333333333333335,0.02857142857142857,0.05343511450381679,0.056179775280898875,,4.0,0.342119435430502,0.5,0.0,3.2857142857142856,0.12965606073183686,10.333333333333334,4.7,2,7.0,9,0.5555555555555556,1.5555555555555556,0.7777777777777778,1.3333333333333333,0.021739130434782608,0.04516129032258064,0.03482587064676617,,3.4,0.5463686799630507,0.8,0.4,2.5,-0.12946776084676728,5.777777777777778,2.022222222222222,5,14.0,6.199999999999999,14,2.1,8,2,0,0,0,3.0,0.68253484298475,1.0,0.21428571428571427,0.008426966292134831,0.5714285714285714,0.21428571428571427,0.017316017316017316,2.875,0.4428571428571428,3.0,8.0
00-0027467,Javarris James,2010,IND,10,,,1,22.954140999315538,3,1.0,0.0,0.0,1.0,0.03409090909090909,0.0,0.0,,1.3333333333333333,-0.3436969139729633,0.3333333333333333,0.0,,,1.3333333333333333,0.13333333333333333,3,0.0,10,4.6,1.1,0.9,5.5,0.19574468085106383,0.02522935779816514,0.0313588850174216,,2.4347826086956523,0.02953207154492447,0.34782608695652173,0.1956521739130435,5.7272727272727275,-0.3690401708379137,17.5,6.05,46,11.0,60.099999999999994,7,0.0,0,0,0,0,0,2.511627906976744,0.055571303092684085,0.3488372093023256,6.142857142857143,0.2925170068027211,1.5714285714285714,1.2857142857142858,0.03559870550161812,5.7272727272727275,8.585714285714285,43.0,11.0
00-0027531,Chris Ivory,2010,NO,12,,,1,22.444900752908968,3,9.666666666666666,0.0,0.0,9.666666666666666,0.43283582089552236,0.0,0.0,,4.103448275862069,-0.3390223647483851,0.3793103448275862,0.3448275862068966,,,39.666666666666664,2.6333333333333333,29,0.0,12,11.416666666666666,0.08333333333333333,0.08333333333333333,11.5,0.46757679180887374,0.002066115702479339,0.0030211480362537764,,5.226277372262774,0.07464761318372097,0.45255474452554745,0.32116788321167883,17.0,1.28748664422892,61.083333333333336,8.358333333333333,137,1.0,885.6,105,793.2,96,8,2,1,0,4.27212020033389,-0.10100023984390571,0.3772954924874791,11.40952380952381,0.3922724296005239,1.4476190476190476,1.0095238095238095,0.04305949008498584,6.0394736842105265,8.434285714285714,1198.0,152.0
00-0027666,Montario Hardesty,2011,CLE,9,59.0,2.0,0,24.580424366872005,3,7.333333333333333,1.3333333333333333,1.0,8.333333333333334,0.27848101265822783,0.03636363636363636,0.05,,3.909090909090909,-0.1290301533855116,0.45454545454545453,0.18181818181818182,4.75,0.5440577851113625,35.0,4.5,22,4.0,9,9.777777777777779,2.3333333333333335,1.5555555555555556,11.333333333333334,0.37446808510638296,0.05898876404494382,0.0707070707070707,,3.022727272727273,-0.2236671110261919,0.3068181818181818,0.06818181818181818,5.809523809523809,0.24918523012006263,43.111111111111114,5.866666666666666,88,21.0,76.0,16,36.7,10,1,0,0,0,3.4427480916030535,-0.14668513889862617,0.31297709923664124,8.1875,0.3039443155452436,1.375,0.8125,0.038394415357766144,5.409090909090909,4.75,131.0,22.0
00-0027712,Joe McKnight,2010,NYJ,7,112.0,4.0,0,22.376454483230663,3,1.3333333333333333,0.0,0.0,1.3333333333333333,0.034482758620689655,0.0,0.0,,3.0,-0.2512488124193625,0.5,0.25,,,4.0,0.39999999999999997,4,0.0,7,5.571428571428571,0.5714285714285714,0.42857142857142855,6.0,0.1511627906976744,0.01834862385321101,0.025,,4.846153846153846,-0.08514799303016996,0.5128205128205128,0.1794871794871795,5.0,-1.8062767676456146,29.857142857142858,3.414285714285714,39,4.0,120.4,34,97.70000000000002,30,3,0,0,0,4.522935779816514,-0.08177368977179737,0.3944954128440367,3.2058823529411766,0.10749506903353057,0.9117647058823529,0.6764705882352942,0.02775290957923008,7.774193548387097,3.5411764705882356,109.0,31.0
00-0027772,Anthony Dixon,2010,SF,14,173.0,6.0,0,22.937713894592743,3,0.6666666666666666,0.0,0.0,0.6666666666666666,0.028169014084507043,0.0,0.0,,2.5,1.221216958452716,1.0,1.0,,,1.6666666666666667,2.1666666666666665,2,0.0,14,5.0,0.35714285714285715,0.35714285714285715,5.357142857142857,0.1907356948228883,0.01240694789081886,0.02145922746781116,,3.3857142857142857,-0.1787584112940489,0.2857142857142857,0.15714285714285714,2.2,-0.22032798933796563,17.714285714285715,2.985714285714286,70,5.0,189.89999999999998,76,154.6,65,5,0,0,0,3.4154411764705883,-0.1606841605162861,0.33088235294117646,3.5789473684210527,0.1198237885462555,0.32894736842105265,0.3026315789473684,0.011452130096197893,5.6,2.4986842105263154,272.0,25.0
00-0027779,Deji Karim,2010,JAX,11,180.0,6.0,0,23.786447638603697,3,7.666666666666667,2.3333333333333335,1.0,8.666666666666666,0.26136363636363635,0.07865168539325842,0.05454545454545454,,4.434782608695652,-0.1502396106651961,0.391304347826087,0.17391304347826086,1.4285714285714286,-0.24332316896262846,37.333333333333336,4.733333333333333,23,7.0,11,3.1818181818181817,0.6363636363636364,0.2727272727272727,3.4545454545454546,0.09749303621169916,0.022222222222222223,0.01507537688442211,,4.571428571428571,-0.051328322156852534,0.42857142857142855,0.22857142857142856,1.4285714285714286,-0.24332316896262846,15.454545454545455,1.8181818181818181,35,7.0,56.8,27,51.0,19,3,0,0,0,2.7471264367816093,-0.17645913279835718,0.3218390804597701,3.2222222222222223,0.1053268765133172,0.7777777777777778,0.5555555555555556,0.025893958076448828,5.666666666666667,2.1037037037037036,87.0,21.0
00-0027791,James Starks,2010,GB,3,193.0,6.0,0,24.514715947980836,3,9.666666666666666,1.3333333333333333,0.6666666666666666,10.333333333333334,0.37662337662337664,0.0425531914893617,0.03225806451612903,,3.4827586206896552,-0.11858689746466167,0.3793103448275862,0.1724137931034483,3.75,-0.18335004232358174,38.666666666666664,4.533333333333333,29,4.0,3,9.666666666666666,1.3333333333333333,0.6666666666666666,10.333333333333334,0.37662337662337664,0.0425531914893617,0.03225806451612903,,3.4827586206896552,-0.11858689746466167,0.3793103448275862,0.1724137931034483,3.75,-0.18335004232358174,38.666666666666664,4.533333333333333,29,4.0,545.6999999999999,71,545.6999999999999,71,6,1,0,0,4.083191850594227,-0.09616163713410475,0.35144312393887944,8.295774647887324,0.3045501551189245,2.295774647887324,1.732394366197183,0.06688551497743127,6.147239263803681,7.685915492957745,589.0,163.0
00-0027861,C.J. Spiller,2010,BUF,14,9.0,1.0,0,23.07460643394935,3,4.0,4.333333333333333,3.6666666666666665,7.666666666666667,0.1643835616438356,0.16455696202531644,0.22448979591836735,,3.1666666666666665,-0.2128710236914533,0.25,0.08333333333333333,3.1538461538461537,0.026154388014962324,26.333333333333332,10.299999999999999,12,13.0,14,5.285714285714286,2.2857142857142856,1.7142857142857142,7.0,0.20612813370473537,0.0735632183908046,0.09523809523809523,,3.824324324324324,-0.21335817527535644,0.36486486486486486,0.13513513513513514,4.90625,0.007180206532030484,31.428571428571427,5.571428571428571,74,32.0,786.6000000000001,87,739.5000000000001,76,7,1,1,0,4.8757142857142854,-0.03792386900799884,0.38,8.045977011494253,0.29914529914529914,2.8735632183908044,2.1494252873563218,0.08313934153641503,5.772,9.04137931034483,700.0,250.0
00-0027864,Ryan Mathews,2010,LAC,12,12.0,1.0,0,22.89390828199863,3,11.0,1.6666666666666667,1.3333333333333333,12.333333333333334,0.3402061855670103,0.05813953488372093,0.06666666666666667,,4.7272727272727275,-0.18333910011940383,0.3939393939393939,0.15151515151515152,8.8,-0.403845007740893,66.66666666666667,8.666666666666666,33,5.0,12,13.083333333333334,2.1666666666666665,1.8333333333333333,14.916666666666666,0.4410112359550562,0.06598984771573604,0.08088235294117647,,4.2993630573248405,-0.06410129414874519,0.37579617834394907,0.1592356687898089,5.576923076923077,-0.1735365889124712,68.33333333333333,11.666666666666666,157,26.0,1033.9,83,919.8999999999999,74,6,2,1,0,4.436521739130435,-0.036504564127396305,0.39565217391304347,13.855421686746988,0.5006530256856769,2.674698795180723,2.108433734939759,0.075,5.9774774774774775,12.456626506024097,1150.0,222.0
00-0027880,Jahvid Best,2010,DET,15,30.0,1.0,0,21.585215605749486,3,12.666666666666666,8.0,5.333333333333333,18.0,0.5757575757575758,0.19834710743801653,0.21621621621621623,,3.263157894736842,-0.15834265978054132,0.34210526315789475,0.2894736842105263,7.625,0.2256384515488,102.33333333333333,25.566666666666674,38,24.0,15,11.466666666666667,5.333333333333333,3.8666666666666667,15.333333333333334,0.4562334217506631,0.1388888888888889,0.16292134831460675,,3.2732558139534884,-0.2354296500546532,0.3023255813953488,0.14534883720930233,6.0875,0.009770891105977075,70.0,13.13333333333333,172,80.0,233.0,18,112.7,6,1,0,0,1,3.802752293577982,-0.17119906175834673,0.3165137614678899,12.11111111111111,0.48444444444444446,5.333333333333333,3.8333333333333335,0.13973799126637554,6.15625,12.944444444444445,218.0,96.0
00-0027888,Toby Gerhart,2010,MIN,15,51.0,2.0,0,23.430527036276523,3,3.0,1.0,0.3333333333333333,3.3333333333333335,0.10344827586206896,0.02912621359223301,0.01694915254237288,,3.2222222222222223,-0.4962833783485817,0.3333333333333333,0.3333333333333333,1.6666666666666667,-2.5463538898232696,11.333333333333334,0.7999999999999999,9,3.0,15,5.4,1.9333333333333333,1.4,6.8,0.1937799043062201,0.06092436974789916,0.07241379310344828,,3.9753086419753085,-0.13578006364965658,0.38271604938271603,0.16049382716049382,5.758620689655173,-0.696333628433461,32.6,4.659999999999999,81,29.0,391.99999999999994,74,324.5,62,5,0,0,0,4.242268041237113,-0.10923648900452787,0.3711340206185567,5.243243243243243,0.1950729009552539,1.7432432432432432,1.337837837837838,0.053907229419139155,6.232558139534884,5.2972972972972965,388.0,129.0
00-0027890,Ben Tate,2011,HOU,15,58.0,2.0,0,23.028062970568104,3,22.0,2.6666666666666665,1.6666666666666667,23.666666666666668,0.6470588235294118,0.0898876404494382,0.08333333333333333,,4.5606060606060606,-0.09013726192937666,0.4393939393939394,0.2878787878787879,5.0,9.222217340751349e-05,113.66666666666667,14.366666666666667,66,8.0,15,11.666666666666666,1.2666666666666666,0.8666666666666667,12.533333333333333,0.33589251439539347,0.04691358024691358,0.04924242424242424,,5.382857142857143,0.004378230138053774,0.4514285714285714,0.3028571428571429,5.157894736842105,0.031181690273928996,69.33333333333333,9.0,175,19.0,366.90000000000003,48,275.00000000000006,36,3,0,0,0,4.350210970464135,-0.0639386765566841,0.3818565400843882,9.875,0.3239917976760082,1.7291666666666667,1.2916666666666667,0.052531645569620256,3.6987951807228914,7.643750000000001,474.0,83.0
00-0027966,Mark Ingram,2011,NO,10,28.0,1.0,0,21.694729637234772,3,12.0,0.6666666666666666,0.6666666666666666,12.666666666666666,0.5,0.015503875968992248,0.02247191011235955,,3.5833333333333335,-0.3459648732238323,0.3333333333333333,0.25,-1.5,-0.99114402476698,42.0,6.2,36,2.0,10,12.4,1.3,1.1,13.5,0.4679245283018868,0.03117505995203837,0.037162162162162164,,3.967741935483871,-0.12109777768642889,0.4112903225806452,0.25,3.5384615384615383,-0.14805266175580292,53.8,10.48,124,13.0,1755.8000000000002,152,1669.6,145,11,5,4,0,4.48681996634885,-0.039472751556185966,0.39484015703869885,11.730263157894736,0.42696360153256707,2.460526315789474,1.980263157894737,0.06956845238095238,5.689839572192513,11.551315789473685,1783.0,374.0
00-0027976,Ryan Williams,2012,ARI,5,38.0,2.0,0,22.39835728952772,3,10.333333333333334,2.3333333333333335,1.6666666666666667,12.0,0.36046511627906974,0.08139534883720931,0.09615384615384616,,3.3870967741935485,-0.3788171457032851,0.22580645161290322,0.12903225806451613,5.571428571428571,-0.07371516250044556,48.0,5.133333333333334,31,7.0,5,11.6,2.0,1.4,13.0,0.4915254237288136,0.05434782608695652,0.06422018348623854,,2.8275862068965516,-0.3701450577644398,0.1896551724137931,0.1206896551724138,4.4,-0.11223067674113421,41.6,4.76,58,10.0,8.4,2,0.0,0,0,0,0,0,2.185185185185185,-0.3601882160568767,0.14814814814814814,13.5,0.84375,1.5,1.0,0.030612244897959183,1.6666666666666667,4.2,27.0,3.0
00-0027994,Shane Vereen,2011,NE,3,56.0,2.0,0,22.49965776865161,3,5.0,0.0,0.0,5.0,0.14150943396226415,0.0,0.0,,3.8,0.19873653537166933,0.26666666666666666,0.13333333333333333,,,19.0,3.9000000000000004,15,0.0,3,5.0,0.0,0.0,5.0,0.14150943396226415,0.0,0.0,,3.8,0.19873653537166933,0.26666666666666666,0.13333333333333333,,,19.0,3.9000000000000004,15,0.0,650.6,73,650.6,73,6,1,0,0,4.19941348973607,-0.06767620213130895,0.3812316715542522,4.671232876712328,0.16939890710382513,4.273972602739726,3.0273972602739727,0.11170784103114931,5.9743589743589745,8.912328767123288,341.0,312.0
00-0027995,Mikel Leshoure,2012,DET,14,57.0,2.0,0,22.425735797399042,3,18.0,4.333333333333333,3.6666666666666665,21.666666666666668,0.6428571428571429,0.087248322147651,0.11578947368421053,,3.6296296296296298,-0.19520753336922267,0.37037037037037035,0.2037037037037037,7.3076923076923075,0.22304522339702382,97.0,14.700000000000001,54,13.0,14,15.357142857142858,3.4285714285714284,2.4285714285714284,17.785714285714285,0.6195965417867435,0.07373271889400922,0.08629441624365482,,3.7116279069767444,-0.1525487008639357,0.3627906976744186,0.21395348837209302,4.458333333333333,-0.05809163083055561,72.28571428571429,13.085714285714287,215,48.0,140.0,12,0.9,1,1,0,0,1,3.7484662576687118,-0.13814569673568083,0.3558282208588957,13.583333333333334,0.5601374570446735,2.9166666666666665,1.9166666666666667,0.06422018348623854,3.4,11.666666666666666,163.0,35.0
00-0028000,Daniel Thomas,2011,MIA,13,62.0,2.0,0,23.84120465434634,3,18.666666666666668,1.6666666666666667,1.6666666666666667,20.333333333333332,0.6153846153846154,0.05434782608695652,0.10638297872340426,,4.446428571428571,-0.07031483845747499,0.4107142857142857,0.17857142857142858,9.8,1.008262920286506,99.33333333333333,12.933333333333332,56,5.0,13,12.692307692307692,1.2307692307692308,0.9230769230769231,13.615384615384615,0.4114713216957606,0.043835616438356165,0.055299539170506916,,3.521212121212121,-0.2018635478370834,0.296969696969697,0.14545454545454545,4.5,0.11837112673933503,50.23076923076923,6.253846153846154,165,16.0,277.4,49,234.90000000000003,39,3,0,0,0,3.4872521246458925,-0.15563453304288077,0.33994334277620397,7.204081632653061,0.28444802578565676,1.4081632653061225,1.0204081632653061,0.0423572744014733,5.260869565217392,5.661224489795918,353.0,69.0
00-0028009,DeMarco Murray,2011,DAL,13,71.0,3.0,0,23.550992470910334,3,3.3333333333333335,0.6666666666666666,0.6666666666666666,4.0,0.13513513513513514,0.017699115044247787,0.028169014084507043,,2.7,-0.1499158606515266,0.3,0.2,8.5,0.3760103465465365,14.666666666666666,2.1333333333333333,10,2.0,13,12.615384615384615,2.6923076923076925,2.0,14.615384615384615,0.4939759036144578,0.07692307692307693,0.08666666666666667,,5.469512195121951,0.05591251140335559,0.4573170731707317,0.25,5.228571428571429,-0.01926088797128063,83.07692307692308,11.230769230769234,164,35.0,1544.8999999999999,96,1405.3000000000002,86,6,5,3,0,4.483688833124216,-0.027288840477142525,0.41468005018820575,16.604166666666668,0.6212003117692907,3.8958333333333335,3.1770833333333335,0.11528976572133169,5.74331550802139,16.09270833333333,1594.0,374.0
00-0028011,Stevan Ridley,2011,NE,12,73.0,3.0,0,22.5927446954141,3,6.0,1.0,0.6666666666666666,6.666666666666667,0.2222222222222222,0.02608695652173913,0.025974025974025976,,8.222222222222221,0.23049754876572248,0.5555555555555556,0.3888888888888889,3.6666666666666665,-0.11518854515937464,53.0,7.966666666666666,18,3.0,12,7.25,0.4166666666666667,0.25,7.5,0.2492836676217765,0.01079913606911447,0.009708737864077669,,5.068965517241379,-0.00039593877482245324,0.40229885057471265,0.20689655172413793,2.6,-0.25583517272025336,37.833333333333336,4.533333333333333,87,5.0,460.5,65,430.0,56,7,1,0,0,4.0744827586206895,-0.07039499507182419,0.3986206896551724,11.153846153846153,0.3817798841495524,0.6461538461538462,0.4307692307692308,0.01686069851465275,3.5952380952380953,7.084615384615384,725.0,42.0
00-0028043,Roy Helu,2011,WAS,15,105.0,4.0,0,22.732375085557837,3,5.333333333333333,2.0,1.6666666666666667,7.0,0.1951219512195122,0.05405405405405406,0.07352941176470588,,5.6875,0.04890983692530476,0.5,0.375,9.166666666666666,0.2808727293697552,48.666666666666664,6.533333333333332,16,6.0,15,10.066666666666666,3.933333333333333,3.2666666666666666,13.333333333333334,0.4026666666666667,0.10905730129390019,0.153125,,4.23841059602649,-0.06483970631727606,0.37748344370860926,0.2052980132450331,6.423728813559322,0.001975875452606999,67.93333333333334,10.993333333333336,151,59.0,418.20000000000005,52,272.9,40,4,0,0,1,4.21875,-0.08390734265107125,0.37890625,4.923076923076923,0.18497109826589594,3.173076923076923,2.5576923076923075,0.0889487870619946,7.1030303030303035,8.042307692307693,256.0,165.0
00-0028053,Kendall Hunter,2011,SF,16,115.0,4.0,0,22.95687885010267,3,3.6666666666666665,0.6666666666666666,0.6666666666666666,4.333333333333333,0.12941176470588237,0.02702702702702703,0.0392156862745098,,2.727272727272727,-0.04529354666554726,0.45454545454545453,0.2727272727272727,6.0,0.4840183459455145,14.0,4.066666666666667,11,2.0,16,7.0,1.625,1.0,8.0,0.2248995983935743,0.05790645879732739,0.05776173285198556,,4.223214285714286,-0.05714004389186952,0.41964285714285715,0.1875,7.5,0.38008724271024275,41.75,5.925,112,26.0,202.0,41,119.39999999999999,28,3,0,0,0,4.658730158730159,-0.0027426138640683695,0.43253968253968256,6.146341463414634,0.19858156028368795,0.975609756097561,0.6097560975609756,0.035523978685612786,6.4,4.926829268292683,252.0,40.0
00-0028057,Delone Carter,2011,IND,15,119.0,4.0,0,24.194387405886378,3,7.333333333333333,0.3333333333333333,0.0,7.333333333333333,0.3492063492063492,0.009433962264150943,0.0,,3.727272727272727,-0.27564474131797867,0.2727272727272727,0.18181818181818182,0.0,-0.433483777276706,27.333333333333332,2.733333333333333,22,1.0,15,6.733333333333333,0.5333333333333333,0.3333333333333333,7.066666666666666,0.28133704735376047,0.01609657947686117,0.017421602787456445,,3.732673267326733,-0.31343659027958426,0.32673267326732675,0.18811881188118812,2.25,-0.3821730488198227,26.333333333333332,3.3666666666666663,101,8.0,74.8,20,32.5,8,1,0,0,0,3.7567567567567566,-0.17736380137969865,0.40540540540540543,5.55,0.20943396226415095,0.45,0.3,0.012949640287769784,3.4444444444444446,3.7399999999999998,111.0,9.0
00-0028062,Owen Marecic,2011,CLE,8,124.0,4.0,0,22.90759753593429,3,0.6666666666666666,1.0,0.6666666666666666,1.3333333333333333,0.02531645569620253,0.02727272727272727,0.03333333333333333,,2.0,-0.85044963529799,0.0,0.0,4.333333333333333,0.019626594536627334,5.666666666666667,1.2333333333333332,2,3.0,8,0.5,0.75,0.625,1.125,0.019704433497536946,0.02181818181818182,0.028901734104046242,,2.0,-0.29062508852803076,0.25,0.25,5.166666666666667,0.23625762471541148,4.875,1.1125,4,6.0,5.2,9,0.0,4,1,0,0,0,2.0,0.2691994582419285,0.5,0.2222222222222222,0.00909090909090909,0.8888888888888888,0.3333333333333333,0.025396825396825397,2.25,0.5777777777777778,2.0,8.0
00-0028063,Taiwan Jones,2011,LV,9,125.0,4.0,0,23.09924709103354,3,0.6666666666666666,0.3333333333333333,0.3333333333333333,1.0,0.02247191011235955,0.010416666666666666,0.015151515151515152,,6.0,0.26166943623684363,1.0,0.0,-5.0,-1.20443240716122,2.3333333333333335,0.5666666666666668,2,1.0,9,1.7777777777777777,0.3333333333333333,0.2222222222222222,2.0,0.055944055944055944,0.011152416356877323,0.012422360248447204,,4.5625,-0.1232749459595649,0.3125,0.125,8.333333333333334,0.004708272094526696,10.88888888888889,1.3111111111111111,16,3.0,71.6,93,61.5,87,10,0,0,0,4.137254901960785,-0.10001730069680159,0.29411764705882354,0.5483870967741935,0.020622725434694702,0.2903225806451613,0.1935483870967742,0.008631713554987212,9.814814814814815,0.7698924731182795,51.0,27.0
00-0028068,Jamie Harper,2011,TEN,10,130.0,4.0,0,21.971252566735114,3,1.3333333333333333,0.3333333333333333,0.3333333333333333,1.6666666666666667,0.06666666666666667,0.009708737864077669,0.016666666666666666,,3.0,-0.03302836454531624,0.25,0.25,21.0,2.55634735571221,11.0,1.4333333333333333,4,1.0,10,1.7,0.6,0.4,2.1,0.08133971291866028,0.016042780748663103,0.017857142857142856,,2.588235294117647,-0.4330273112693031,0.23529411764705882,0.23529411764705882,5.333333333333333,-0.18717896286398114,7.6,1.56,17,6.0,34.099999999999994,14,22.799999999999997,7,1,0,0,0,1.9375,-0.2872445740140389,0.3125,2.2857142857142856,0.10126582278481013,0.42857142857142855,0.2857142857142857,0.011787819253438114,3.1666666666666665,2.4357142857142855,32.0,6.0
00-0028071,Johnny White,2011,BUF,7,133.0,5.0,0,23.575633127994525,3,2.6666666666666665,0.0,0.0,2.6666666666666665,0.1,0.0,0.0,,3.25,-0.27992430359881876,0.25,0.125,,,8.666666666666666,0.8666666666666667,8,0.0,7,1.7142857142857142,0.5714285714285714,0.14285714285714285,1.8571428571428572,0.07058823529411765,0.015384615384615385,0.0064516129032258064,,3.1666666666666665,-0.2527678521776885,0.25,0.08333333333333333,-0.75,-0.6994344047270725,5.0,0.642857142857143,12,4.0,5.3,7,3.4000000000000004,3,1,0,0,0,3.8333333333333335,-0.11522731220369076,0.25,1.7142857142857142,0.06417112299465241,0.5714285714285714,0.14285714285714285,0.015748031496062992,-0.75,0.7571428571428571,12.0,4.0
00-0028083,Jacquizz Rodgers,2011,ATL,16,145.0,5.0,0,21.56605065023956,3,2.3333333333333335,2.6666666666666665,1.6666666666666667,4.0,0.1206896551724138,0.06666666666666667,0.06756756756756757,,3.4285714285714284,0.11228479627087386,0.42857142857142855,0.2857142857142857,6.5,-0.48125292689655874,25.333333333333332,4.2,7,8.0,16,3.5625,1.6875,1.3125,4.875,0.12582781456953643,0.04639175257731959,0.057534246575342465,,3.5964912280701755,-0.11815817582751881,0.40350877192982454,0.2631578947368421,6.962962962962963,-0.14565205866153022,24.5625,4.39375,57,27.0,647.1000000000001,106,589.4000000000001,93,7,0,0,0,3.7973977695167287,-0.12324556036070329,0.35687732342007433,5.0754716981132075,0.20479634564141608,2.4056603773584904,1.990566037735849,0.06341706043272818,6.031372549019608,6.104716981132077,538.0,255.0
00-0028087,Dion Lewis,2011,PHI,13,149.0,5.0,0,20.928131416837783,3,1.0,0.3333333333333333,0.3333333333333333,1.3333333333333333,0.029411764705882353,0.010309278350515464,0.016666666666666666,,4.333333333333333,0.003726670402101987,0.3333333333333333,0.3333333333333333,-3.0,-1.2840089884703,3.3333333333333335,0.6666666666666666,3,1.0,13,1.7692307692307692,0.07692307692307693,0.07692307692307693,1.8461538461538463,0.06497175141242938,0.002197802197802198,0.0036231884057971015,,4.434782608695652,0.06264113145880415,0.391304347826087,0.21739130434782608,-3.0,-1.2840089884703,7.615384615384615,1.2999999999999998,23,1.0,696.3,93,681.4000000000001,83,7,1,0,0,4.276595744680851,-0.03640735681135495,0.41134751773049644,6.064516129032258,0.22523961661341854,2.5806451612903225,2.043010752688172,0.0791817881887166,5.879166666666666,7.487096774193548,564.0,240.0
00-0028115,Evan Royster,2011,WAS,6,177.0,6.0,0,23.76454483230664,3,2.3333333333333335,1.0,1.0,3.3333333333333335,0.08139534883720931,0.02702702702702703,0.046153846153846156,,6.714285714285714,0.16512627564537,0.42857142857142855,0.2857142857142857,3.0,0.6916127831677926,18.666666666666668,2.8666666666666667,7,3.0,6,9.333333333333334,2.1666666666666665,1.5,10.833333333333334,0.32,0.05909090909090909,0.0703125,,5.857142857142857,0.19961008488358614,0.5357142857142857,0.30357142857142855,5.230769230769231,0.13175515218937445,66.0,8.1,56,13.0,88.00000000000001,22,48.0,19,2,0,0,0,4.986486486486487,0.13781287792222127,0.5135135135135135,3.3636363636363638,0.10850439882697947,1.5454545454545454,1.0,0.05263157894736842,5.029411764705882,4.000000000000001,74.0,34.0
00-0028159,Da'Rel Scott,2011,NYG,7,221.0,7.0,0,23.266255989048595,3,0.3333333333333333,0.3333333333333333,0.3333333333333333,0.6666666666666666,0.01098901098901099,0.00909090909090909,0.014925373134328358,,5.0,1.17968411883339,1.0,1.0,4.0,-0.131804324686527,3.0,0.6333333333333333,1,1.0,7,0.7142857142857143,0.2857142857142857,0.2857142857142857,1.0,0.027932960893854747,0.007272727272727273,0.011904761904761904,,3.2,-0.7349938797764483,0.4,0.2,6.5,0.3220480667660015,4.142857142857143,0.4142857142857143,5,2.0,36.4,10,35.4,6,2,0,0,0,3.1,-0.41309810483665316,0.23333333333333334,3.0,0.14084507042253522,2.0,1.2,0.05235602094240838,5.55,3.6399999999999997,30.0,20.0
00-0028170,Baron Batch,2012,PIT,9,232.0,7.0,0,24.698151950718685,3,2.0,0.6666666666666666,0.6666666666666666,2.6666666666666665,0.08108108108108109,0.017391304347826087,0.024390243902439025,,2.0,-0.20980248186000003,0.3333333333333333,0.16666666666666666,10.0,0.376164463435998,10.666666666666666,1.7333333333333334,6,2.0,9,2.7777777777777777,0.5555555555555556,0.4444444444444444,3.2222222222222223,0.102880658436214,0.015384615384615385,0.018867924528301886,,1.96,-0.2030187606555408,0.2,0.16,6.2,0.22470011663390324,8.88888888888889,2.0,25,5.0,12.8,6,0.0,0,0,0,0,0,1.9473684210526316,-0.2008765329067642,0.15789473684210525,3.1666666666666665,0.11242603550295859,0.5,0.3333333333333333,0.014285714285714285,3.6666666666666665,2.1333333333333333,19.0,3.0
00-0028198,Matt Asiata,2012,MIN,5,,,1,25.1088295687885,3,0.6666666666666666,0.3333333333333333,0.3333333333333333,1.0,0.025,0.009708737864077669,0.014925373134328358,,4.0,-0.463130904827267,0.0,0.0,2.0,-0.488543118466623,3.3333333333333335,0.6666666666666666,2,1.0,5,0.6,0.2,0.2,0.8,0.01935483870967742,0.006369426751592357,0.01,,3.0,-0.42574674147181235,0.0,0.0,2.0,-0.488543118466623,2.2,0.42000000000000004,3,1.0,409.1,54,409.0,52,4,1,0,0,3.4846796657381613,-0.1515742498246819,0.38997214484679665,6.648148148148148,0.24639670555936857,2.425925925925926,1.8518518518518519,0.07438955139125497,5.4961832061068705,7.575925925925926,359.0,131.0
00-0028409,DuJuan Harris,2011,JAX,5,,,1,22.99247091033539,3,1.3333333333333333,0.3333333333333333,0.0,1.3333333333333333,0.04819277108433735,0.011363636363636364,0.0,,6.25,-0.12752019693649974,0.5,0.5,0.0,-0.576346746704076,8.333333333333334,0.8333333333333334,4,1.0,5,1.8,0.4,0.2,2.0,0.06164383561643835,0.013422818791946308,0.012195121951219513,,4.666666666666667,-0.1957373743239632,0.4444444444444444,0.2222222222222222,2.0,-0.7078170980071721,9.2,1.1199999999999999,9,2.0,113.90000000000002,30,110.80000000000001,28,4,0,0,0,4.00709219858156,-0.18411371459815393,0.3475177304964539,4.7,0.17111650485436894,0.9333333333333333,0.7,0.027944111776447105,8.714285714285714,3.7966666666666673,141.0,28.0
00-0028574,Mossis Madu,2011,TB,6,,,1,23.824777549623544,3,3.0,0.3333333333333333,0.3333333333333333,3.3333333333333335,0.1267605633802817,0.010526315789473684,0.01639344262295082,,3.4444444444444446,-0.24705657183787721,0.3333333333333333,0.1111111111111111,3.0,-0.089565523318015,11.333333333333334,1.4666666666666668,9,1.0,6,2.5,2.0,1.6666666666666667,4.166666666666667,0.1282051282051282,0.058823529411764705,0.072992700729927,,3.6666666666666665,-0.21509242304988876,0.3333333333333333,0.2,6.0,0.12545017997035748,21.166666666666668,3.783333333333333,15,12.0,18.3,3,0.0,0,0,0,0,0,4.0,-0.1671461998679061,0.3333333333333333,2.0,0.13043478260869565,3.6666666666666665,3.0,0.10091743119266056,6.2727272727272725,6.1000000000000005,6.0,11.0
00-0028602,Brandon Saine,2011,GB,8,,,1,22.713210130047912,3,0.0,0.0,0.0,0.0,0.0,0.0,0.0,,,,,,,,0.0,0.0,0,0.0,8,2.25,1.375,1.125,3.375,0.09230769230769231,0.040740740740740744,0.0481283422459893,,3.8333333333333335,-0.15906513967917638,0.3333333333333333,0.05555555555555555,5.636363636363637,0.03918800729968837,16.375,2.7625,18,11.0,22.1,6,0.0,1,1,0,0,0,3.8333333333333335,-0.15906513967917638,0.3333333333333333,3.0,0.1323529411764706,1.8333333333333333,1.5,0.05045871559633028,5.636363636363637,3.6833333333333336,18.0,11.0
00-0028613,Phillip Tanner,2011,DAL,7,,,1,23.06365503080082,3,2.0,0.0,0.0,2.0,0.07058823529411765,0.0,0.0,,5.666666666666667,0.25033595868929664,0.5,0.5,,,11.333333333333334,3.1333333333333333,6,0.0,7,3.142857142857143,0.2857142857142857,0.2857142857142857,3.4285714285714284,0.11518324607329843,0.008368200836820083,0.012658227848101266,,3.4545454545454546,-0.11686326690142718,0.3181818181818182,0.22727272727272727,9.5,0.322590659634443,13.571428571428571,2.5,22,2.0,35.8,22,27.7,18,2,0,0,0,2.3,-0.23560895139362587,0.24,2.272727272727273,0.09560229445506692,0.5,0.4090909090909091,0.01346389228886169,8.454545454545455,1.6272727272727272,50.0,11.0
00-0028706,Armond Smith,2011,CLE,3,,,1,25.319644079397673,3,1.0,0.3333333333333333,0.0,1.0,0.04,0.007751937984496124,0.0,,0.6666666666666666,-1.40300919301808,0.3333333333333333,0.0,0.0,-0.79330470180139,0.6666666666666666,0.06666666666666667,3,1.0,3,1.0,0.3333333333333333,0.0,1.0,0.04,0.007751937984496124,0.0,,0.6666666666666666,-1.40300919301808,0.3333333333333333,0.0,0.0,-0.79330470180139,0.6666666666666666,0.06666666666666667,3,1.0,0.5,7,0.5,7,2,0,0,0,0.7142857142857143,-0.7857891600329571,0.0,1.0,0.028112449799196786,0.0,0.0,0.0,,0.07142857142857142,7.0,0.0
00-0028841,Will Johnson,2012,PIT,13,,,1,23.797399041752225,3,0.0,1.0,1.0,1.0,0.0,0.02608695652173913,0.036585365853658534,,,,,,14.0,0.7885675033709654,14.0,2.4000000000000004,0,3.0,13,0.15384615384615385,2.0,1.1538461538461537,1.3076923076923077,0.005988023952095809,0.05689277899343545,0.05067567567567568,,3.5,-0.09095098054967851,0.5,0.0,5.269230769230769,0.09113576210018846,11.076923076923077,2.7230769230769236,2,26.0,68.7,40,40.5,30,3,0,0,0,1.75,-0.2393069576719434,0.25,0.2,0.007881773399014778,1.2,0.7,0.03260869565217391,4.020833333333333,1.7175,8.0,48.0
00-0029004,Lance Dunbar,2012,DAL,9,,,1,22.600958247775495,3,0.3333333333333333,0.0,0.0,0.3333333333333333,0.011111111111111112,0.0,0.0,,11.0,1.01887404033914,1.0,1.0,,,3.6666666666666665,0.3666666666666667,1,0.0,9,2.3333333333333335,1.3333333333333333,0.6666666666666666,3.0,0.105,0.031331592689295036,0.024,,3.5714285714285716,-0.19877966729829277,0.38095238095238093,0.23809523809523808,2.75,-0.182612263209497,12.0,1.8666666666666667,21,12.0,189.89999999999998,47,174.20000000000002,41,5,0,0,0,4.4423076923076925,-0.0654998421059494,0.41346153846153844,2.2127659574468086,0.08221343873517786,1.9361702127659575,1.4680851063829787,0.05878552971576227,7.1098901098901095,4.040425531914893,104.0,91.0
00-0029140,Chris Rainey,2012,PIT,16,159.0,5.0,0,24.501026694045173,3,2.0,1.6666666666666667,1.3333333333333333,3.3333333333333335,0.08108108108108109,0.043478260869565216,0.04878048780487805,,2.5,-0.3896881158112562,0.3333333333333333,0.16666666666666666,5.4,-0.5501492271781905,14.0,2.733333333333333,6,5.0,16,1.625,1.375,0.875,2.5,0.06310679611650485,0.03907637655417407,0.03954802259887006,,3.923076923076923,0.06881533326124184,0.4230769230769231,0.19230769230769232,2.727272727272727,-0.666634643805512,10.125,2.5125,26,22.0,31.999999999999996,15,0.0,2,1,0,0,0,4.35,0.20636636798299124,0.45,1.3333333333333333,0.05333333333333334,1.2,0.6666666666666666,0.034220532319391636,1.8333333333333333,2.1333333333333333,20.0,18.0
00-0029141,Alfred Morris,2012,WAS,16,173.0,6.0,0,23.720739219712527,3,20.333333333333332,0.3333333333333333,0.0,20.333333333333332,0.5700934579439252,0.011627906976744186,0.0,,4.311475409836065,-0.00417879319818472,0.3442622950819672,0.21311475409836064,0.0,-0.583921039011329,87.66666666666667,14.766666666666666,61,1.0,16,20.9375,1.0,0.6875,21.625,0.6454720616570327,0.03686635944700461,0.037800687285223365,,4.8149253731343284,-0.00387801863003114,0.4059701492537313,0.24776119402985075,4.8125,-0.05497238747947994,105.625,15.75,335,16.0,892.3000000000001,109,684.6,96,8,2,0,1,4.3201754385964914,-0.06560426845415535,0.38084795321637427,12.55045871559633,0.43902439024390244,0.8990825688073395,0.6238532110091743,0.02791227570492737,5.23469387755102,8.186238532110092,1368.0,98.0
00-0029205,Travaris Cadet,2012,NO,12,,,1,23.581108829568787,3,0.0,0.0,0.0,0.0,0.0,0.0,0.0,,,,,,,,0.0,0.0,0,0.0,12,0.08333333333333333,0.6666666666666666,0.4166666666666667,0.5,0.0034965034965034965,0.016494845360824743,0.01557632398753894,,5.0,-0.57102210377343,0.0,0.0,5.5,0.15153659609495687,4.083333333333333,0.8250000000000001,1,8.0,271.1,59,261.2,50,6,0,0,0,3.283333333333333,-0.39033997934505205,0.31666666666666665,1.0169491525423728,0.04008016032064128,2.6610169491525424,2.016949152542373,0.06749785038693035,6.140127388535032,4.594915254237288,60.0,157.0
00-0029239,Brandon Bolden,2012,NE,9,,,1,22.598220396988363,3,7.666666666666667,0.3333333333333333,0.3333333333333333,8.0,0.21100917431192662,0.009259259259259259,0.0136986301369863,,6.608695652173913,0.3624802130719587,0.5652173913043478,0.43478260869565216,11.0,0.717650020960718,54.333333333333336,9.766666666666667,23,1.0,9,6.222222222222222,0.2222222222222222,0.2222222222222222,6.444444444444445,0.18006430868167203,0.005390835579514825,0.00851063829787234,,4.892857142857143,0.06272986205177226,0.42857142857142855,0.32142857142857145,5.5,0.09289190801791797,31.666666666666668,4.722222222222223,56,2.0,437.00000000000006,116,423.80000000000007,110,10,0,0,0,4.419928825622776,-0.08794561756707447,0.3736654804270463,2.4224137931034484,0.08806016922594798,1.2586206896551724,0.9310344827586207,0.036273291925465835,6.493150684931507,3.767241379310345,281.0,146.0
00-0029251,David Wilson,2012,NYG,16,32.0,1.0,0,21.215605749486652,3,2.0,1.0,0.3333333333333333,2.3333333333333335,0.0821917808219178,0.025,0.0125,,1.3333333333333333,-1.1830407638626639,0.0,0.0,1.0,-0.7132739986172284,3.6666666666666665,0.03333333333333336,6,3.0,16,4.4375,0.5625,0.25,4.6875,0.17359413202933985,0.016822429906542057,0.01238390092879257,,5.042253521126761,-0.06066015551007811,0.3380281690140845,0.23943661971830985,3.7777777777777777,-0.11962837650710832,24.5,4.825,71,9.0,96.49999999999999,18,19.4,5,1,0,0,0,4.5504587155963305,-0.14752450204262132,0.3669724770642202,6.055555555555555,0.2576832151300236,0.6666666666666666,0.2777777777777778,0.019417475728155338,3.25,5.361111111111111,109.0,12.0
00-0029260,LaMichael James,2012,SF,4,61.0,2.0,0,22.861054072553046,3,6.666666666666667,1.6666666666666667,1.0,7.666666666666667,0.23255813953488372,0.060240963855421686,0.058823529411764705,,3.8,0.06267532617390884,0.45,0.25,5.8,0.020743541547562194,35.0,4.5,20,5.0,4,6.75,1.25,0.75,7.5,0.21951219512195122,0.044642857142857144,0.04411764705882353,,4.62962962962963,0.07066310312268173,0.4444444444444444,0.2962962962962963,5.8,0.020743541547562194,38.5,4.6,27,5.0,15.299999999999999,15,10.4,14,3,0,0,0,4.875,-0.09197108660858523,0.3333333333333333,1.6,0.053811659192825115,0.26666666666666666,0.13333333333333333,0.009501187648456057,4.0,1.02,24.0,4.0
00-0029264,Bernard Pierce,2012,BAL,15,84.0,3.0,0,21.31416837782341,3,3.6666666666666665,0.3333333333333333,0.3333333333333333,4.0,0.15714285714285714,0.008849557522123894,0.0136986301369863,,3.6363636363636362,-0.36681208821987266,0.36363636363636365,0.09090909090909091,10.0,1.07066574459895,16.666666666666668,2.0,11,1.0,15,7.2,0.7333333333333333,0.4666666666666667,7.666666666666667,0.25,0.021400778210116732,0.022364217252396165,,4.925925925925926,-0.09501056186353331,0.3333333333333333,0.19444444444444445,4.2727272727272725,-0.009451605570080058,38.6,4.726666666666666,108,11.0,205.6,46,140.7,34,3,0,0,0,3.75,-0.1761194813773423,0.28735632183908044,7.565217391304348,0.2755344418052256,1.0,0.6739130434782609,0.02792956891317547,3.5,4.469565217391304,348.0,46.0
00-0029273,Robert Turbin,2012,SEA,15,106.0,4.0,0,22.748802190280628,3,4.333333333333333,1.6666666666666667,1.6666666666666667,6.0,0.12037037037037036,0.06329113924050633,0.1,,5.0,0.10945506451445505,0.46153846153846156,0.3076923076923077,7.8,-0.09875572361052119,34.666666666666664,5.133333333333334,13,5.0,15,5.333333333333333,1.5333333333333334,1.2666666666666666,6.6,0.15779092702169625,0.060526315789473685,0.07630522088353414,,4.425,-0.11464763772419237,0.3625,0.1875,7.869565217391305,0.03619884675911483,35.666666666666664,4.833333333333333,80,23.0,342.8,77,285.7,65,6,0,0,0,3.7690058479532165,-0.0971255746780038,0.4239766081871345,4.441558441558442,0.15079365079365079,1.4025974025974026,1.051948051948052,0.04691572545612511,6.0092592592592595,4.451948051948052,342.0,108.0
00-0029298,Cyrus Gray,2012,KC,5,182.0,6.0,0,22.78713210130048,3,1.6666666666666667,0.6666666666666666,0.3333333333333333,2.0,0.04854368932038835,0.021505376344086023,0.017543859649122806,,7.0,0.2903429835219876,0.6,0.4,6.0,-0.176330482150872,15.666666666666666,1.9000000000000001,5,2.0,5,1.4,0.6,0.4,1.8,0.040229885057471264,0.022727272727272728,0.024096385542168676,,6.285714285714286,0.2068754850437738,0.5714285714285714,0.42857142857142855,6.0,-0.42860529183497836,12.4,1.6400000000000001,7,3.0,25.6,21,23.1,19,2,0,0,0,3.3684210526315788,-0.13138992649405024,0.3157894736842105,0.9047619047619048,0.03177257525083612,0.5238095238095238,0.38095238095238093,0.01669195751138088,4.7272727272727275,1.2190476190476192,19.0,11.0
00-0029317,Edwin Baker,2013,CLE,3,250.0,7.0,0,22.253251197809718,3,14.333333333333334,3.0,2.6666666666666665,17.0,0.7413793103448276,0.07563025210084033,0.125,0.5066666666666667,3.9767441860465116,0.0024409618724116713,0.3953488372093023,0.2558139534883721,6.333333333333333,0.26201089346755474,76.0,14.266666666666666,43,9.0,3,14.333333333333334,3.0,2.6666666666666665,17.0,0.7413793103448276,0.07563025210084033,0.125,0.5066666666666667,3.9767441860465116,0.0024409618724116713,0.3953488372093023,0.2558139534883721,6.333333333333333,0.26201089346755474,76.0,14.266666666666666,43,9.0,0.2,1,0.2,1,1,0,0,0,2.0,-1.73424254055135,0.0,1.0,0.02702702702702703,0.0,0.0,0.0,,0.2,1.0,0.0
00-0029429,Bryce Brown,2012,PHI,16,229.0,7.0,0,21.30321697467488,3,3.0,0.6666666666666666,0.3333333333333333,3.3333333333333335,0.09782608695652174,0.016260162601626018,0.014492753623188406,,4.222222222222222,-0.12937588634344557,0.2222222222222222,0.1111111111111111,4.0,0.457161361235194,15.333333333333334,1.8666666666666665,9,2.0,16,7.1875,1.1875,0.8125,8.0,0.2784503631961259,0.03177257525083612,0.035422343324250684,,4.904347826086957,-0.18774935778617818,0.3826086956521739,0.28695652173913044,2.9473684210526314,-0.3137488427284859,38.75,5.8125,115,19.0,206.6,38,119.2,25,3,0,0,0,4.289256198347108,-0.17859351130117454,0.38016528925619836,6.368421052631579,0.2234533702677747,1.5,0.9473684210526315,0.044846577498033044,5.4035087719298245,5.436842105263158,242.0,57.0
00-0029441,Jeremy Stewart,2012,LV,4,,,1,23.537303216974674,3,5.333333333333333,2.3333333333333335,2.3333333333333335,7.666666666666667,0.2191780821917808,0.058333333333333334,0.1,,3.4375,-0.15152117343677693,0.3125,0.0,8.571428571428571,0.12475297107760284,38.333333333333336,6.166666666666667,16,7.0,4,6.25,2.0,2.0,8.25,0.2777777777777778,0.04678362573099415,0.07692307692307693,,4.04,-0.15736634844914082,0.36,0.12,7.75,0.01344699406763436,40.75,6.075,25,8.0,22.800000000000004,12,17.0,11,2,0,0,0,4.117647058823529,-0.0015225437305425222,0.4117647058823529,1.4166666666666667,0.04594594594594595,0.25,0.25,0.007731958762886598,2.6666666666666665,1.9000000000000004,17.0,3.0
00-0029547,Vick Ballard,2012,IND,16,170.0,5.0,0,22.130047912388775,3,5.0,0.3333333333333333,0.0,5.0,0.20270270270270271,0.00847457627118644,0.0,,2.066666666666667,-0.3808266039549687,0.13333333333333333,0.06666666666666667,0.0,-0.42708057758864,10.333333333333334,1.0333333333333332,15,1.0,16,13.1875,1.6875,1.0625,14.25,0.47954545454545455,0.043689320388349516,0.05014749262536873,,3.8578199052132702,-0.08002672146788423,0.3886255924170616,0.23696682464454977,5.62962962962963,0.12565541099591707,60.375,8.225000000000001,211,27.0,135.3,14,6.8,1,1,0,0,0,4.047846889952153,-0.050960499744831196,0.41148325358851673,14.928571428571429,0.5331632653061225,2.0,1.2857142857142858,0.05353728489483748,5.25,9.664285714285715,209.0,28.0
00-0029612,Daryl Richardson,2012,LA,16,252.0,7.0,0,22.390143737166323,3,7.0,1.3333333333333333,1.0,8.0,0.3,0.0425531914893617,0.04918032786885246,,5.666666666666667,-0.029765518388422823,0.3333333333333333,0.19047619047619047,5.75,0.02119299594778576,47.333333333333336,5.733333333333333,21,4.0,16,6.125,2.25,1.5,7.625,0.23902439024390243,0.06605504587155964,0.07228915662650602,,4.846938775510204,-0.06745904786778432,0.35714285714285715,0.19387755102040816,4.527777777777778,-0.3375591929745142,39.875,5.3625,98,36.0,116.89999999999998,22,48.3,9,2,0,0,0,3.9054054054054053,-0.1321443246764222,0.35135135135135137,6.7272727272727275,0.26148409893992935,2.272727272727273,1.5909090909090908,0.0641025641025641,5.22,5.313636363636363,148.0,50.0
00-0029613,Doug Martin,2012,TB,16,31.0,1.0,0,23.633127994524298,3,21.0,3.3333333333333335,2.0,23.0,0.7590361445783133,0.12658227848101267,0.14634146341463414,,3.3968253968253967,-0.13578457305889716,0.2857142857142857,0.14285714285714285,4.4,-0.079424235201441,86.0,12.6,63,10.0,16,19.9375,4.375,3.0625,23.0,0.7668269230769231,0.1252236135957066,0.15755627009646303,,4.5579937304075235,-0.013789254481596082,0.3949843260188088,0.18181818181818182,6.742857142857143,0.18543239232136075,120.375,19.475,319,70.0,938.5,81,664.7000000000002,68,6,1,1,1,4.084193804606831,-0.10344601826758801,0.3733121525019857,15.54320987654321,0.607039537126326,2.54320987654321,1.7530864197530864,0.07317939609236235,5.645631067961165,11.58641975308642,1259.0,206.0
00-0029615,Lamar Miller,2012,MIA,9,97.0,4.0,0,21.35523613963039,3,7.666666666666667,0.0,0.0,7.666666666666667,0.2,0.0,0.0,,5.478260869565218,0.08604711749585853,0.5217391304347826,0.2608695652173913,,,42.0,6.2,23,0.0,9,5.666666666666667,1.0,0.6666666666666666,6.333333333333333,0.19921875,0.029508196721311476,0.03389830508474576,,4.901960784313726,0.014135903758156574,0.45098039215686275,0.23529411764705882,5.0,0.12910102456549366,32.77777777777778,4.611111111111111,51,9.0,1163.8999999999996,99,1140.9999999999998,93,7,5,2,0,4.311044327573253,-0.09242988487510184,0.3673929376408715,13.444444444444445,0.5260869565217391,2.7676767676767677,2.1313131313131315,0.08030480656506447,5.733576642335766,11.756565656565654,1331.0,274.0
00-0029626,Isaiah Pead,2012,LA,10,50.0,2.0,0,22.715947980835043,3,0.0,0.3333333333333333,0.3333333333333333,0.3333333333333333,0.0,0.010638297872340425,0.01639344262295082,,,,,,4.0,-0.248831390403211,1.3333333333333333,0.4666666666666666,0,1.0,10,1.0,0.4,0.3,1.3,0.03968253968253968,0.011764705882352941,0.013452914798206279,,5.4,0.1173918938904535,0.6,0.2,4.0,-0.3114594614162344,7.0,1.0,10,4.0,33.6,20,25.0,13,3,0,0,0,3.7037037037037037,-0.24932287898802874,0.3333333333333333,1.35,0.055327868852459015,0.95,0.7,0.02900763358778626,5.052631578947368,1.6800000000000002,27.0,19.0
00-0029675,Trent Richardson,2012,CLE,15,3.0,1.0,0,22.146475017111566,3,16.666666666666668,5.0,3.6666666666666665,20.333333333333332,0.8620689655172413,0.13157894736842105,0.16923076923076924,,3.5,-0.151641176880803,0.3,0.14,4.333333333333333,0.04231409633454527,80.0,17.666666666666668,50,15.0,15,17.8,4.666666666666667,3.4,21.2,0.7216216216216216,0.1320754716981132,0.16666666666666666,,3.5580524344569286,-0.11634275568092682,0.3445692883895131,0.1348314606741573,5.242857142857143,0.17789089139344347,87.8,16.98,267,70.0,464.4,43,262.69999999999993,31,2,0,0,1,3.2925531914893615,-0.1542055568720537,0.3421985815602837,13.116279069767442,0.5094850948509485,3.2790697674418605,2.372093023255814,0.08703703703703704,6.00709219858156,10.799999999999999,564.0,141.0
00-0029683,Ronnie Hillman,2012,DEN,14,67.0,3.0,0,20.966461327857633,3,5.0,1.3333333333333333,1.3333333333333333,6.333333333333333,0.189873417721519,0.03007518796992481,0.04597701149425287,,3.1333333333333333,-0.19902763988745079,0.3333333333333333,0.13333333333333333,9.25,0.23478721559513335,28.0,4.133333333333334,15,4.0,14,6.071428571428571,0.8571428571428571,0.7142857142857143,6.785714285714286,0.1990632318501171,0.023032629558541268,0.027855153203342618,,3.8823529411764706,-0.20050943103892593,0.38823529411764707,0.2235294117647059,5.166666666666667,0.08226244927209969,28.0,3.8000000000000003,85,12.0,383.6,52,342.8,41,4,0,0,0,4.0271398747390394,-0.10608067558012992,0.3736951983298539,9.211538461538462,0.34116809116809116,2.0384615384615383,1.3461538461538463,0.05297351324337831,4.59433962264151,7.376923076923077,479.0,106.0
00-0029795,Benny Cunningham,2013,LA,14,,,1,23.15400410677618,3,2.0,1.3333333333333333,0.3333333333333333,2.3333333333333335,0.1111111111111111,0.02857142857142857,0.011363636363636364,0.14,2.6666666666666665,-0.7793485401101249,0.16666666666666666,0.16666666666666666,1.5,-0.5007718988927086,7.333333333333333,1.0666666666666667,6,4.0,14,3.357142857142857,0.7142857142857143,0.42857142857142855,3.7857142857142856,0.12771739130434784,0.0228310502283105,0.022813688212927757,0.15928571428571428,5.553191489361702,-0.1437848004629498,0.3191489361702128,0.23404255319148937,5.9,0.0325103359355128,22.857142857142858,3.142857142857143,47,10.0,328.59999999999997,77,287.79999999999995,66,5,0,0,0,4.221621621621622,-0.15273454805685138,0.32972972972972975,2.4025974025974026,0.09011203117389187,1.87012987012987,1.4675324675324675,0.06148590947907771,6.909722222222222,4.267532467532467,185.0,144.0
00-0030078,Johnathan Franklin,2013,GB,7,125.0,4.0,0,23.857631759069132,3,5.666666666666667,1.3333333333333333,1.3333333333333333,7.0,0.1827956989247312,0.038834951456310676,0.06349206349206349,0.22999999999999998,5.9411764705882355,-0.3645838046282094,0.47058823529411764,0.35294117647058826,7.5,0.7563033388723864,43.666666666666664,7.033333333333334,17,4.0,7,2.7142857142857144,0.7142857142857143,0.5714285714285714,3.2857142857142856,0.08370044052863436,0.02127659574468085,0.02631578947368421,,5.631578947368421,-0.3341165459990552,0.47368421052631576,0.3684210526315789,6.0,0.5273271183366898,19.571428571428573,3.1000000000000005,19,5.0,0.6,4,0.0,0,0,0,0,0,3.0,-0.075144847651245,0.5,0.5,0.014925373134328358,0.25,0.0,0.007575757575757576,0.0,0.15,2.0,1.0
00-0030107,Theo Riddick,2013,DET,12,199.0,6.0,0,22.32991101984942,3,0.6666666666666666,1.3333333333333333,0.3333333333333333,1.0,0.0273972602739726,0.035398230088495575,0.013888888888888888,0.09666666666666666,-1.0,-0.615098014706745,0.0,0.0,2.0,-0.369593994764728,2.0,0.5333333333333333,2,4.0,12,0.75,0.6666666666666666,0.3333333333333333,1.0833333333333333,0.02654867256637168,0.017817371937639197,0.01509433962264151,0.05916666666666667,2.7777777777777777,-0.11017692321264694,0.3333333333333333,0.2222222222222222,3.25,-0.14253540179197524,4.25,1.2583333333333335,9,8.0,730.1999999999999,82,716.7,73,6,1,0,0,3.558219178082192,-0.18300110296503108,0.3527397260273973,3.5609756097560976,0.146807440925088,4.524390243902439,3.524390243902439,0.12260409781890284,6.126684636118599,8.904878048780487,292.0,371.0
00-0030128,Michael Cox,2013,NYG,11,253.0,7.0,0,24.79671457905544,3,3.6666666666666665,0.6666666666666666,0.6666666666666666,4.333333333333333,0.16417910447761194,0.017094017094017096,0.029411764705882353,0.09333333333333334,2.090909090909091,-0.43431275358042637,0.18181818181818182,0.0,0.5,-0.607962673529985,8.0,1.4666666666666668,11,2.0,11,2.0,0.2727272727272727,0.2727272727272727,2.272727272727273,0.0830188679245283,0.007751937984496124,0.012875536480686695,0.04727272727272727,1.9545454545454546,-0.33982173107374,0.18181818181818182,0.045454545454545456,4.0,-0.4141191181164096,5.0,0.7727272727272727,22,3.0,10.3,12,6.2,4,1,0,0,0,3.533333333333333,-0.17954475103626474,0.2,1.25,0.05263157894736842,0.3333333333333333,0.25,0.009456264775413711,5.0,0.8583333333333334,15.0,4.0
00-0030134,Michael Ford,2013,CHI,7,,,1,23.266255989048595,3,0.0,0.0,0.0,0.0,0.0,0.0,0.0,0.0,,,,,,,0.0,0.0,0,0.0,7,0.0,0.0,0.0,0.0,0.0,0.0,0.0,0.0,,,,,,,0.0,0.0,0,0.0,0.0,4,0.0,0,0,0,0,0,,,,0.0,0.0,0.0,0.0,0.0,,0.0,0.0,0.0
00-0030236,Dennis Johnson,2013,HOU,8,,,1,23.51813826146475,3,4.666666666666667,0.3333333333333333,0.3333333333333333,5.0,0.18666666666666668,0.00819672131147541,0.014925373134328358,0.14666666666666667,3.2142857142857144,-0.27380755150694197,0.42857142857142855,0.07142857142857142,14.0,1.3517704292899,19.666666666666668,2.3000000000000003,14,1.0,8,6.125,1.5,1.0,7.125,0.25257731958762886,0.03870967741935484,0.047337278106508875,0.23,3.7346938775510203,-0.17930608757202374,0.40816326530612246,0.16326530612244897,3.8333333333333335,-0.311315749726215,28.625,3.8625,49,12.0,24.0,5,0.0,0,0,0,0,0,3.942857142857143,-0.14150550199805642,0.4,7.0,0.29411764705882354,2.2,1.4,0.05851063829787234,2.909090909090909,4.8,35.0,11.0
00-0030280,Knile Davis,2013,KC,16,96.0,3.0,0,21.908281998631075,3,3.3333333333333335,0.3333333333333333,0.3333333333333333,3.6666666666666665,0.1111111111111111,0.009900990099009901,0.015625,0.11666666666666665,3.7,-0.13855266548343934,0.2,0.1,5.0,0.0802391464821994,14.0,1.7333333333333334,10,1.0,16,4.375,0.9375,0.6875,5.0625,0.1583710407239819,0.028037383177570093,0.03303303303303303,0.156875,3.4571428571428573,-0.1370861176295377,0.2857142857142857,0.14285714285714285,5.0,0.0006043763637230803,19.8125,4.418749999999999,70,15.0,214.4,51,148.89999999999998,38,3,0,0,0,3.2,-0.2181707132798079,0.25416666666666665,4.705882352941177,0.1839080459770115,0.9607843137254902,0.6470588235294118,0.02962515114873035,5.428571428571429,4.203921568627451,240.0,49.0
00-0030282,Stepfan Taylor,2013,ARI,12,140.0,5.0,0,22.23134839151266,3,1.0,0.3333333333333333,0.3333333333333333,1.3333333333333333,0.04838709677419355,0.009009009009009009,0.015151515151515152,0.06666666666666667,3.0,0.10429940345541866,0.6666666666666666,0.3333333333333333,2.0,-1.0689457221888,3.6666666666666665,0.6999999999999998,3,1.0,12,3.0,0.75,0.6666666666666666,3.6666666666666665,0.10909090909090909,0.021739130434782608,0.0299625468164794,0.1583333333333333,3.1944444444444446,-0.1739518716754038,0.25,0.16666666666666666,7.888888888888889,-0.10994433692485579,15.5,2.216666666666667,36,9.0,98.60000000000001,33,74.1,24,3,0,0,0,3.282051282051282,-0.13251294210808764,0.3162393162393162,3.5454545454545454,0.12407211028632026,0.7878787878787878,0.5757575757575758,0.022988505747126436,5.846153846153846,2.9878787878787882,117.0,26.0
00-0030287,Andre Ellington,2013,ARI,15,187.0,6.0,0,24.57494866529774,3,2.3333333333333335,3.6666666666666665,2.0,4.333333333333333,0.1044776119402985,0.0990990990990991,0.08955223880597014,0.27666666666666667,5.571428571428571,0.11500519541524613,0.42857142857142855,0.42857142857142855,8.272727272727273,0.25174880719648357,43.333333333333336,8.333333333333334,7,11.0,15,7.866666666666666,3.8,2.6,10.466666666666667,0.295,0.10940499040307101,0.11504424778761062,0.40399999999999997,5.52542372881356,0.06498492490566037,0.3813559322033898,0.2288135593220339,6.508771929824562,0.06672442221629721,68.2,11.02,118,57.0,510.0,59,369.69999999999993,47,4,1,0,0,4.1678832116788325,-0.09237585521474122,0.35766423357664234,6.966101694915254,0.27345309381237526,3.593220338983051,2.457627118644068,0.09729233593391463,6.023584905660377,8.64406779661017,411.0,212.0
00-0030288,Rex Burkhead,2014,CIN,7,190.0,6.0,0,24.16700889801506,3,1.3333333333333333,2.3333333333333335,1.3333333333333333,2.6666666666666665,0.04597701149425287,0.06422018348623854,0.06153846153846154,0.10666666666666667,3.0,-0.3799697303475125,0.0,0.0,1.8571428571428572,-1.0539423139167157,8.333333333333334,2.1666666666666665,4,7.0,7,1.2857142857142858,1.4285714285714286,1.0,2.2857142857142856,0.038461538461538464,0.04608294930875576,0.050359712230215826,0.07285714285714286,3.0,0.00498680270458,0.1111111111111111,0.1111111111111111,4.9,-0.2501994693418969,10.857142857142858,2.942857142857143,9,10.0,677.7,104,663.6000000000001,100,8,0,0,0,3.9173553719008263,-0.03278728051850767,0.41735537190082644,4.653846153846154,0.1663230240549828,2.3846153846153846,1.8076923076923077,0.0735250518825971,6.133064516129032,6.516346153846154,484.0,248.0
00-0030320,Michael Hill,2013,GB,5,,,1,24.301163586584533,3,2.6666666666666665,0.0,0.0,2.6666666666666665,0.07692307692307693,0.0,0.0,0.04,2.5,-0.39813947063521465,0.125,0.125,,,6.666666666666667,0.6666666666666666,8,0.0,5,1.8,0.4,0.4,2.2,0.06716417910447761,0.013157894736842105,0.023255813953488372,0.054000000000000006,2.5555555555555554,-0.5910075050067264,0.1111111111111111,0.1111111111111111,11.5,0.51039512941026,9.2,1.3199999999999998,9,2.0,4.6,2,0.0,0,0,0,0,0,3.0,-2.13395177997882,0.0,0.5,0.03333333333333333,1.0,1.0,0.028169014084507043,11.5,2.3,1.0,2.0
00-0030348,Khiry Robinson,2013,NO,10,,,1,23.67693360711841,3,6.333333333333333,0.0,0.0,6.333333333333333,0.24675324675324675,0.0,0.0,0.10666666666666667,4.421052631578948,-0.048189944183257484,0.42105263157894735,0.2631578947368421,,,28.0,2.8000000000000003,19,0.0,10,5.4,0.0,0.0,5.4,0.2151394422310757,0.0,0.0,0.10699999999999998,4.148148148148148,-0.12302056572688899,0.2962962962962963,0.2222222222222222,,,22.4,2.8400000000000003,54,0.0,157.2,25,137.2,18,3,0,0,0,4.022857142857143,-0.11305539196390396,0.36,7.0,0.277337559429477,1.24,1.0,0.030392156862745098,5.741935483870968,6.287999999999999,175.0,31.0
00-0030388,Joseph Randle,2013,DAL,7,151.0,5.0,0,21.675564681724847,3,10.0,2.0,1.6666666666666667,11.666666666666666,0.4918032786885246,0.05309734513274336,0.0684931506849315,0.3333333333333333,2.7333333333333334,-0.16855334032346334,0.26666666666666666,0.1,7.166666666666667,0.2612720460747375,41.666666666666664,7.833333333333333,30,6.0,7,7.714285714285714,1.4285714285714286,1.1428571428571428,8.857142857142858,0.3673469387755102,0.04081632653061224,0.05263157894736842,0.2671428571428572,3.037037037037037,-0.08187460720687856,0.37037037037037035,0.12962962962962962,6.1,0.16461707855341995,32.142857142857146,6.071428571428571,54,10.0,147.7,24,128.7,20,2,0,0,0,4.900662251655629,-0.033628599911146494,0.3576158940397351,6.291666666666667,0.21089385474860337,0.7916666666666666,0.7083333333333334,0.025745257452574527,6.684210526315789,6.154166666666666,151.0,19.0
00-0030391,Mike James,2013,TB,7,189.0,6.0,0,22.38740588637919,3,1.0,0.3333333333333333,0.3333333333333333,1.3333333333333333,0.04054054054054054,0.008403361344537815,0.014492753623188406,0.07,4.0,-0.25183940977634234,0.0,0.0,2.0,-0.526691593695432,4.666666666666667,0.7999999999999999,3,1.0,7,8.571428571428571,1.5714285714285714,1.4285714285714286,10.0,0.31413612565445026,0.043137254901960784,0.06493506493506493,0.3057142857142857,4.916666666666667,0.09199293026176761,0.4,0.23333333333333334,3.909090909090909,-0.10659446230750866,48.285714285714285,6.840000000000001,60,11.0,57.78000000000001,12,12.299999999999999,8,2,0,0,0,4.2375,0.023077500328818924,0.4,6.666666666666667,0.2484472049689441,1.25,1.1666666666666667,0.03640776699029126,3.8666666666666667,4.815,80.0,15.0
00-0030404,Chris Thompson,2013,WAS,4,154.0,5.0,0,22.86652977412731,3,0.0,0.0,0.0,0.0,0.0,0.0,0.0,0.0,,,,,,,0.0,0.0,0,0.0,4,0.0,0.0,0.0,0.0,0.0,0.0,0.0,0.0,,,,,,,0.0,0.0,0,0.0,639.2,69,639.2,68,7,0,0,0,4.723735408560311,-0.09705175223689777,0.3657587548638132,3.7246376811594204,0.14907192575406034,4.449275362318841,3.36231884057971,0.1310285958173282,6.247557003257329,9.26376811594203,257.0,307.0
00-0030432,Christine Michael,2013,SEA,3,62.0,2.0,0,22.811772758384667,3,6.0,0.0,0.0,6.0,0.16981132075471697,0.0,0.0,0.12999999999999998,4.388888888888889,-0.03697190704729594,0.4444444444444444,0.2777777777777778,,,26.333333333333332,2.6333333333333333,18,0.0,3,6.0,0.0,0.0,6.0,0.16981132075471697,0.0,0.0,0.12999999999999998,4.388888888888889,-0.03697190704729594,0.4444444444444444,0.2777777777777778,,,26.333333333333332,2.6333333333333333,18,0.0,186.5,34,186.5,34,4,0,0,0,4.243697478991597,-0.04951821089793125,0.3907563025210084,7.0,0.24236252545824846,1.088235294117647,0.7647058823529411,0.034195933456561925,3.6486486486486487,5.485294117647059,238.0,37.0
00-0030456,Giovani Bernard,2013,CIN,16,37.0,2.0,0,21.776865160848732,3,7.333333333333333,2.6666666666666665,2.0,9.333333333333334,0.27848101265822783,0.0761904761904762,0.08450704225352113,0.41333333333333333,5.0,0.2343635763734878,0.5454545454545454,0.22727272727272727,10.5,0.5512718471291004,64.66666666666667,14.466666666666667,22,8.0,16,10.625,4.375,3.5,14.125,0.35343035343035345,0.12152777777777778,0.15384615384615385,0.538125,4.088235294117647,-0.07466623948948359,0.35294117647058826,0.18823529411764706,7.3428571428571425,0.24544426861155355,75.5625,13.93125,170,70.0,1208.7999999999997,126,1029.3,113,9,2,0,1,4.0142076502732245,-0.11663917677688082,0.34098360655737703,7.261904761904762,0.2775250227479527,3.8015873015873014,2.865079365079365,0.11036866359447005,6.064718162839249,9.593650793650792,915.0,479.0
00-0030465,Kenjon Barner,2013,CAR,4,182.0,6.0,0,24.344969199178646,3,2.0,1.0,0.6666666666666666,2.6666666666666665,0.07407407407407407,0.030612244897959183,0.03225806451612903,0.09666666666666666,1.1666666666666667,-0.5066399881034157,0.0,0.0,2.3333333333333335,-0.4111559288576247,4.666666666666667,1.1333333333333333,6,3.0,4,1.5,0.75,0.5,2.0,0.05128205128205128,0.024793388429752067,0.02564102564102564,0.08499999999999999,1.1666666666666667,-0.5066399881034157,0.0,0.0,2.3333333333333335,-0.4111559288576247,3.5,0.85,6,3.0,103.52,62,103.52,61,7,0,0,0,4.173469387755102,-0.1030422164597741,0.3979591836734694,1.5806451612903225,0.05885885885885886,0.6612903225806451,0.41935483870967744,0.017573939134162022,3.5365853658536586,1.6696774193548387,98.0,41.0
00-0030485,Eddie Lacy,2013,GB,15,61.0,2.0,0,23.249828884325805,3,12.666666666666666,1.0,0.6666666666666666,13.333333333333334,0.5,0.02830188679245283,0.02666666666666667,0.5133333333333333,3.9473684210526314,-0.07444534840913923,0.42105263157894735,0.13157894736842105,9.666666666666666,0.15494968427810932,59.666666666666664,7.966666666666666,38,3.0,15,18.933333333333334,2.933333333333333,2.3333333333333335,21.266666666666666,0.662004662004662,0.08576998050682261,0.10294117647058823,0.652,4.147887323943662,-0.008663509341052984,0.3908450704225352,0.2147887323943662,5.840909090909091,-0.05002227476625247,95.66666666666667,16.166666666666668,284,44.0,703.1999999999999,57,484.59999999999997,45,4,1,1,1,4.22954822954823,-0.07293852247463459,0.3797313797313797,14.368421052631579,0.5223214285714286,2.4035087719298245,1.8421052631578947,0.07109496626881162,6.700729927007299,12.336842105263157,819.0,137.0
00-0030496,Le'Veon Bell,2013,PIT,13,48.0,2.0,0,21.53593429158111,3,17.0,3.0,2.6666666666666665,19.666666666666668,0.6710526315789473,0.0891089108910891,0.1038961038961039,0.7566666666666667,3.607843137254902,-0.03579196828480509,0.35294117647058826,0.13725490196078433,6.111111111111111,-0.07945647889059022,79.66666666666667,14.633333333333333,51,9.0,13,18.76923076923077,5.076923076923077,3.4615384615384617,22.23076923076923,0.7134502923976608,0.14072494669509594,0.14516129032258066,0.7753846153846153,3.5245901639344264,-0.10356012761864049,0.3524590163934426,0.19672131147540983,6.045454545454546,0.1677837469725755,96.84615384615384,16.684615384615384,244,66.0,1643.2,93,1470.2,83,7,4,3,1,4.125647668393782,-0.06518375951033836,0.3963730569948187,16.602150537634408,0.6449456975772765,5.311827956989247,4.21505376344086,0.14870559903672487,6.562753036437247,17.668817204301074,1544.0,494.0
00-0030513,Latavius Murray,2014,LV,13,181.0,6.0,0,24.618754277891856,3,1.3333333333333333,0.0,0.0,1.3333333333333333,0.07407407407407407,0.0,0.0,0.12333333333333334,1.75,-0.6707692570635113,0.0,0.0,,,2.3333333333333335,0.2333333333333333,4,0.0,13,6.3076923076923075,1.7692307692307692,1.3076923076923077,7.615384615384615,0.29818181818181816,0.04742268041237113,0.05985915492957746,0.32230769230769235,5.170731707317073,0.0023373480373429043,0.36585365853658536,0.21951219512195122,6.217391304347826,-0.10597203913246726,43.61538461538461,6.592307692307693,82,23.0,1421.4999999999998,145,1336.5,135,9,2,1,0,4.206298200514139,-0.05789130667964182,0.37982005141388175,10.73103448275862,0.39693877551020407,2.075862068965517,1.6482758620689655,0.06011583782704214,5.382059800664452,9.803448275862067,1556.0,301.0
00-0030522,Montee Ball,2013,DEN,16,58.0,2.0,0,22.740588637919235,3,10.333333333333334,0.6666666666666666,0.6666666666666666,11.0,0.3563218390804598,0.01639344262295082,0.02247191011235955,0.2833333333333333,3.193548387096774,-0.5128873530925531,0.3225806451612903,0.12903225806451613,13.5,1.676877545542085,42.0,3.533333333333333,31,2.0,16,7.5,1.6875,1.25,8.75,0.2603036876355748,0.04029850746268657,0.04338394793926247,0.25875000000000004,4.658333333333333,-0.015834497194979907,0.4666666666666667,0.2916666666666667,5.37037037037037,-0.025856932530317733,44.0,6.775,120,27.0,134.2,18,36.4,5,1,0,0,0,4.388888888888889,0.027882035421902922,0.4513888888888889,8.0,0.2981366459627329,2.111111111111111,1.5,0.05006587615283267,4.7368421052631575,7.455555555555555,144.0,38.0
00-0030536,Zac Stacy,2013,LA,13,160.0,5.0,0,22.39835728952772,3,11.0,1.0,0.6666666666666666,11.666666666666666,0.38823529411764707,0.03409090909090909,0.034482758620689655,0.49000000000000005,4.878787878787879,0.03564644875939725,0.5151515151515151,0.24242424242424243,3.6666666666666665,-0.49544832233922736,57.333333333333336,6.3999999999999995,33,3.0,13,19.23076923076923,2.6923076923076925,2.0,21.23076923076923,0.6631299734748011,0.09722222222222222,0.11764705882352941,0.7238461538461538,3.892,-0.1040027260440251,0.348,0.188,4.0285714285714285,-0.00020559029075719267,85.6923076923077,14.107692307692307,250,35.0,259.09999999999997,26,94.89999999999999,16,2,0,0,1,3.685185185185185,-0.16162207227275782,0.3395061728395062,12.461538461538462,0.45892351274787535,2.576923076923077,1.9615384615384615,0.07910271546635184,5.17910447761194,9.965384615384615,324.0,67.0
00-0030653,Ray Agnew,2014,CLE,10,,,1,23.512662559890487,3,0.6666666666666666,0.6666666666666666,0.0,0.6666666666666666,0.02197802197802198,0.020833333333333332,0.0,0.31666666666666665,1.0,0.0994629264314425,0.5,0.5,0.0,-0.604195290768985,0.6666666666666666,0.06666666666666667,2,2.0,10,0.2,0.9,0.3,0.5,0.006896551724137931,0.026785714285714284,0.016483516483516484,0.299,1.0,0.0994629264314425,0.5,0.5,1.6666666666666667,-0.41010971021346965,1.7,0.47000000000000003,2,9.0,4.5,7,0.0,0,0,0,0,0,,,,0.0,0.0,1.0,0.42857142857142855,0.029166666666666667,2.142857142857143,0.6428571428571429,0.0,7.0
00-0030656,Isaiah Crowell,2014,CLE,15,,,1,21.645448323066393,3,9.0,0.3333333333333333,0.3333333333333333,9.333333333333334,0.2967032967032967,0.010416666666666666,0.01639344262295082,0.3499999999999999,5.222222222222222,0.1799424896943727,0.4444444444444444,0.37037037037037035,3.0,-0.829464254900813,48.0,11.133333333333333,27,1.0,15,9.866666666666667,0.9333333333333333,0.6,10.466666666666667,0.3288888888888889,0.030042918454935622,0.03557312252964427,0.3926666666666666,4.101351351351352,-0.06750254688439962,0.36486486486486486,0.22972972972972974,6.214285714285714,-0.08735571289019185,46.266666666666666,8.16,148,14.0,716.1,73,627.1000000000001,61,4,1,0,0,4.293083235638921,-0.11028708580771186,0.3305978898007034,11.684931506849315,0.4717920353982301,2.164383561643836,1.5890410958904109,0.06312425089892129,5.8164556962025316,9.80958904109589,853.0,158.0
00-0030705,Juwan Thompson,2014,DEN,12,,,1,22.302532511978097,3,5.666666666666667,0.3333333333333333,0.3333333333333333,6.0,0.19318181818181818,0.009433962264150943,0.013333333333333334,0.18999999999999997,4.882352941176471,0.27592435489436057,0.5882352941176471,0.35294117647058826,0.0,-1.46219706116244,27.666666666666668,5.1000000000000005,17,1.0,12,4.5,0.5833333333333334,0.3333333333333333,4.833333333333333,0.15976331360946747,0.015418502202643172,0.013245033112582781,0.145,5.037037037037037,0.17005711689988073,0.5,0.3148148148148148,3.5714285714285716,-0.3876819687686642,24.75,4.308333333333333,54,7.0,60.9,22,24.5,13,2,0,0,0,4.174603174603175,-0.020775477385281564,0.38095238095238093,2.8636363636363638,0.11052631578947368,0.7272727272727273,0.4090909090909091,0.01904761904761905,4.75,2.768181818181818,63.0,16.0
00-0030789,Antonio Andrews,2014,TEN,3,,,1,22.039698836413415,3,0.0,0.6666666666666666,0.6666666666666666,0.6666666666666666,0.0,0.019417475728155338,0.03571428571428571,0.06666666666666667,,,,,5.5,0.0664573869726155,3.6666666666666665,1.0333333333333334,0,2.0,3,0.0,0.6666666666666666,0.6666666666666666,0.6666666666666666,0.0,0.019417475728155338,0.03571428571428571,0.06666666666666667,,,,,5.5,0.0664573869726155,3.6666666666666665,1.0333333333333334,0,2.0,113.53999999999999,22,113.53999999999999,22,2,0,0,0,3.689655172413793,-0.19082540917117216,0.35172413793103446,6.590909090909091,0.2741020793950851,1.3181818181818181,0.9545454545454546,0.03913630229419703,6.0,5.16090909090909,145.0,29.0
00-0030855,Zurlon Tipton,2014,IND,4,,,1,25.347022587268995,3,0.3333333333333333,1.3333333333333333,1.3333333333333333,1.6666666666666667,0.0196078431372549,0.03305785123966942,0.0547945205479452,0.09000000000000001,-3.0,-0.618712935829535,0.0,0.0,5.75,0.02880112940329125,6.666666666666667,4.0,1,4.0,4,2.5,1.5,1.5,4.0,0.12345679012345678,0.038461538461538464,0.0625,0.1725,1.8,-0.6665577420324555,0.2,0.0,11.333333333333334,0.7256896077500041,21.5,5.15,10,6.0,21.299999999999997,7,12.7,6,1,0,0,0,2.9285714285714284,-0.6144956612341942,0.21428571428571427,2.0,0.08333333333333333,1.4285714285714286,1.0,0.03875968992248062,10.2,3.0428571428571423,14.0,10.0
00-0030860,Orleans Darkwa,2014,MIA,8,,,1,22.507871321013006,3,1.3333333333333333,1.0,1.0,2.3333333333333335,0.045454545454545456,0.025423728813559324,0.03614457831325301,0.056666666666666664,0.5,-1.52422488218872,0.25,0.0,10.333333333333334,0.3497913804797767,11.0,2.1,4,3.0,8,1.125,0.75,0.625,1.75,0.038461538461538464,0.019169329073482427,0.023923444976076555,0.07250000000000001,2.5555555555555554,-0.5967024670228267,0.3333333333333333,0.1111111111111111,8.0,0.4168356298954065,8.875,2.2625,9,6.0,203.20000000000002,39,191.4,34,3,0,0,0,4.2809917355371905,-0.049095565007116315,0.359504132231405,6.205128205128205,0.24845995893223818,1.0256410256410255,0.6666666666666666,0.02722940776038121,4.4,5.21025641025641,242.0,40.0
00-0030874,Damien Williams,2014,MIA,15,,,1,22.412046543463383,3,2.0,0.0,0.0,2.0,0.0759493670886076,0.0,0.0,0.08666666666666667,2.6666666666666665,-0.14039559075414831,0.5,0.16666666666666666,,,5.333333333333333,0.5333333333333333,6,0.0,15,2.4,1.8,1.4,3.8,0.096,0.047872340425531915,0.05555555555555555,0.15000000000000002,3.388888888888889,-0.20397040179361473,0.3888888888888889,0.16666666666666666,6.925925925925926,0.3691668647441612,20.6,3.8600000000000003,36,27.0,562.5,91,506.19999999999993,79,8,0,0,0,4.1759530791788855,-0.1606732587744548,0.3548387096774194,3.7472527472527473,0.15169039145907473,2.208791208791209,1.7142857142857142,0.06562193927522038,6.074626865671642,6.181318681318682,341.0,201.0
00-0030985,Trey Watts,2014,LA,8,,,1,23.548254620123203,3,2.3333333333333335,0.6666666666666666,0.6666666666666666,3.0,0.09090909090909091,0.015384615384615385,0.025,0.049999999999999996,4.285714285714286,-0.06864204740018715,0.2857142857142857,0.2857142857142857,6.0,0.270865309124929,14.0,2.0666666666666664,7,2.0,8,0.875,0.5,0.375,1.25,0.03286384976525822,0.015151515151515152,0.018518518518518517,0.023749999999999997,4.285714285714286,-0.06864204740018715,0.2857142857142857,0.2857142857142857,4.5,0.035833816313242006,6.0,0.9749999999999999,7,4.0,1.6,5,0.0,0,0,0,0,0,,,,0.0,0.0,0.4,0.2,0.014925373134328358,3.0,0.32,0.0,2.0
00-0030999,Marion Grice,2014,ARI,6,201.0,6.0,0,23.394934976043807,3,3.6666666666666665,1.3333333333333333,1.0,4.666666666666667,0.1774193548387097,0.03508771929824561,0.04054054054054054,0.2833333333333333,2.6363636363636362,-0.03980726038836027,0.36363636363636365,0.18181818181818182,6.0,-1.10944263075362,17.666666666666668,4.766666666666667,11,4.0,6,2.5,1.8333333333333333,1.1666666666666667,3.6666666666666665,0.1111111111111111,0.04824561403508772,0.05384615384615385,0.2416666666666667,2.7333333333333334,-0.07744488378715081,0.4666666666666667,0.2,2.6363636363636362,-0.7025073207599973,11.666666666666666,3.3333333333333335,15,11.0,5.7,3,0.0,0,0,0,0,0,3.0,-0.18094834813382477,0.75,1.3333333333333333,0.0547945205479452,2.3333333333333335,1.3333333333333333,0.06140350877192982,0.7142857142857143,1.9000000000000001,4.0,7.0
00-0031008,Silas Redd,2014,WAS,9,,,1,22.50239561943874,3,2.6666666666666665,0.0,0.0,2.6666666666666665,0.10526315789473684,0.0,0.0,0.03,5.125,0.46734783028659876,0.5,0.375,,,13.666666666666666,3.3666666666666667,8,0.0,9,1.7777777777777777,1.1111111111111112,0.8888888888888888,2.6666666666666665,0.07048458149779736,0.03215434083601286,0.03827751196172249,0.08666666666666667,4.6875,0.14826072918367578,0.4375,0.375,10.7,0.557500947557855,20.22222222222222,3.577777777777778,16,10.0,22.1,6,0.0,0,0,0,0,0,4.25,-0.17082637191924724,0.375,1.3333333333333333,0.052980132450331126,1.6666666666666667,1.3333333333333333,0.04975124378109453,10.7,3.6833333333333336,8.0,10.0
00-0031045,Carlos Hyde,2014,SF,14,57.0,2.0,0,23.94798083504449,3,4.666666666666667,1.3333333333333333,1.0,5.666666666666667,0.175,0.04395604395604396,0.045454545454545456,0.27666666666666667,4.5,0.14609247008643786,0.42857142857142855,0.2857142857142857,0.75,-0.7153619069938926,22.0,7.2,14,4.0,14,5.928571428571429,1.1428571428571428,0.8571428571428571,6.785714285714286,0.20906801007556675,0.03686635944700461,0.04580152671755725,0.315,4.0120481927710845,-0.13546987978676955,0.3855421686746988,0.1927710843373494,4.25,-0.28385153299796645,28.642857142857142,5.292857142857144,83,16.0,941.9999999999999,98,889.5,87,7,2,1,0,4.059454995871181,-0.11776320849576209,0.37654830718414534,12.357142857142858,0.4576719576719577,2.2551020408163267,1.5714285714285714,0.06818883060783709,3.909502262443439,9.612244897959183,1211.0,221.0
00-0031055,Andre Williams,2014,NYG,16,113.0,4.0,0,22.00958247775496,3,6.333333333333333,1.6666666666666667,0.6666666666666666,7.0,0.2087912087912088,0.050505050505050504,0.03076923076923077,0.26333333333333336,2.0526315789473686,-0.4970456517215721,0.21052631578947367,0.05263157894736842,1.4,-0.3147322917589928,15.333333333333334,2.1999999999999997,19,5.0,16,13.5625,2.3125,1.125,14.6875,0.48329621380846327,0.06176961602671119,0.04699738903394256,0.464375,3.3225806451612905,-0.16045940808028047,0.30414746543778803,0.1382488479262673,3.5135135135135136,-0.17621013366639268,53.1875,9.06875,217,37.0,185.1,32,46.599999999999994,19,3,0,0,0,3.357827476038339,-0.15238658288060913,0.3194888178913738,9.78125,0.3652275379229872,1.15625,0.53125,0.030278232405891982,3.5135135135135136,5.784375,313.0,37.0
00-0031057,Ka'Deem Carey,2014,CHI,11,117.0,4.0,0,21.83709787816564,3,5.333333333333333,0.0,0.0,5.333333333333333,0.2,0.0,0.0,0.11666666666666668,4.75,-0.09615113014297094,0.4375,0.3125,,,25.333333333333332,2.5333333333333337,16,0.0,11,3.272727272727273,0.5454545454545454,0.45454545454545453,3.727272727272727,0.14457831325301204,0.014598540145985401,0.01893939393939394,0.12636363636363634,4.388888888888889,-0.0621684194678286,0.3888888888888889,0.3055555555555556,9.5,0.31949171182350256,19.545454545454547,2.409090909090909,36,6.0,78.8,28,59.9,20,2,0,0,0,3.863157894736842,-0.08828259788097266,0.4421052631578947,3.392857142857143,0.1390922401171303,0.5714285714285714,0.4642857142857143,0.017241379310344827,8.1875,2.814285714285714,95.0,16.0
00-0031062,James White,2014,NE,3,130.0,4.0,0,22.576317590691307,3,3.0,1.6666666666666667,1.6666666666666667,4.666666666666667,0.1232876712328767,0.05,0.07042253521126761,0.17333333333333334,4.222222222222222,-0.17814631075210208,0.2222222222222222,0.1111111111111111,4.6,0.045824133069254404,20.333333333333332,3.6999999999999993,9,5.0,3,3.0,1.6666666666666667,1.6666666666666667,4.666666666666667,0.1232876712328767,0.05,0.07042253521126761,0.17333333333333334,4.222222222222222,-0.17814631075210208,0.2222222222222222,0.1111111111111111,4.6,0.045824133069254404,20.333333333333332,3.6999999999999993,9,5.0,1044.8999999999999,90,1044.8999999999999,90,7,2,1,0,4.0,-0.1292620600193761,0.3709677419354839,3.4444444444444446,0.12175962293794187,5.622222222222222,4.177777777777778,0.16343669250645995,6.432806324110672,11.609999999999998,310.0,506.0
00-0031066,Lorenzo Taliaferro,2014,BAL,12,138.0,4.0,0,22.691307323750856,3,6.0,0.3333333333333333,0.0,6.0,0.20224719101123595,0.008264462809917356,0.0,0.15666666666666665,5.055555555555555,0.0366174908429255,0.6111111111111112,0.3888888888888889,0.0,-0.753462528111413,30.333333333333332,5.033333333333333,18,1.0,12,5.666666666666667,0.8333333333333334,0.6666666666666666,6.333333333333333,0.19653179190751446,0.02481389578163772,0.030418250950570342,0.16583333333333333,4.294117647058823,-0.10928360560364817,0.4117647058823529,0.25,11.4,0.19224632822318818,33.833333333333336,5.883333333333333,68,10.0,78.1,13,22.599999999999998,4,2,0,0,0,3.875,-0.13780874092472328,0.375,4.923076923076923,0.18285714285714286,1.3076923076923077,1.2307692307692308,0.037694013303769404,9.0,6.007692307692308,64.0,17.0
00-0031075,Alfred Blue,2014,HOU,16,181.0,6.0,0,23.34839151266256,3,8.333333333333334,0.3333333333333333,0.3333333333333333,8.666666666666666,0.23809523809523808,0.013333333333333334,0.02040816326530612,0.24,4.72,-0.15184406329528424,0.28,0.16,10.0,2.79223562870175,42.666666666666664,6.6000000000000005,25,1.0,16,10.5625,1.125,0.9375,11.5,0.30671506352087113,0.0375,0.05084745762711865,0.289375,3.1242603550295858,-0.14473233052674736,0.3136094674556213,0.17159763313609466,6.277777777777778,0.3563473881448673,40.0625,6.44375,169,18.0,398.9,66,315.59999999999997,53,4,0,0,0,3.5324074074074074,-0.15496339541602688,0.33641975308641975,9.818181818181818,0.3256281407035176,1.2878787878787878,1.0303030303030303,0.03799731783638802,5.411764705882353,6.043939393939394,648.0,85.0
00-0031123,Darrin Reaves,2014,CAR,5,,,1,21.374401095140314,3,7.333333333333333,2.3333333333333335,1.3333333333333333,8.666666666666666,0.3548387096774194,0.06363636363636363,0.058823529411764705,0.4766666666666666,2.8181818181818183,-0.2672635842688823,0.13636363636363635,0.09090909090909091,3.857142857142857,-0.3685145247311858,29.666666666666668,4.3,22,7.0,5,6.2,1.6,1.0,7.2,0.2440944881889764,0.04519774011299435,0.045871559633027525,0.42799999999999994,2.5161290322580645,-0.2862858112700537,0.1935483870967742,0.0967741935483871,3.875,-0.34337201986636456,21.8,3.18,31,8.0,3.0,2,0.0,0,0,0,0,0,1.7777777777777777,-0.33278458838402836,0.3333333333333333,4.5,0.13846153846153847,0.5,0.5,0.014925373134328358,4.0,1.5,9.0,1.0
00-0031158,George Atkinson,2014,LV,4,,,1,21.754962354551676,3,0.0,0.0,0.0,0.0,0.0,0.0,0.0,0.0,,,,,,,0.0,0.0,0,0.0,4,0.0,0.0,0.0,0.0,0.0,0.0,0.0,0.0,,,,,,,0.0,0.0,0,0.0,9.4,10,9.4,9,1,0,0,0,4.857142857142857,0.25318289302439145,0.5714285714285714,0.7,0.03255813953488372,0.0,0.0,0.0,,0.9400000000000001,7.0,0.0
00-0031209,Senorise Perry,2014,CHI,13,,,1,22.951403148528406,3,0.0,0.0,0.0,0.0,0.0,0.0,0.0,0.0,,,,,,,0.0,0.0,0,0.0,13,0.0,0.07692307692307693,0.07692307692307693,0.07692307692307693,0.0,0.0019880715705765406,0.0030211480362537764,0.0015384615384615385,,,,,-1.0,-0.673750663292594,-0.07692307692307693,0.06923076923076923,0,1.0,7.5,41,6.600000000000001,31,4,0,0,0,3.230769230769231,-0.21123040255714323,0.38461538461538464,0.3170731707317073,0.012037037037037037,0.07317073170731707,0.07317073170731707,0.002284843869002285,1.0,0.18292682926829268,13.0,3.0
00-0031243,Storm Johnson,2014,JAX,5,222.0,7.0,0,22.143737166324435,3,6.666666666666667,0.3333333333333333,0.3333333333333333,7.0,0.273972602739726,0.008928571428571428,0.014084507042253521,0.16333333333333333,3.2,-0.12102825676702174,0.4,0.2,-4.0,-1.22585971828084,20.0,6.333333333333333,20,1.0,5,5.8,0.2,0.2,6.0,0.2396694214876033,0.005649717514124294,0.009345794392523364,0.176,2.9655172413793105,-0.19279450619219912,0.3103448275862069,0.1724137931034483,-4.0,-1.22585971828084,16.4,4.24,29,1.0,2.1999999999999997,2,0.0,0,0,0,0,0,2.4444444444444446,-0.3522750604703711,0.1111111111111111,4.5,0.1875,0.0,0.0,0.0,,1.0999999999999999,9.0,0.0
00-0031277,Branden Oliver,2014,LAC,14,,,1,23.32101300479124,3,10.333333333333334,2.6666666666666665,2.6666666666666665,13.0,0.3229166666666667,0.0898876404494382,0.11940298507462686,0.31,4.774193548387097,0.06395997738616534,0.3870967741935484,0.22580645161290322,12.625,0.9460317340985112,83.0,14.966666666666669,31,8.0,14,11.428571428571429,3.2142857142857144,2.5714285714285716,14.0,0.47477744807121663,0.0907258064516129,0.10876132930513595,0.4064285714285715,3.6375,-0.14537561219924702,0.325,0.1875,6.022222222222222,0.10029548563865226,60.92857142857143,10.37857142857143,160,45.0,152.3,27,51.900000000000006,16,2,0,0,0,3.2051282051282053,-0.17914248874279645,0.31794871794871793,7.222222222222222,0.3191489361702128,2.3333333333333335,1.7407407407407407,0.0603448275862069,4.888888888888889,5.640740740740741,195.0,63.0
00-0031285,Devonta Freeman,2014,ATL,16,103.0,4.0,0,22.46406570841889,3,4.333333333333333,2.0,1.6666666666666667,6.0,0.1625,0.05309734513274336,0.06329113924050633,0.17666666666666667,2.076923076923077,-0.8570559406205331,0.15384615384615385,0.07692307692307693,7.833333333333333,0.2772194703332687,24.666666666666668,3.466666666666667,13,6.0,16,4.0625,2.3125,1.875,5.9375,0.17473118279569894,0.0593900481540931,0.07177033492822966,0.21500000000000002,3.8153846153846156,-0.39573163509782405,0.23076923076923078,0.13846153846153847,6.081081081081081,0.015816598047495974,29.5625,5.45625,65,37.0,1271.9000000000003,95,1195.0000000000002,82,7,4,2,0,4.171555555555556,-0.08049405753761547,0.39644444444444443,11.842105263157896,0.4623921085080148,3.8842105263157896,3.0842105263157893,0.10723626852659111,6.005420054200542,13.388421052631582,1125.0,369.0
00-0031301,Jeremy Hill,2014,CIN,16,55.0,2.0,0,21.864476386036962,3,8.666666666666666,0.6666666666666666,0.6666666666666666,9.333333333333334,0.2549019607843137,0.022988505747126436,0.034482758620689655,0.2733333333333333,5.076923076923077,0.24200400988495238,0.6538461538461539,0.3076923076923077,11.0,-0.04678687448976395,51.333333333333336,9.799999999999999,26,2.0,16,13.875,2.0,1.6875,15.5625,0.45121951219512196,0.06490872210953347,0.08359133126934984,0.4675,5.063063063063063,0.016990120864300233,0.4099099099099099,0.2747747747747748,6.71875,0.07885062961722676,83.6875,13.181249999999999,222,32.0,549.4000000000002,52,367.90000000000003,39,4,2,0,1,4.055718475073314,-0.059127174066571725,0.3592375366568915,13.115384615384615,0.4648943421949557,1.5576923076923077,1.2692307692307692,0.048677884615384616,5.777777777777778,10.56538461538462,682.0,81.0
00-0031375,Terrance West,2014,CLE,14,94.0,3.0,0,23.592060232717316,3,15.666666666666666,1.3333333333333333,1.3333333333333333,17.0,0.5164835164835165,0.041666666666666664,0.06557377049180328,0.56,4.340425531914893,0.08694350704404616,0.40425531914893614,0.2127659574468085,6.75,0.01889113901415751,77.0,13.033333333333333,47,4.0,14,12.214285714285714,0.9285714285714286,0.7857142857142857,13.0,0.41007194244604317,0.028199566160520606,0.04296875,0.4342857142857143,3.935672514619883,-0.07884156231173417,0.3333333333333333,0.17543859649122806,4.923076923076923,-0.021057630871207315,52.642857142857146,8.049999999999999,171,13.0,297.9,40,224.29999999999998,29,3,1,0,0,3.8564593301435406,-0.16078353804248294,0.33014354066985646,10.45,0.40076701821668265,1.575,1.175,0.04225352112676056,5.031746031746032,7.4475,418.0,63.0
00-0031376,Jerick McKinnon,2014,MIN,11,96.0,3.0,0,22.32991101984942,3,1.6666666666666667,2.6666666666666665,1.3333333333333333,3.0,0.0684931506849315,0.08888888888888889,0.07547169811320754,0.21999999999999997,1.4,-0.44658011409919746,0.0,0.0,1.75,-0.57492979633389,7.0,2.033333333333333,5,8.0,11,10.272727272727273,3.727272727272727,2.4545454545454546,12.727272727272727,0.4050179211469534,0.10962566844919786,0.12217194570135746,0.45272727272727276,4.761061946902655,-0.04223215842452762,0.35398230088495575,0.18584070796460178,3.292682926829268,-0.3435640299849069,61.18181818181818,8.57272727272727,113,41.0,940.86,107,852.6600000000001,99,7,2,0,0,4.035114503816794,-0.13191351898015832,0.3374045801526718,6.121495327102804,0.22886093640810623,3.289719626168224,2.4766355140186915,0.09557426011403747,5.778409090909091,8.793084112149533,655.0,352.0
00-0031390,Charles Sims,2014,TB,8,69.0,3.0,0,23.95071868583162,3,9.0,3.3333333333333335,2.3333333333333335,11.333333333333334,0.4090909090909091,0.08928571428571429,0.1044776119402985,0.42333333333333334,3.0,-0.29808721732546534,0.37037037037037035,0.14814814814814814,3.6,-0.323954528121977,39.0,5.566666666666666,27,10.0,8,8.25,3.375,2.375,10.625,0.36464088397790057,0.1062992125984252,0.1347517730496454,0.47750000000000004,2.803030303030303,-0.23701260869512958,0.30303030303030304,0.15151515151515152,7.037037037037037,-0.1358469578677507,46.875,7.5625,66,27.0,365.1,43,321.3,38,3,1,0,0,4.022935779816514,-0.14192014680969592,0.3669724770642202,5.069767441860465,0.1963963963963964,3.86046511627907,2.8372093023255816,0.11103678929765887,6.951807228915663,8.490697674418605,218.0,166.0
00-0031391,Tre Mason,2014,LA,12,75.0,3.0,0,21.07049965776865,3,10.0,0.6666666666666666,0.6666666666666666,10.666666666666666,0.42857142857142855,0.023529411764705882,0.037037037037037035,0.3333333333333333,5.233333333333333,-0.07275635113537,0.4,0.36666666666666664,6.5,0.21827342238975697,56.666666666666664,8.333333333333334,30,2.0,12,14.916666666666666,2.1666666666666665,1.3333333333333333,16.25,0.6151202749140894,0.07407407407407407,0.07207207207207207,0.5175,4.273743016759776,-0.14361563505412545,0.30726256983240224,0.20670391061452514,5.6923076923076925,-0.06761482354172967,76.08333333333333,11.274999999999999,179,26.0,161.80000000000004,22,51.49999999999999,13,1,0,0,0,3.638392857142857,-0.25111497716941805,0.27232142857142855,10.181818181818182,0.3936731107205624,2.0454545454545454,1.4545454545454546,0.06838905775075987,4.955555555555556,7.354545454545456,224.0,45.0
00-0031413,Bishop Sankey,2014,TEN,16,54.0,2.0,0,21.960301163586585,3,6.0,0.3333333333333333,0.3333333333333333,6.333333333333333,0.22784810126582278,0.010101010101010102,0.017543859649122806,0.21,4.944444444444445,0.10553913164444066,0.5,0.3333333333333333,9.0,0.732239053584635,32.666666666666664,3.6,18,1.0,16,9.5,1.4375,1.125,10.625,0.42696629213483145,0.04554455445544554,0.06020066889632107,0.3775,3.7434210526315788,-0.1721505427501401,0.32894736842105265,0.17105263157894737,5.782608695652174,0.1408644110652737,43.875,6.0125,152,23.0,144.6,25,59.2,12,1,0,0,0,3.718232044198895,-0.1821180082490168,0.3370165745856354,7.24,0.32149200710479575,1.76,1.24,0.05493133583021224,5.9772727272727275,5.784,181.0,44.0
00-0031493,Jarryd Hayne,2015,SF,8,,,1,27.54277891854894,3,2.0,0.3333333333333333,0.3333333333333333,2.3333333333333335,0.06060606060606061,0.01098901098901099,0.01694915254237288,0.07333333333333335,2.6666666666666665,-0.21576947749902817,0.16666666666666666,0.16666666666666666,7.0,-0.553432483691722,7.666666666666667,1.0999999999999999,6,1.0,8,2.125,0.875,0.75,2.875,0.0752212389380531,0.027450980392156862,0.037267080745341616,0.12125,3.0588235294117645,-0.07490350404987112,0.29411764705882354,0.23529411764705882,3.857142857142857,-0.664855837273146,9.875,1.7374999999999998,17,7.0,10.6,5,0.0,0,0,0,0,0,3.272727272727273,0.0019324814678509056,0.36363636363636365,2.2,0.08661417322834646,1.2,1.0,0.036585365853658534,3.3333333333333335,2.12,11.0,6.0
00-0031569,Jeremy Langford,2015,CHI,15,106.0,4.0,0,23.737166324435318,3,2.6666666666666665,0.0,0.0,2.6666666666666665,0.08888888888888889,0.0,0.0,0.08666666666666667,3.25,0.07025729866290925,0.75,0.375,,,8.666666666666666,2.8666666666666667,8,0.0,15,9.866666666666667,2.8,1.4666666666666666,11.333333333333334,0.3356009070294785,0.08366533864541832,0.06769230769230769,0.39333333333333337,3.6283783783783785,-0.04387077796087932,0.3783783783783784,0.1891891891891892,6.642857142857143,0.015798034217152132,54.4,9.84,148,42.0,214.7,25,75.7,13,2,0,0,0,3.4881516587677726,-0.13289909847304054,0.36492890995260663,8.44,0.3158682634730539,2.76,1.64,0.08283313325330131,6.101449275362318,8.588,211.0,69.0
00-0031577,Javorius Allen,2015,BAL,16,125.0,4.0,0,24.01368925393566,3,4.333333333333333,0.6666666666666666,0.6666666666666666,5.0,0.19696969696969696,0.016,0.024390243902439025,0.11,3.6153846153846154,0.04731834219553718,0.46153846153846156,0.23076923076923078,3.0,-0.4159993416105865,17.666666666666668,2.4333333333333336,13,2.0,16,8.5625,3.875,2.8125,11.375,0.3577023498694517,0.09281437125748503,0.1056338028169014,0.349375,3.7518248175182483,-0.2063963288345143,0.38686131386861317,0.20437956204379562,5.693548387096774,-0.23994795572633243,54.1875,9.10625,137,62.0,417.50000000000006,50,279.1,37,4,1,0,0,3.6735905044510386,-0.13559714204043338,0.3649851632047478,6.74,0.2393465909090909,3.38,2.56,0.0893707033315706,4.834319526627219,8.350000000000001,337.0,169.0
00-0031590,Jay Ajayi,2015,MIA,9,149.0,5.0,0,22.21218343600274,3,5.0,0.6666666666666666,0.6666666666666666,5.666666666666667,0.234375,0.02127659574468085,0.03278688524590164,0.17666666666666667,6.8,0.2894138664589266,0.4,0.2,11.5,0.314624484977685,41.666666666666664,4.833333333333333,15,2.0,9,5.444444444444445,1.2222222222222223,0.7777777777777778,6.222222222222222,0.24623115577889448,0.034482758620689655,0.035175879396984924,0.27444444444444444,3.816326530612245,-0.05893805729877182,0.2857142857142857,0.14285714285714285,8.181818181818182,0.20785358425928369,30.77777777777778,4.7444444444444445,49,11.0,424.99999999999994,42,396.79999999999995,36,4,1,1,0,4.3877917414721725,-0.05445479362238971,0.3770197486535009,13.261904761904763,0.5249764373232799,2.0238095238095237,1.4523809523809523,0.05754908598510494,4.658823529411765,10.119047619047617,557.0,85.0
00-0031599,Cameron Artis-Payne,2015,CAR,6,174.0,5.0,0,25.190965092402465,3,4.0,0.0,0.0,4.0,0.125,0.0,0.0,0.11,2.5833333333333335,-0.36809580227418265,0.16666666666666666,0.08333333333333333,,,10.333333333333334,1.0333333333333334,12,0.0,6,7.5,0.8333333333333334,0.8333333333333334,8.333333333333334,0.2542372881355932,0.028735632183908046,0.046296296296296294,0.2866666666666666,4.066666666666666,-0.11263287197798467,0.26666666666666666,0.13333333333333333,11.6,0.8787365674390453,40.166666666666664,5.8500000000000005,45,5.0,94.6,18,62.60000000000001,15,3,0,0,0,4.339622641509434,-0.018515638031289364,0.3490566037735849,5.888888888888889,0.2082514734774067,0.6111111111111112,0.5555555555555556,0.018211920529801324,7.818181818181818,5.2555555555555555,106.0,11.0
00-0031611,Josh Robinson,2015,IND,5,205.0,6.0,0,23.019849418206707,3,3.6666666666666665,1.6666666666666667,1.6666666666666667,5.333333333333333,0.171875,0.043859649122807015,0.07692307692307693,0.22,2.8181818181818183,-0.19104494543386272,0.36363636363636365,0.0,5.4,-0.1587621485465206,19.333333333333332,3.6,11,5.0,5,3.4,1.2,1.2,4.6,0.1440677966101695,0.031578947368421054,0.05309734513274336,0.16799999999999998,2.2941176470588234,-0.5487906425705121,0.23529411764705882,0.0,5.5,-0.07012278490583417,14.4,2.2399999999999998,17,6.0,0.40000000000000013,2,0.0,0,0,0,0,0,1.3333333333333333,-1.2046577539877028,0.0,3.0,0.1111111111111111,0.5,0.5,0.013157894736842105,6.0,0.20000000000000007,6.0,1.0
00-0031665,Zach Zenner,2015,DET,4,,,1,23.967145790554415,3,4.666666666666667,1.0,0.6666666666666666,5.333333333333333,0.2692307692307692,0.022900763358778626,0.023809523809523808,0.17333333333333334,3.2142857142857144,-0.20440070535654994,0.2857142857142857,0.07142857142857142,3.6666666666666665,-0.1063857485229771,18.666666666666668,2.533333333333333,14,3.0,4,4.25,0.75,0.5,4.75,0.20238095238095238,0.017543859649122806,0.018018018018018018,0.14500000000000002,3.5294117647058822,-0.15210951907176737,0.29411764705882354,0.058823529411764705,3.6666666666666665,-0.1063857485229771,17.75,2.275,17,3.0,163.89999999999998,29,162.39999999999998,28,4,0,0,0,3.914110429447853,-0.11824976022651057,0.3987730061349693,5.620689655172414,0.2440119760479042,1.2758620689655173,0.9310344827586207,0.0356111645813282,7.324324324324325,5.6517241379310335,163.0,37.0
00-0031682,Terron Ward,2015,ATL,10,,,1,23.54277891854894,3,6.333333333333333,1.3333333333333333,0.6666666666666666,7.0,0.21348314606741572,0.034782608695652174,0.0273972602739726,0.19999999999999998,3.789473684210526,-0.03508713096073879,0.42105263157894735,0.21052631578947367,6.75,-0.5358625329681678,33.0,5.966666666666666,19,4.0,10,2.9,1.3,0.9,3.8,0.10661764705882353,0.033942558746736295,0.03515625,0.138,3.2758620689655173,-0.27497470206560964,0.3448275862068966,0.1724137931034483,5.615384615384615,-0.4538085805996951,16.8,3.18,29,13.0,46.400000000000006,18,32.5,11,2,0,0,0,4.267605633802817,-0.254652550461017,0.28169014084507044,3.9444444444444446,0.14730290456431536,0.7777777777777778,0.6111111111111112,0.022950819672131147,5.071428571428571,2.577777777777778,71.0,14.0
00-0031687,Raheem Mostert,2015,MIA,9,,,1,23.394934976043807,3,0.0,0.0,0.0,0.0,0.0,0.0,0.0,0.0,,,,,,,0.0,0.0,0,0.0,9,0.0,0.0,0.0,0.0,0.0,0.0,0.0,0.0022222222222222222,,,,,,,0.0,0.0,0,0.0,845.4,105,845.4000000000001,99,10,1,1,0,4.98719590268886,-0.035606317821509,0.4199743918053777,7.438095238095238,0.2855575868372943,1.4952380952380953,1.1714285714285715,0.045893013738672904,6.171974522292993,8.051428571428572,781.0,157.0
00-0031731,Corey Grant,2015,JAX,5,,,1,23.701574264202602,3,1.0,1.0,0.6666666666666666,1.6666666666666667,0.04054054054054054,0.02857142857142857,0.03508771929824561,0.05333333333333334,2.3333333333333335,-0.854870821543349,0.3333333333333333,0.0,4.333333333333333,0.103851162440454,6.666666666666667,1.3333333333333333,3,3.0,5,1.2,0.6,0.4,1.6,0.05357142857142857,0.015789473684210527,0.01818181818181818,0.044000000000000004,0.3333333333333333,-1.6243981761508628,0.3333333333333333,0.16666666666666666,4.333333333333333,0.103851162440454,3.0,0.3,6,3.0,97.00000000000001,31,99.5,29,3,0,0,0,5.730769230769231,0.022487780062198797,0.38461538461538464,2.5161290322580645,0.08803611738148984,0.7419354838709677,0.5161290322580645,0.020444444444444446,6.217391304347826,3.1290322580645165,78.0,23.0
00-0031743,Akeem Hunt,2015,HOU,7,,,1,22.521560574948666,3,2.0,1.0,0.6666666666666666,2.6666666666666665,0.0594059405940594,0.028846153846153848,0.03125,0.05666666666666667,6.333333333333333,0.44306722291124295,0.6666666666666666,0.6666666666666666,-0.6666666666666666,-0.746823891337652,12.0,1.8666666666666665,6,3.0,7,2.4285714285714284,1.4285714285714286,0.8571428571428571,3.2857142857142856,0.07296137339055794,0.04504504504504504,0.04477611940298507,0.10285714285714286,5.647058823529412,0.28304867416366775,0.47058823529411764,0.35294117647058826,3.9,-0.3257145615178165,19.285714285714285,2.7857142857142856,17,10.0,40.1,26,26.2,22,2,0,0,0,4.871794871794871,-0.023878273196529135,0.358974358974359,1.5,0.05454545454545454,0.6923076923076923,0.4230769230769231,0.020930232558139535,5.611111111111111,1.5423076923076924,39.0,18.0
00-0031830,Alonzo Harris,2015,GB,3,,,1,22.809034907597535,3,1.3333333333333333,0.3333333333333333,0.0,1.3333333333333333,0.056338028169014086,0.008547008547008548,0.0,0.03333333333333333,4.75,0.09097419091267525,0.5,0.25,0.0,-0.852264324901626,6.333333333333333,0.6333333333333333,4,1.0,3,1.3333333333333333,0.3333333333333333,0.0,1.3333333333333333,0.056338028169014086,0.008547008547008548,0.0,0.03333333333333333,4.75,0.09097419091267525,0.5,0.25,0.0,-0.852264324901626,6.333333333333333,0.6333333333333333,4,1.0,0.0,0,0.0,0,0,0,0,0,,,,,,,,,,,,
00-0031897,Thomas Rawls,2015,SEA,12,,,1,22.078028747433265,3,11.666666666666666,0.6666666666666666,0.3333333333333333,12.0,0.3804347826086957,0.021505376344086023,0.013888888888888888,0.37666666666666665,4.485714285714286,-0.12009473977710279,0.2857142857142857,0.14285714285714285,-0.5,-0.666250306647271,52.0,5.533333333333334,35,2.0,12,12.25,0.9166666666666666,0.75,13.0,0.3858267716535433,0.03216374269005848,0.036585365853658534,0.35166666666666674,5.64625850340136,0.0438765897529427,0.42857142857142855,0.25170068027210885,6.909090909090909,0.26290563154245983,75.5,10.633333333333333,147,11.0,218.6,27,107.6,18,2,0,0,0,4.225806451612903,-0.11120715503758537,0.3548387096774194,10.333333333333334,0.3595360824742268,1.4444444444444444,1.1111111111111112,0.04498269896193772,6.846153846153846,8.096296296296297,279.0,39.0
00-0031900,Rod Smith,2015,SEA,5,,,1,23.641341546885695,3,0.6666666666666666,0.3333333333333333,0.0,0.6666666666666666,0.024691358024691357,0.013157894736842105,0.0,0.03666666666666667,2.5,-0.2664291788241825,0.5,0.5,0.0,-1.06631247468123,1.6666666666666667,0.16666666666666666,2,1.0,5,0.4,0.4,0.2,0.6,0.017241379310344827,0.013793103448275862,0.011235955056179775,0.05,2.5,-0.2664291788241825,0.5,0.5,3.0,-0.2863268671874785,2.2,0.42000000000000004,2,2.0,129.1,36,127.5,34,4,0,0,0,3.6262626262626263,-0.02222993142662966,0.41414141414141414,2.75,0.09734513274336283,1.0277777777777777,0.8333333333333334,0.03265666372462489,7.351351351351352,3.586111111111111,99.0,37.0
00-0031939,Matt Jones,2015,WAS,13,95.0,3.0,0,22.48596851471595,3,12.0,1.0,1.0,13.0,0.3829787234042553,0.028037383177570093,0.04054054054054054,0.30000000000000004,5.25,-0.06705952362002196,0.4722222222222222,0.25,7.666666666666667,0.16342910953486967,70.66666666666667,10.733333333333334,36,3.0,13,11.076923076923077,1.9230769230769231,1.4615384615384615,12.538461538461538,0.4114285714285714,0.05694760820045558,0.06109324758842444,0.4030769230769231,3.4027777777777777,-0.2492774992520387,0.3611111111111111,0.20833333333333334,12.16,0.5016240015928652,61.07692307692308,8.8,144,25.0,158.9,19,76.69999999999999,9,2,0,0,0,3.6556603773584904,-0.19898080823803013,0.36792452830188677,11.157894736842104,0.4380165289256198,1.5789473684210527,1.263157894736842,0.04665629860031104,11.8,8.363157894736842,212.0,30.0
00-0031959,Marcus Murphy,2015,NO,13,230.0,7.0,0,23.912388774811774,3,0.0,0.0,0.0,0.0,0.0,0.0,0.0,0.0,,,,,,,0.0,2.0,0,0.0,13,0.07692307692307693,0.0,0.0,0.07692307692307693,0.003105590062111801,0.0,0.0,0.0007692307692307692,0.0,-0.500477341003716,0.0,0.0,,,0.0,0.46153846153846156,1,0.0,46.7,24,46.699999999999996,14,3,0,0,0,4.85,-0.10253515572758597,0.36666666666666664,2.5,0.0907715582450832,0.9166666666666666,0.5833333333333334,0.025821596244131457,1.6363636363636365,1.9458333333333335,60.0,22.0
00-0032058,Tevin Coleman,2015,ATL,12,73.0,3.0,0,22.376454483230663,3,10.333333333333334,1.0,0.0,10.333333333333334,0.34831460674157305,0.02459016393442623,0.0,0.31666666666666665,3.7096774193548385,-0.06066499495946403,0.2903225806451613,0.16129032258064516,0.0,-0.7454190265852964,38.333333333333336,5.833333333333333,31,3.0,12,7.25,0.9166666666666666,0.16666666666666666,7.416666666666667,0.29292929292929293,0.022448979591836733,0.00625,0.26166666666666666,4.505747126436781,-0.2018423832306669,0.3448275862068966,0.16091954022988506,1.2727272727272727,-0.912699616281316,33.833333333333336,3.5500000000000003,87,11.0,799.1000000000001,86,774.0000000000001,77,7,3,0,0,4.226912928759894,-0.10652192079740855,0.3548812664907652,8.813953488372093,0.3458029197080292,2.1511627906976742,1.5232558139534884,0.06366139022711631,7.118918918918919,9.291860465116281,758.0,185.0
00-0032063,Mike Davis,2015,SF,5,126.0,4.0,0,22.529774127310063,3,5.0,2.3333333333333335,1.0,6.0,0.17647058823529413,0.07608695652173914,0.05172413793103448,0.29333333333333333,1.3333333333333333,-0.2676790276600511,0.3333333333333333,0.2,1.2857142857142858,-0.44573527745004526,9.666666666666666,1.9666666666666668,15,7.0,5,7.0,2.6,1.4,8.4,0.2517985611510791,0.07344632768361582,0.0660377358490566,0.322,1.6571428571428573,-0.3173027773612245,0.2857142857142857,0.14285714285714285,2.923076923076923,-0.6514907406235582,19.2,3.3200000000000003,35,13.0,574.9000000000001,73,564.2,71,7,1,1,0,3.7421731123388584,-0.1536297745429319,0.35174953959484345,7.438356164383562,0.2732762959235028,2.863013698630137,2.3013698630136985,0.09255978742249779,5.057416267942584,7.875342465753426,543.0,209.0
00-0032104,Ameer Abdullah,2015,DET,16,54.0,2.0,0,22.217659137577,3,7.0,3.3333333333333335,2.3333333333333335,9.333333333333334,0.4117647058823529,0.08,0.08536585365853659,0.4366666666666667,3.9047619047619047,-0.02683528323125619,0.47619047619047616,0.14285714285714285,7.2,0.11382859508739737,51.333333333333336,11.466666666666667,21,10.0,16,8.9375,2.375,1.5625,10.5,0.403954802259887,0.06109324758842444,0.05952380952380952,0.33375,4.174825174825175,-0.10578824798096224,0.3986013986013986,0.1888111888111888,4.815789473684211,-0.35032829035557594,48.75,7.3125,143,38.0,665.4,144,576.0999999999999,128,10,0,0,0,4.058350100603621,-0.13493139136088053,0.34808853118712274,3.451388888888889,0.1359781121751026,1.9305555555555556,1.4861111111111112,0.05872412336290663,5.384892086330935,4.620833333333334,497.0,278.0
00-0032130,Jalston Fowler,2015,TEN,12,108.0,4.0,0,25.100616016427104,3,1.6666666666666667,0.3333333333333333,0.3333333333333333,2.0,0.056179775280898875,0.010526315789473684,0.01639344262295082,0.26,2.4,0.5703745902196047,0.8,0.8,19.0,1.70477838057559,10.333333333333334,3.366666666666667,5,1.0,12,0.5833333333333334,0.5,0.4166666666666667,1.0,0.022364217252396165,0.015915119363395226,0.02040816326530612,0.16749999999999998,1.8571428571428572,0.32623330283554186,0.7142857142857143,0.7142857142857143,7.333333333333333,0.434006117216389,4.75,1.8916666666666668,7,6.0,21.700000000000003,18,9.1,9,2,0,0,0,1.6,0.08636482636211401,0.6,0.2777777777777778,0.0099601593625498,0.4444444444444444,0.2777777777777778,0.014336917562724014,4.875,1.2055555555555557,5.0,8.0
00-0032133,David Cobb,2015,TEN,7,138.0,5.0,0,22.245037645448324,3,6.666666666666667,0.3333333333333333,0.0,6.666666666666667,0.25316455696202533,0.01020408163265306,0.0,0.24,2.25,-0.3096402316878085,0.25,0.15,0.0,-0.700083458796144,15.0,1.5,20,1.0,7,7.428571428571429,0.2857142857142857,0.14285714285714285,7.571428571428571,0.3443708609271523,0.008097165991902834,0.00684931506849315,0.25857142857142856,2.8076923076923075,-0.20120214364075012,0.2692307692307692,0.11538461538461539,-1.0,-0.934541048482062,20.571428571428573,3.057142857142857,52,2.0,16.900000000000002,4,0.0,0,0,0,0,0,3.15625,-0.13342833861133865,0.28125,8.0,0.4444444444444444,0.25,0.25,0.006711409395973154,-2.0,4.2250000000000005,32.0,1.0
00-0032144,Melvin Gordon,2015,LAC,14,15.0,1.0,0,22.38466803559206,3,14.666666666666666,1.6666666666666667,1.3333333333333333,16.0,0.5238095238095238,0.046296296296296294,0.04938271604938271,0.4366666666666667,4.318181818181818,-0.17445038963342088,0.4090909090909091,0.22727272727272727,5.2,0.1132559892488644,72.0,7.866666666666667,44,5.0,14,13.142857142857142,2.642857142857143,2.357142857142857,15.5,0.5427728613569321,0.06434782608695652,0.08461538461538462,0.3964285714285714,3.483695652173913,-0.24248969690629368,0.33695652173913043,0.1793478260869565,5.1891891891891895,0.040507949559911556,59.5,7.735714285714286,184,37.0,1580.0,109,1495.3,98,8,6,3,0,4.101355713363461,-0.10158037280051749,0.38347320852162686,14.211009174311927,0.5520313613684961,3.761467889908257,2.8256880733944953,0.11033369214208827,6.065853658536585,14.495412844036696,1549.0,410.0
00-0032152,Karlos Williams,2015,BUF,11,155.0,5.0,0,22.327173169062284,3,8.0,1.0,0.6666666666666666,8.666666666666666,0.24742268041237114,0.038461538461538464,0.034482758620689655,0.2866666666666667,7.75,0.5153978886179783,0.5416666666666666,0.3333333333333333,5.333333333333333,0.11219534518507633,67.33333333333333,13.4,24,3.0,11,8.454545454545455,1.2727272727272727,1.0,9.454545454545455,0.2569060773480663,0.04590163934426229,0.054455445544554455,0.3281818181818182,5.559139784946237,0.1831125692240343,0.44086021505376344,0.26881720430107525,6.857142857142857,-0.4057180844164194,55.72727272727273,11.3,93,14.0,84.1,8,0.0,0,0,0,0,0,4.797101449275362,0.06753506682614069,0.4057971014492754,8.625,0.26037735849056604,1.375,1.125,0.048458149779735685,7.2727272727272725,10.5125,69.0,11.0
00-0032187,David Johnson,2015,ARI,16,86.0,3.0,0,23.709787816564,3,4.0,2.3333333333333335,1.6666666666666667,5.666666666666667,0.13333333333333333,0.08139534883720931,0.08928571428571429,0.22,5.583333333333333,0.3360711344867011,0.5833333333333334,0.4166666666666667,10.571428571428571,0.5717569721330497,47.0,12.366666666666667,12,7.0,16,7.8125,3.5625,2.25,10.0625,0.27654867256637167,0.10363636363636364,0.10198300283286119,0.369375,4.648,0.08685681304843024,0.512,0.272,8.017543859649123,0.2150707228317957,64.875,13.6125,125,57.0,1259.5,87,1078.8,74,7,3,2,1,4.024120603015075,-0.1257863956411543,0.36381909547738694,11.436781609195402,0.46300604932526757,4.528735632183908,3.1264367816091956,0.13544173255414232,6.931472081218274,14.477011494252874,995.0,394.0
00-0032209,T.J. Yeldon,2015,JAX,12,36.0,2.0,0,21.913757700205338,3,16.0,3.6666666666666665,2.6666666666666665,18.666666666666668,0.6486486486486487,0.10476190476190476,0.14035087719298245,0.7033333333333333,3.2083333333333335,-0.18758279007912895,0.3541666666666667,0.10416666666666667,3.4545454545454546,-0.8321802868052729,64.0,9.066666666666666,48,11.0,12,15.166666666666666,3.8333333333333335,3.0,18.166666666666668,0.6408450704225352,0.1036036036036036,0.13953488372093023,0.7683333333333334,4.065934065934066,-0.10914363650090673,0.34615384615384615,0.13736263736263737,6.065217391304348,0.07448437949575389,84.91666666666667,12.991666666666667,182,46.0,573.0999999999999,55,444.4,46,5,1,0,0,4.168918918918919,-0.12745223212293752,0.35135135135135137,8.072727272727272,0.3087621696801113,4.381818181818182,3.2181818181818183,0.12080200501253133,5.850622406639004,10.419999999999998,444.0,241.0
00-0032241,Todd Gurley,2015,LA,13,10.0,1.0,0,21.078713210130047,3,18.333333333333332,1.0,1.0,19.333333333333332,0.6875,0.036585365853658534,0.06382978723404255,0.5333333333333333,5.709090909090909,0.0028281186156991077,0.36363636363636365,0.2,6.666666666666667,0.201453340453251,111.33333333333333,12.133333333333333,55,3.0,13,17.615384615384617,2.0,1.6153846153846154,19.23076923076923,0.6414565826330533,0.07008086253369272,0.09722222222222222,0.5846153846153846,4.829694323144105,-0.060442312986779774,0.35807860262008734,0.1965065502183406,7.230769230769231,0.06353099655713702,99.53846153846153,16.03076923076923,229,26.0,1508.2,85,1336.2,75,5,4,2,1,4.1053380782918145,-0.0742199530589892,0.39786476868327403,16.529411764705884,0.6351717902350814,3.9176470588235293,2.823529411764706,0.11303462321792261,6.708708708708708,17.743529411764705,1405.0,333.0
00-0032257,Duke Johnson,2015,CLE,16,77.0,3.0,0,21.93839835728953,3,7.666666666666667,2.3333333333333335,2.0,9.666666666666666,0.3194444444444444,0.07291666666666667,0.1111111111111111,0.49,2.9565217391304346,-0.24669847092287522,0.34782608695652173,0.13043478260869565,4.571428571428571,-0.14249324430212643,33.333333333333336,5.333333333333333,23,7.0,16,6.5,4.625,3.8125,10.3125,0.2736842105263158,0.12312811980033278,0.16442048517520216,0.50625,3.644230769230769,-0.15282292586716825,0.3557692307692308,0.18269230769230768,7.216216216216216,0.16775811526370185,57.0625,10.26875,104,74.0,938.5,94,790.2,81,7,1,1,1,4.31630648330059,-0.1160887481609363,0.381139489194499,5.414893617021277,0.21798715203426125,4.23404255319149,3.24468085106383,0.12272587110699969,7.130653266331659,9.98404255319149,509.0,398.0
00-0032371,Rob Kelley,2016,WAS,14,,,1,23.912388774811774,3,2.6666666666666665,0.0,0.0,2.6666666666666665,0.10526315789473684,0.0,0.0,0.06666666666666667,3.625,-0.14427546704973737,0.375,0.125,,,9.666666666666666,0.9666666666666668,8,0.0,14,12.0,1.2857142857142858,0.8571428571428571,12.857142857142858,0.48,0.03557312252964427,0.034383954154727794,0.3764285714285714,4.190476190476191,-0.04190402217405097,0.34523809523809523,0.17261904761904762,4.555555555555555,-0.042390075227659585,56.142857142857146,9.471428571428572,168,18.0,173.7,20,44.00000000000001,9,2,0,0,0,3.8805309734513274,-0.06568122091781672,0.3584070796460177,11.3,0.44930417495029823,1.25,0.8,0.034578146611341634,4.0,8.684999999999999,226.0,25.0
00-0032377,Josh Ferguson,2016,IND,15,,,1,23.277207392197127,3,1.3333333333333333,3.6666666666666665,3.3333333333333335,4.666666666666667,0.06060606060606061,0.09243697478991597,0.13157894736842105,0.26,1.75,-0.3437896269460908,0.25,0.0,7.636363636363637,0.17678304637295472,30.333333333333332,6.366666666666667,4,11.0,15,1.0,1.6666666666666667,1.3333333333333333,2.3333333333333335,0.03875968992248062,0.04690431519699812,0.057803468208092484,0.12266666666666667,1.3333333333333333,-0.8612254032748756,0.06666666666666667,0.0,5.44,-0.017329488151799133,10.4,2.3733333333333335,15,25.0,22.5,18,6.0,6,2,0,0,0,1.8,-0.7844449476261317,0.06666666666666667,0.8333333333333334,0.030864197530864196,1.0,0.7222222222222222,0.030874785591766724,3.7777777777777777,1.25,15.0,18.0
00-0032393,C.J. Prosise,2016,SEA,6,90.0,3.0,0,22.286105407255306,3,2.0,2.6666666666666665,2.3333333333333335,4.333333333333333,0.08823529411764706,0.07339449541284404,0.0945945945945946,0.26333333333333336,3.5,-0.178477297886275,0.3333333333333333,0.0,13.75,0.48936589991353624,43.666666666666664,6.7,6,8.0,6,5.0,3.1666666666666665,2.8333333333333335,7.833333333333333,0.22058823529411764,0.095,0.12318840579710146,0.39833333333333343,5.733333333333333,0.06152968295306569,0.4,0.1,10.947368421052632,0.6162153930758661,63.333333333333336,10.166666666666668,30,19.0,104.30000000000001,22,63.400000000000006,19,4,0,0,0,3.7971014492753623,-0.2899142827265425,0.3188405797101449,3.1363636363636362,0.12432432432432433,1.9090909090909092,1.5454545454545454,0.06017191977077364,7.166666666666667,4.740909090909091,69.0,42.0
00-0032404,Tyler Ervin,2016,HOU,12,119.0,4.0,0,22.902121834360027,3,0.3333333333333333,0.6666666666666666,0.3333333333333333,0.6666666666666666,0.010416666666666666,0.018518518518518517,0.015384615384615385,0.05333333333333334,3.0,-0.219396261498332,0.0,0.0,2.5,-0.435718295697252,2.6666666666666665,0.6,1,2.0,12,0.08333333333333333,0.4166666666666667,0.25,0.3333333333333333,0.0030303030303030303,0.011441647597254004,0.011538461538461539,0.030833333333333334,3.0,-0.219396261498332,0.0,0.0,3.6,-0.16477925199210222,1.75,0.425,1,5.0,53.0,37,49.7,28,4,0,0,0,4.944444444444445,0.009131288127573356,0.4444444444444444,0.4864864864864865,0.017159199237368923,0.972972972972973,0.7027027027027027,0.0288,5.027777777777778,1.4324324324324325,18.0,36.0
00-0032411,Kenneth Dixon,2016,BAL,12,134.0,4.0,0,22.611909650924023,3,2.0,1.3333333333333333,1.0,3.0,0.10714285714285714,0.028985507246376812,0.037037037037037035,0.08333333333333333,1.6666666666666667,-0.3293724180839488,0.3333333333333333,0.16666666666666666,1.5,-0.7511807065602629,5.333333333333333,1.5333333333333334,6,4.0,12,7.333333333333333,3.4166666666666665,2.5,9.833333333333334,0.3320754716981132,0.0823293172690763,0.09063444108761329,0.30916666666666676,4.340909090909091,0.07791099555767941,0.45454545454545453,0.29545454545454547,3.951219512195122,-0.2876819539194281,45.333333333333336,8.533333333333333,88,41.0,152.20000000000002,15,54.4,6,1,0,0,0,4.964788732394366,0.0710297572116666,0.4295774647887324,9.466666666666667,0.30669546436285094,2.933333333333333,2.2,0.08560311284046693,4.704545454545454,10.146666666666668,142.0,44.0
00-0032417,Paul Perkins,2016,NYG,14,149.0,5.0,0,21.793292265571527,3,1.3333333333333333,1.6666666666666667,1.0,2.3333333333333335,0.07407407407407407,0.0423728813559322,0.04411764705882353,0.16,4.25,-0.12418331863591438,0.25,0.25,17.0,0.43662138229701675,34.0,4.3999999999999995,4,5.0,14,8.0,1.7142857142857142,1.0714285714285714,9.071428571428571,0.32748538011695905,0.045454545454545456,0.046012269938650305,0.3085714285714286,4.071428571428571,-0.06296106524782119,0.38392857142857145,0.19642857142857142,6.75,-0.045399844154114355,44.142857142857146,5.485714285714286,112,24.0,90.0,22,26.400000000000002,11,2,0,0,0,3.4658385093167703,-0.13915002655949416,0.3105590062111801,7.318181818181818,0.2948717948717949,1.3636363636363635,0.9545454545454546,0.0364963503649635,4.4,4.090909090909091,161.0,30.0
00-0032426,Alex Collins,2016,SEA,9,171.0,5.0,0,22.017796030116358,3,2.3333333333333335,0.6666666666666666,0.6666666666666666,3.0,0.08641975308641975,0.020618556701030927,0.029850746268656716,0.14,1.8571428571428572,-0.3685929514883486,0.2857142857142857,0.2857142857142857,9.5,0.526016970339695,10.666666666666666,1.7333333333333332,7,2.0,9,3.4444444444444446,1.2222222222222223,1.2222222222222223,4.666666666666667,0.1341991341991342,0.033846153846153845,0.05116279069767442,0.2088888888888889,4.032258064516129,-0.11317730652010642,0.3225806451612903,0.25806451612903225,7.636363636363637,0.5518930139051837,23.22222222222222,3.988888888888889,31,11.0,400.19999999999993,45,369.49999999999994,39,4,1,0,0,4.168067226890757,-0.06835594239728802,0.42016806722689076,10.577777777777778,0.40928632846087704,1.7333333333333334,1.2666666666666666,0.04924242424242424,5.743589743589744,8.893333333333333,476.0,78.0
00-0032450,Dwayne Washington,2016,DET,11,236.0,7.0,0,22.357289527720738,3,5.333333333333333,0.3333333333333333,0.3333333333333333,5.666666666666667,0.22857142857142856,0.008620689655172414,0.012345679012345678,0.18000000000000002,4.375,-0.0533465687003625,0.375,0.25,-3.0,-1.18939393549226,22.333333333333332,4.566666666666666,16,1.0,11,8.181818181818182,1.3636363636363635,0.9090909090909091,9.090909090909092,0.37037037037037035,0.03614457831325301,0.03636363636363636,0.31636363636363635,2.9444444444444446,-0.2449606955581759,0.26666666666666666,0.12222222222222222,4.133333333333334,-0.12816158257774085,29.727272727272727,4.427272727272728,90,15.0,77.60000000000001,50,42.6,42,7,0,0,0,3.4342105263157894,-0.25390419299085676,0.2565789473684211,3.04,0.10614525139664804,0.4,0.3,0.012239902080783354,5.2,1.5520000000000003,152.0,20.0
00-0032577,D.J. Foster,2016,NE,3,,,1,22.77618069815195,3,2.3333333333333335,0.6666666666666666,0.3333333333333333,2.6666666666666665,0.07291666666666667,0.018018018018018018,0.012345679012345678,0.06666666666666667,3.4285714285714284,-0.1965204114011229,0.2857142857142857,0.0,1.0,-0.53270717652049,8.666666666666666,1.2,7,2.0,3,2.3333333333333335,0.6666666666666666,0.3333333333333333,2.6666666666666665,0.07291666666666667,0.018018018018018018,0.012345679012345678,0.06666666666666667,3.4285714285714284,-0.1965204114011229,0.2857142857142857,0.0,1.0,-0.53270717652049,8.666666666666666,1.2,7,2.0,34.1,15,34.1,15,3,0,0,0,2.625,-0.6224682031093091,0.0,0.5333333333333333,0.018561484918793503,1.9333333333333333,1.2,0.05731225296442688,4.827586206896552,2.2733333333333334,8.0,29.0
00-0032593,Brandon Wilds,2016,NYJ,3,,,1,23.1129363449692,3,3.3333333333333335,0.6666666666666666,0.6666666666666666,4.0,0.10101010101010101,0.02247191011235955,0.0392156862745098,0.18666666666666668,2.7,-0.15064731742022602,0.2,0.1,10.0,0.44967053012806,15.666666666666666,2.2333333333333334,10,2.0,3,3.3333333333333335,0.6666666666666666,0.6666666666666666,4.0,0.10101010101010101,0.02247191011235955,0.0392156862745098,0.18666666666666668,2.7,-0.15064731742022602,0.2,0.1,10.0,0.44967053012806,15.666666666666666,2.2333333333333334,10,2.0,1.5,3,1.5,3,1,0,0,0,2.5,-0.31209268770180615,0.16666666666666666,2.0,0.1,0.0,0.0,0.0,,0.5,6.0,0.0
00-0032636,Don Jackson,2016,GB,3,,,1,22.98425735797399,3,3.3333333333333335,0.3333333333333333,0.0,3.3333333333333335,0.16393442622950818,0.007352941176470588,0.0,0.14,3.2,-0.06749430799391119,0.4,0.1,0.0,-0.739812986459583,10.666666666666666,1.0666666666666667,10,1.0,3,3.3333333333333335,0.3333333333333333,0.0,3.3333333333333335,0.16393442622950818,0.007352941176470588,0.0,0.14,3.2,-0.06749430799391119,0.4,0.1,0.0,-0.739812986459583,10.666666666666666,1.0666666666666667,10,1.0,0.0,0,0.0,0,0,0,0,0,,,,,,,,,,,,
00-0032741,Peyton Barber,2016,TB,10,,,1,22.510609171800137,3,5.333333333333333,0.0,0.0,5.333333333333333,0.1523809523809524,0.0,0.0,0.11333333333333334,5.6875,-0.1468388003886505,0.25,0.1875,,,30.333333333333332,5.033333333333333,16,0.0,10,5.5,0.6,0.5,6.0,0.18333333333333332,0.017857142857142856,0.023474178403755867,0.187,4.054545454545455,-0.08647130038060083,0.3090909090909091,0.18181818181818182,4.666666666666667,0.20365994735038884,25.1,3.6100000000000003,55,6.0,478.4,76,457.4,69,5,0,0,0,3.4590643274853803,-0.1415797334637271,0.347953216374269,9.0,0.35149023638232274,1.2894736842105263,0.9342105263157895,0.03507516105941303,4.36734693877551,6.294736842105263,684.0,98.0
00-0032764,Derrick Henry,2016,TEN,14,45.0,2.0,0,22.65845311430527,3,8.0,1.0,1.0,9.0,0.32,0.028037383177570093,0.04477611940298507,0.37333333333333335,3.6666666666666665,-0.2071836110092895,0.4166666666666667,0.2916666666666667,16.666666666666668,1.3991344243598476,46.0,5.6000000000000005,24,3.0,14,7.857142857142857,1.0714285714285714,0.9285714285714286,8.785714285714286,0.2558139534883721,0.03640776699029126,0.050980392156862744,0.28928571428571426,4.454545454545454,-0.0026668026418933018,0.4090909090909091,0.2636363636363636,9.133333333333333,0.2520547597966175,44.785714285714285,7.55,110,15.0,2486.48,152,2322.68,138,9,8,6,0,4.893121301775148,0.018631580447124464,0.4219674556213018,17.789473684210527,0.598627407571397,1.625,1.256578947368421,0.05947507825668192,7.242914979757085,16.35842105263158,2704.0,247.0
00-0032780,Jordan Howard,2016,CHI,15,150.0,5.0,0,21.831622176591377,3,11.666666666666666,4.0,3.0,14.666666666666666,0.5737704918032787,0.10909090909090909,0.11392405063291139,0.6233333333333334,5.085714285714285,-0.09145084044596714,0.42857142857142855,0.2857142857142857,6.416666666666667,0.14688791657196507,85.0,11.5,35,12.0,15,16.8,3.3333333333333335,1.9333333333333333,18.733333333333334,0.7,0.09578544061302682,0.08761329305135952,0.6726666666666666,5.2103174603174605,-0.004201493634888993,0.4007936507936508,0.2777777777777778,5.96,0.15008640698622916,107.4,15.340000000000002,252,50.0,780.0000000000001,68,584.4000000000001,56,6,2,0,1,4.252032520325203,-0.04696398520742054,0.39634146341463417,14.470588235294118,0.5074780814853017,1.7205882352941178,1.1176470588235294,0.055714285714285716,4.923076923076923,11.47058823529412,984.0,117.0
00-0032782,Wendell Smallwood,2016,PHI,12,153.0,5.0,0,22.614647501711158,3,6.666666666666667,0.3333333333333333,0.0,6.666666666666667,0.20833333333333334,0.009900990099009901,0.0,0.15666666666666665,4.8,0.16187369139806806,0.5,0.35,0.0,-0.711242251098156,32.0,5.2,20,1.0,12,6.416666666666667,1.0833333333333333,0.5,6.916666666666667,0.2413793103448276,0.028017241379310345,0.02054794520547945,0.19333333333333333,4.0519480519480515,-0.11161485939093033,0.4025974025974026,0.2597402597402597,4.230769230769231,-0.503976556481435,30.583333333333332,4.391666666666667,77,13.0,235.39999999999998,46,198.3,37,4,0,0,0,3.944954128440367,-0.10975908220537375,0.3761467889908257,4.739130434782608,0.19022687609075042,1.8043478260869565,1.3043478260869565,0.05266497461928934,5.710843373493976,5.117391304347826,218.0,83.0
00-0032794,Danny Vitale,2016,CLE,5,197.0,6.0,0,22.850102669404517,3,0.0,1.0,0.6666666666666666,0.6666666666666666,0.0,0.030612244897959183,0.037037037037037035,0.16333333333333333,,,,,4.333333333333333,-0.21359862723814702,4.333333333333333,1.1,0,3.0,5,0.0,1.0,0.8,0.8,0.0,0.030120481927710843,0.0392156862745098,0.152,,,,,5.4,-0.10469586662366079,5.4,1.3400000000000003,0,5.0,26.5,26,23.1,24,3,0,0,0,3.0,-0.297623782418668,0.0,0.038461538461538464,0.0015432098765432098,0.8076923076923077,0.5,0.023411371237458192,6.285714285714286,1.0192307692307692,1.0,21.0
00-0032804,Daniel Lasco,2016,NO,5,237.0,7.0,0,23.89596167008898,3,2.0,1.3333333333333333,0.6666666666666666,2.6666666666666665,0.07792207792207792,0.032520325203252036,0.023529411764705882,0.06666666666666667,2.8333333333333335,-0.14900505859016752,0.3333333333333333,0.16666666666666666,2.75,-0.31187400413909927,9.333333333333334,1.5999999999999999,6,4.0,5,2.2,0.8,0.4,2.6,0.0859375,0.020100502512562814,0.014598540145985401,0.062,2.909090909090909,-0.20231463642663955,0.2727272727272727,0.09090909090909091,2.75,-0.31187400413909927,8.6,1.26,11,4.0,1.5,3,0.0,1,1,0,0,0,3.0,-0.266286129830406,0.2,1.6666666666666667,0.050505050505050504,0.0,0.0,0.0,,0.5,5.0,0.0
00-0032902,Kenneth Farrow,2016,LAC,11,,,1,23.488021902806295,3,2.6666666666666665,0.3333333333333333,0.0,2.6666666666666665,0.08888888888888889,0.01020408163265306,0.0,0.08333333333333333,3.875,-0.16594873790745673,0.5,0.125,0.0,-0.804501844802871,10.333333333333334,1.0333333333333334,8,1.0,11,5.454545454545454,1.4545454545454546,1.1818181818181819,6.636363636363637,0.21201413427561838,0.04199475065616798,0.05726872246696035,0.2672727272727273,3.2,-0.19425070651244222,0.35,0.16666666666666666,4.375,-0.043874567886253005,23.818181818181817,3.3818181818181823,60,16.0,34.1,8,0.0,0,0,0,0,0,3.0961538461538463,-0.1986048555285938,0.3269230769230769,6.5,0.2694300518134715,1.875,1.625,0.053003533568904596,4.666666666666667,4.2625,52.0,15.0
00-0032940,DeAndre Washington,2016,LV,13,143.0,5.0,0,23.523613963039015,3,6.0,1.0,1.0,7.0,0.23684210526315788,0.02564102564102564,0.0379746835443038,0.19666666666666668,6.5,0.028120200492493433,0.3888888888888889,0.16666666666666666,7.0,0.1723613152668503,46.0,5.6000000000000005,18,3.0,13,6.6923076923076925,1.7692307692307692,1.3076923076923077,8.0,0.25588235294117645,0.04842105263157895,0.05362776025236593,0.26846153846153853,5.367816091954023,0.0011755712992704045,0.42528735632183906,0.21839080459770116,5.0,-0.3945577264068285,44.76923076923077,6.553846153846154,87,23.0,303.79999999999995,53,235.39999999999998,43,4,0,0,0,3.7152542372881356,-0.14794073317612236,0.34915254237288135,5.566037735849057,0.21916790490341753,2.207547169811321,1.6981132075471699,0.06697195191757298,5.316239316239316,5.732075471698113,295.0,117.0
00-0032972,Devontae Booker,2016,DEN,16,136.0,4.0,0,24.265571526351813,3,5.333333333333333,0.6666666666666666,0.6666666666666666,6.0,0.1927710843373494,0.02127659574468085,0.031746031746031744,0.18000000000000002,3.875,-0.290238343335659,0.4375,0.3125,11.0,0.6557594686746581,28.0,2.7999999999999994,16,2.0,16,10.875,2.8125,1.9375,12.8125,0.424390243902439,0.08093525179856115,0.09144542772861357,0.46187500000000004,3.5172413793103448,-0.1584653315899438,0.3448275862068966,0.1724137931034483,5.888888888888889,-0.19803365031750964,54.8125,8.91875,174,45.0,555.9000000000001,82,421.6,69,5,0,0,0,4.025440313111546,-0.07098307568460877,0.3679060665362035,6.2317073170731705,0.2412653446647781,2.524390243902439,1.951219512195122,0.07516339869281045,5.806763285024155,6.779268292682928,511.0,207.0
00-0032975,Jonathan Williams,2016,BUF,8,156.0,5.0,0,22.579055441478438,3,4.333333333333333,0.0,0.0,4.333333333333333,0.12745098039215685,0.0,0.0,0.14666666666666667,2.6923076923076925,-0.5020872657567872,0.3076923076923077,0.15384615384615385,,,11.666666666666666,2.5,13,0.0,8,3.375,0.25,0.125,3.5,0.0996309963099631,0.008928571428571428,0.007142857142857143,0.1575,3.4814814814814814,-0.5109299992726413,0.4074074074074074,0.2222222222222222,0.0,-0.7965755800250935,11.75,1.5499999999999998,27,2.0,97.69999999999997,30,92.8,25,6,0,0,0,4.327868852459017,-0.11024585018959276,0.39344262295081966,4.066666666666666,0.14352941176470588,0.9666666666666667,0.7333333333333333,0.02959183673469388,5.137931034482759,3.256666666666666,122.0,29.0
00-0033025,Jalen Richard,2016,LV,16,,,1,22.88021902806297,3,5.0,1.3333333333333333,1.3333333333333333,6.333333333333333,0.19736842105263158,0.03418803418803419,0.05063291139240506,0.18333333333333335,8.6,0.1082819823292079,0.4666666666666667,0.13333333333333333,8.5,0.986038719769569,54.333333333333336,8.766666666666666,15,4.0,16,5.1875,2.4375,1.8125,7.0,0.1912442396313364,0.06621392190152801,0.07651715039577836,0.21375,5.9156626506024095,0.027048443541553457,0.4457831325301205,0.1686746987951807,4.9743589743589745,0.0350500603474697,42.8125,7.21875,83,39.0,493.0,83,403.8,70,5,0,0,0,4.835341365461847,-0.1118166938833889,0.39357429718875503,3.0,0.11422018348623854,2.7951807228915664,2.253012048192771,0.08384531984098302,6.706896551724138,5.9397590361445785,249.0,232.0
00-0033045,Ezekiel Elliott,2016,DAL,15,4.0,1.0,0,21.114305270362767,3,23.666666666666668,2.0,1.6666666666666667,25.333333333333332,0.7029702970297029,0.061855670103092786,0.07575757575757576,0.6666666666666666,3.859154929577465,-0.11515317845132049,0.43661971830985913,0.2676056338028169,4.166666666666667,-0.5262821036461037,99.66666666666667,14.966666666666667,71,6.0,15,21.466666666666665,2.6666666666666665,2.1333333333333333,23.6,0.6736401673640168,0.08869179600886919,0.10355987055016182,0.7146666666666666,5.065217391304348,0.04022122553228216,0.43788819875776397,0.2826086956521739,9.075,0.3370131152366883,132.93333333333334,21.69333333333333,322,40.0,2018.06,132,1737.56,120,8,6,5,1,4.282398452611218,-0.04798177546152466,0.40667311411992263,15.666666666666666,0.5608896121508001,3.6136363636363638,2.75,0.10592938041305797,5.645702306079665,15.288333333333332,2068.0,477.0
00-0033118,Kenyan Drake,2016,MIA,15,73.0,3.0,0,22.598220396988363,3,4.333333333333333,1.3333333333333333,1.3333333333333333,5.666666666666667,0.24074074074074073,0.0380952380952381,0.05555555555555555,0.28,4.923076923076923,0.05919920401020877,0.46153846153846156,0.3076923076923077,4.25,0.04911500209709624,27.0,6.033333333333334,13,4.0,15,2.2,0.6666666666666666,0.6,2.8,0.08571428571428572,0.022727272727272728,0.03,0.12000000000000001,5.424242424242424,0.16051847466345273,0.42424242424242425,0.2727272727272727,4.6,0.10983069348148973,15.0,3.3000000000000003,33,10.0,995.9999999999999,99,964.6,87,7,3,0,0,4.441588785046729,-0.05992109199167068,0.37616822429906543,8.646464646464647,0.3380726698262243,2.9797979797979797,2.1616161616161618,0.09265075376884423,5.552542372881356,10.060606060606059,856.0,295.0
00-0033164,Troymaine Pope,2016,NYJ,4,,,1,22.757015742642025,3,3.6666666666666665,0.3333333333333333,0.3333333333333333,4.0,0.11224489795918367,0.01098901098901099,0.016666666666666666,0.12666666666666668,2.909090909090909,-0.2612911146345801,0.2727272727272727,0.18181818181818182,5.0,0.042971390299499,12.333333333333334,1.5666666666666667,11,1.0,4,3.0,0.5,0.25,3.25,0.0967741935483871,0.015384615384615385,0.012195121951219513,0.105,3.6666666666666665,-0.17743886789927868,0.3333333333333333,0.25,2.5,-3.0246378640877105,12.25,1.475,12,2.0,32.4,16,31.200000000000003,15,2,0,0,0,4.153846153846154,-0.0819172628443296,0.4230769230769231,1.625,0.06842105263157895,0.875,0.625,0.022187004754358162,4.0,2.025,26.0,14.0
00-0033280,Christian McCaffrey,2017,CAR,16,8.0,1.0,0,21.234770704996578,3,8.333333333333334,7.666666666666667,6.0,14.333333333333334,0.2840909090909091,0.26136363636363635,0.33962264150943394,0.6766666666666666,2.92,-0.22366021192981833,0.32,0.16,7.521739130434782,0.14653151881850504,82.0,13.533333333333331,25,23.0,16,7.3125,7.0625,5.0,12.3125,0.23877551020408164,0.22967479674796748,0.27303754266211605,0.700625,3.717948717948718,-0.11023075312961081,0.3418803418803419,0.1794871794871795,5.761061946902655,0.10092139387709406,67.875,14.2875,117,113.0,2532.66,112,2286.66,96,8,5,5,1,4.605515587529976,-0.008483335240922851,0.41426858513189446,14.892857142857142,0.5456329735034348,6.892857142857143,5.544642857142857,0.21612541993281076,6.892487046632124,22.61303571428571,1668.0,772.0
00-0033293,Aaron Jones,2017,GB,10,182.0,5.0,0,22.748802190280628,3,15.0,1.6666666666666667,0.6666666666666666,15.666666666666666,0.6164383561643836,0.05434782608695652,0.034482758620689655,0.6933333333333334,4.777777777777778,0.07575235062330567,0.4888888888888889,0.26666666666666666,2.0,-0.32499669924145597,75.0,12.166666666666666,45,5.0,10,8.1,1.8,0.9,9.0,0.324,0.05454545454545454,0.04390243902439024,0.39,5.530864197530864,0.1230573410981761,0.48148148148148145,0.25925925925925924,1.2222222222222223,-0.38575150052417684,47.0,8.0,81,18.0,1796.1000000000001,124,1717.9,114,8,6,4,0,4.846594525779758,0.013078272033494567,0.44112030553787396,12.669354838709678,0.488646967340591,3.782258064516129,2.8548387096774195,0.11888466413181242,5.771855010660981,14.48467741935484,1571.0,469.0
00-0033295,Elijah McGuire,2017,NYJ,15,188.0,6.0,0,23.252566735112936,3,7.666666666666667,1.3333333333333333,1.0,8.666666666666666,0.25274725274725274,0.05128205128205128,0.05263157894736842,0.22,6.782608695652174,-0.046651667558446325,0.391304347826087,0.21739130434782608,11.25,0.4826183326658795,67.0,9.033333333333333,23,4.0,15,5.866666666666666,1.7333333333333334,1.1333333333333333,7.0,0.21359223300970873,0.056768558951965066,0.05723905723905724,0.272,3.5795454545454546,-0.2167805919997771,0.2840909090909091,0.1590909090909091,6.8076923076923075,0.08515700790384204,32.8,5.213333333333334,88,26.0,137.0,20,85.9,8,1,0,0,0,2.770700636942675,-0.3255879879842445,0.28662420382165604,7.85,0.30844793713163066,2.65,1.65,0.08242612752721618,6.132075471698113,6.85,157.0,53.0
00-0033296,Alex Armah,2017,CAR,3,192.0,6.0,0,23.293634496919918,3,0.0,0.0,0.0,0.0,0.0,0.0,0.0,0.16333333333333333,,,,,,,0.0,0.0,0,0.0,3,0.0,0.0,0.0,0.0,0.0,0.0,0.0,0.16333333333333333,,,,,,,0.0,0.0,0,0.0,45.89999999999999,42,45.89999999999999,42,5,0,0,0,2.1538461538461537,-0.025748728892022312,0.5,0.6190476190476191,0.023679417122040074,0.38095238095238093,0.2857142857142857,0.011502516175413372,2.6875,1.0928571428571427,26.0,16.0
00-0033308,Matt Breida,2017,SF,16,,,1,22.507871321013006,3,3.6666666666666665,2.0,1.3333333333333333,5.0,0.16417910447761194,0.061224489795918366,0.06451612903225806,0.19666666666666668,5.0,0.03185740768888343,0.36363636363636365,0.2727272727272727,3.8333333333333335,0.007796057606659172,26.0,3.9333333333333336,11,6.0,16,6.5625,2.25,1.3125,7.875,0.25735294117647056,0.06010016694490818,0.058011049723756904,0.279375,4.428571428571429,0.0038907579686825464,0.38095238095238093,0.20952380952380953,5.0,-0.06874031812012192,40.3125,6.46875,105,36.0,548.9,88,457.20000000000005,75,6,0,0,0,4.6046099290780145,-0.061780344503618766,0.40070921985815605,6.409090909090909,0.22741935483870968,1.6818181818181819,1.3181818181818181,0.0531800215594682,6.162162162162162,6.2375,564.0,148.0
00-0033376,Patrick Ricard,2017,BAL,6,,,1,23.266255989048595,3,0.0,0.3333333333333333,0.3333333333333333,0.3333333333333333,0.0,0.012658227848101266,0.021739130434782608,0.16666666666666666,,,,,1.0,-1.21025897888467,0.3333333333333333,0.3666666666666667,0,1.0,6,0.0,0.6666666666666666,0.6666666666666666,0.6666666666666666,0.0,0.02040816326530612,0.03508771929824561,0.18833333333333332,,,,,3.0,0.1780993813445085,2.0,2.8666666666666667,0,4.0,122.4,73,106.29999999999998,69,8,0,0,0,2.0,-0.6973401946015652,0.7272727272727273,0.1506849315068493,0.004585243851604835,0.9178082191780822,0.6575342465753424,0.03157398680490104,4.8059701492537314,1.6767123287671233,11.0,67.0
00-0033526,Samaje Perine,2017,WAS,13,114.0,4.0,0,21.960301163586585,3,15.333333333333334,0.6666666666666666,0.6666666666666666,16.0,0.46464646464646464,0.024691358024691357,0.03508771929824561,0.35000000000000003,3.108695652173913,-0.33748846682188427,0.2826086956521739,0.06521739130434782,3.0,-0.046425993088633016,49.666666666666664,4.966666666666666,46,2.0,13,13.461538461538462,1.8461538461538463,1.6923076923076923,15.153846153846153,0.4985754985754986,0.05783132530120482,0.08208955223880597,0.4392307692307692,3.4457142857142857,-0.20910044157353996,0.2857142857142857,0.12571428571428572,7.583333333333333,0.42956047296805383,60.38461538461539,8.346153846153847,175,24.0,687.1,113,579.9,100,8,0,0,0,4.206896551724138,-0.08621048946203906,0.3946360153256705,4.619469026548672,0.18576512455516014,2.1150442477876106,1.761061946902655,0.06306068601583113,6.882845188284519,6.080530973451328,522.0,239.0
00-0033553,James Conner,2017,PIT,12,105.0,3.0,0,22.327173169062284,3,3.0,0.0,0.0,3.0,0.0989010989010989,0.0,0.0,0.08666666666666667,5.111111111111111,0.06857245117296523,0.3333333333333333,0.1111111111111111,,,15.333333333333334,1.5333333333333332,9,0.0,12,2.6666666666666665,0.08333333333333333,0.0,2.6666666666666665,0.09411764705882353,0.0022522522522522522,0.0,0.08083333333333333,4.5,-0.009442496823794722,0.40625,0.125,0.0,-0.45651018503122,12.0,1.2,32,1.0,1546.4000000000003,105,1536.6000000000001,96,8,5,3,0,4.348988439306359,-0.017221801675711197,0.41835260115606937,13.18095238095238,0.5093853514906147,3.3047619047619046,2.7523809523809524,0.09295472810072328,6.498559077809798,14.72761904761905,1384.0,347.0
00-0033556,Tarik Cohen,2017,CHI,16,119.0,4.0,0,22.102669404517453,3,8.0,8.333333333333334,6.666666666666667,14.666666666666666,0.3287671232876712,0.2358490566037736,0.2777777777777778,0.49,6.541666666666667,0.08640058046876227,0.375,0.20833333333333334,5.04,0.009910026199650002,94.33333333333333,18.099999999999998,24,25.0,16,5.4375,4.4375,3.3125,8.75,0.20616113744075829,0.1517094017094017,0.18213058419243985,0.359375,4.252873563218391,-0.14112622213206014,0.367816091954023,0.19540229885057472,4.971830985915493,-0.21215015420856626,45.1875,9.508750000000001,87,71.0,513.1800000000001,48,415.34,35,3,1,1,0,3.933333333333333,-0.13290320724607996,0.37083333333333335,5.0,0.18504240555127216,5.208333333333333,3.9375,0.16181229773462782,5.796,10.691250000000002,240.0,250.0
00-0033567,Brian Hill,2017,CIN,4,156.0,5.0,0,21.812457221081452,3,3.6666666666666665,0.6666666666666666,0.6666666666666666,4.333333333333333,0.16417910447761194,0.019230769230769232,0.03389830508474576,0.10333333333333333,3.3636363636363638,-0.12769386927935855,0.2727272727272727,0.18181818181818182,18.0,0.52337216984597,24.333333333333332,3.1,11,2.0,4,2.75,0.5,0.5,3.25,0.1134020618556701,0.013793103448275862,0.024390243902439025,0.0775,3.3636363636363638,-0.12769386927935855,0.2727272727272727,0.18181818181818182,18.0,0.52337216984597,18.25,2.325,11,2.0,178.20000000000002,33,178.20000000000002,32,4,0,0,0,4.7727272727272725,-0.12464563195514064,0.3434343434343434,6.0,0.23627684964200477,1.393939393939394,1.0909090909090908,0.03610675039246468,6.021739130434782,5.4,198.0,46.0
00-0033581,De'Angelo Henderson Sr.,2017,DEN,3,203.0,6.0,0,24.76933607118412,3,2.3333333333333335,0.6666666666666666,0.6666666666666666,3.0,0.08641975308641975,0.018518518518518517,0.029850746268656716,0.10000000000000002,1.8571428571428572,-0.7740823189461868,0.14285714285714285,0.2857142857142857,18.0,1.4377842878748195,16.333333333333332,4.3,7,2.0,3,2.3333333333333335,0.6666666666666666,0.6666666666666666,3.0,0.08641975308641975,0.018518518518518517,0.029850746268656716,0.10000000000000002,1.8571428571428572,-0.7740823189461868,0.14285714285714285,0.2857142857142857,18.0,1.4377842878748195,16.333333333333332,4.3,7,2.0,-0.0999999999999999,1,-0.0999999999999999,1,1,0,0,0,9.5,-0.70002176091657,0.5,2.0,0.08695652173913043,0.0,0.0,0.0,,-0.0999999999999999,2.0,0.0
00-0033594,Chris Carson,2017,SEA,4,249.0,7.0,0,22.9596167008898,3,12.333333333333334,1.6666666666666667,1.3333333333333333,13.666666666666666,0.4805194805194805,0.043859649122807015,0.06060606060606061,0.57,4.486486486486487,-0.134179165731562,0.32432432432432434,0.24324324324324326,7.0,0.5396819861023687,67.0,10.033333333333333,37,5.0,4,12.25,2.0,1.75,14.0,0.44545454545454544,0.05714285714285714,0.08045977011494253,0.5549999999999999,4.244897959183674,-0.08814916801306304,0.32653061224489793,0.22448979591836735,7.375,0.5539061318413592,66.75,9.924999999999999,49,8.0,679.5000000000001,46,669.9000000000001,45,4,3,1,0,4.557377049180328,-0.013861565624686698,0.4262295081967213,15.91304347826087,0.5406203840472673,2.739130434782609,2.239130434782609,0.09438202247191012,6.103174603174603,14.771739130434785,732.0,126.0
00-0033596,Matt Dayes,2017,CLE,13,252.0,7.0,0,22.99520876112252,3,1.3333333333333333,0.6666666666666666,0.6666666666666666,2.0,0.06349206349206349,0.017699115044247787,0.03278688524590164,0.11666666666666665,2.25,-0.0937953046450275,0.5,0.25,4.5,-0.182478091097437,6.0,1.2666666666666668,4,2.0,13,0.38461538461538464,0.38461538461538464,0.3076923076923077,0.6923076923076923,0.01607717041800643,0.011185682326621925,0.016260162601626018,0.05000000000000001,2.6,-0.0423075869155582,0.6,0.2,5.8,-0.3885631203767844,3.230769230769231,0.6307692307692309,5,5.0,4.4,13,0.0,3,1,0,0,0,4.0,0.163643284002319,1.0,0.07692307692307693,0.0031645569620253164,0.23076923076923078,0.15384615384615385,0.006741573033707865,6.666666666666667,0.3384615384615385,1.0,3.0
00-0033699,Austin Ekeler,2017,LAC,14,,,1,22.2943189596167,3,0.0,1.0,1.0,1.0,0.0,0.02702702702702703,0.0410958904109589,0.043333333333333335,,,,,8.0,0.4918236616455652,8.0,1.8,0,3.0,14,3.357142857142857,2.5,1.9285714285714286,5.285714285714286,0.1309192200557103,0.07028112449799197,0.08544303797468354,0.20642857142857143,5.531914893617022,0.0036486937878702805,0.46808510638297873,0.2553191489361702,7.9714285714285715,0.1306062204982239,38.5,7.635714285714286,47,35.0,1791.9,112,1690.4,101,8,3,3,0,4.40795559666975,-0.04844026069211563,0.4051803885291397,9.651785714285714,0.3774441340782123,5.366071428571429,4.258928571428571,0.1504380475594493,7.0948419301164725,15.999107142857143,1081.0,601.0
00-0033725,Corey Clement,2017,PHI,15,,,1,22.830937713894592,3,5.333333333333333,0.0,0.0,5.333333333333333,0.1523809523809524,0.0,0.0,0.10999999999999999,3.25,-0.06626787508193806,0.4375,0.3125,,,17.333333333333332,3.733333333333333,16,0.0,15,4.933333333333334,1.0,0.6666666666666666,5.6,0.16228070175438597,0.029354207436399216,0.03164556962025317,0.23866666666666667,4.337837837837838,0.07002455278738852,0.4594594594594595,0.25675675675675674,8.2,0.5975223617895035,29.6,6.160000000000001,74,15.0,234.1,51,152.9,39,5,0,0,0,4.092307692307692,-0.042363952533101934,0.37435897435897436,3.823529411764706,0.14541387024608501,1.1764705882352942,0.9411764705882353,0.03257328990228013,7.05,4.590196078431372,195.0,60.0
00-0033748,Tion Green,2017,DET,5,,,1,23.71526351813826,3,8.666666666666666,0.0,0.0,8.666666666666666,0.41935483870967744,0.0,0.0,0.2966666666666667,3.8846153846153846,-0.10936564001671159,0.2692307692307692,0.15384615384615385,,,33.666666666666664,5.366666666666667,26,0.0,5,8.4,0.4,0.4,8.8,0.3925233644859813,0.011494252873563218,0.015748031496062992,0.28600000000000003,3.9285714285714284,-0.003137273754830517,0.35714285714285715,0.21428571428571427,7.0,0.4827862451784315,35.8,6.380000000000001,42,2.0,15.8,2,0.0,0,0,0,0,0,4.0,0.16948382142072624,0.5,8.0,0.35555555555555557,1.0,1.0,0.031746031746031744,7.0,7.9,16.0,2.0
00-0033789,T.J. Logan,2018,ARI,6,179.0,5.0,0,23.994524298425734,3,0.0,0.6666666666666666,0.6666666666666666,0.6666666666666666,0.0,0.024096385542168676,0.041666666666666664,0.02,,,,,7.0,-0.58050323300995,4.666666666666667,1.1333333333333333,0,2.0,6,0.3333333333333333,1.1666666666666667,1.1666666666666667,1.5,0.0136986301369863,0.0440251572327044,0.07446808510638298,0.05000000000000001,1.0,-0.90494352555834,0.0,0.0,5.285714285714286,-0.6829796188394547,6.5,1.8166666666666667,2,7.0,11.799999999999997,12,4.3,9,1,0,0,0,2.4,-0.48238644354278326,0.2,0.4166666666666667,0.016233766233766232,0.6666666666666666,0.5833333333333334,0.01932367149758454,4.5,0.9833333333333331,5.0,8.0
00-0033838,Trey Edmunds,2017,NO,7,,,1,22.67214236824093,3,0.0,0.0,0.0,0.0,0.0,0.0,0.0,0.0,,,,,,,0.0,0.0,0,0.0,7,1.2857142857142858,0.0,0.0,1.2857142857142858,0.04918032786885246,0.0,0.0,0.02428571428571429,5.333333333333333,-0.1640848799762589,0.2222222222222222,0.1111111111111111,,,6.857142857142857,1.542857142857143,9,0.0,30.8,12,20.0,8,2,0,0,0,4.516129032258065,-0.26325945444551574,0.25806451612903225,2.5833333333333335,0.09451219512195122,0.5833333333333334,0.5,0.01856763925729443,6.857142857142857,2.566666666666667,31.0,7.0
00-0033856,Leonard Fournette,2017,JAX,13,4.0,1.0,0,22.62012320328542,3,19.0,4.0,2.6666666666666665,21.666666666666668,0.5757575757575758,0.1411764705882353,0.1568627450980392,0.5733333333333334,3.491228070175439,0.049252230404541575,0.38596491228070173,0.17543859649122806,5.5,0.03295917986638066,88.33333333333333,17.5,57,12.0,13,20.615384615384617,3.6923076923076925,2.769230769230769,23.384615384615383,0.6504854368932039,0.11241217798594848,0.1422924901185771,0.6269230769230769,3.8805970149253732,-0.06473413166292451,0.34328358208955223,0.17164179104477612,6.291666666666667,0.1572453361325872,103.23076923076923,17.707692307692305,268,48.0,1175.2000000000003,77,997.4999999999999,67,6,3,3,1,3.973321067157314,-0.08023297238046878,0.38086476540938363,14.116883116883116,0.5603092783505155,4.883116883116883,3.948051948051948,0.12943201376936317,5.726063829787234,15.262337662337666,1087.0,376.0
00-0033893,Dalvin Cook,2017,MIN,4,41.0,2.0,0,22.06160164271047,3,20.333333333333332,4.333333333333333,3.3333333333333335,23.666666666666668,0.7011494252873564,0.12871287128712872,0.1388888888888889,0.6933333333333334,4.721311475409836,-0.04788255747732108,0.3770491803278688,0.18032786885245902,6.3076923076923075,-0.053513151877213824,123.33333333333333,17.666666666666668,61,13.0,4,18.5,4.0,2.75,21.25,0.6788990825688074,0.12213740458015267,0.125,0.64,4.783783783783784,-0.08371566690628832,0.3783783783783784,0.20270270270270271,5.625,-0.1756812050384281,111.0,16.35,74,16.0,1282.8999999999999,86,1270.4999999999998,85,7,4,3,0,4.582561728395062,-0.06930768930470618,0.3881172839506173,15.069767441860465,0.5888232621535665,3.4302325581395348,2.63953488372093,0.1039098274040155,6.101694915254237,14.917441860465114,1296.0,295.0
00-0033897,Joe Mixon,2017,CIN,14,48.0,2.0,0,21.10609171800137,3,11.666666666666666,2.3333333333333335,2.3333333333333335,14.0,0.4605263157894737,0.08139534883720931,0.12280701754385964,0.38999999999999996,3.057142857142857,-0.08963625799931048,0.4,0.14285714285714285,8.428571428571429,0.6035768849209752,55.333333333333336,7.866666666666667,35,7.0,14,12.714285714285714,2.4285714285714284,2.142857142857143,14.857142857142858,0.5174418604651163,0.08018867924528301,0.11029411764705882,0.47357142857142864,3.5168539325842696,-0.1083365548617897,0.3595505617977528,0.19662921348314608,8.441176470588236,0.13000239548701428,65.21428571428571,10.092857142857142,178,34.0,1720.9999999999998,108,1603.3,97,7,6,4,0,4.110612015721505,-0.07885761671824633,0.3829309376754632,16.49074074074074,0.6736006051437217,3.6296296296296298,2.888888888888889,0.1068411011174707,6.094387755102041,15.935185185185183,1781.0,392.0
00-0033906,Alvin Kamara,2017,NO,16,67.0,3.0,0,22.105407255304584,3,3.3333333333333335,6.0,3.3333333333333335,6.666666666666667,0.15384615384615385,0.16363636363636364,0.13157894736842105,0.35000000000000003,5.8,0.35504403659724587,0.4,0.2,4.222222222222222,-0.21102120902246055,44.666666666666664,9.799999999999999,10,18.0,16,7.5,6.25,5.0625,12.5625,0.2702702702702703,0.1890359168241966,0.20984455958549222,0.446875,6.066666666666666,0.25488875033776537,0.4583333333333333,0.3333333333333333,8.26,0.3784694342745986,97.125,20.025,120,100.0,2329.2199999999993,125,2025.9199999999998,110,8,7,6,1,4.306183115338882,-0.061003819204236795,0.3983353151010702,13.456,0.47393632009016623,6.048,4.816,0.1918781725888325,6.4603174603174605,18.633759999999995,1682.0,756.0
00-0033923,Kareem Hunt,2017,KC,16,86.0,3.0,0,22.072553045859,3,15.666666666666666,3.0,3.0,18.666666666666668,0.6619718309859155,0.10975609756097561,0.13846153846153847,0.6699999999999999,8.53191489361702,0.3623548096375279,0.5106382978723404,0.3404255319148936,15.222222222222221,1.2085185592360272,179.33333333333334,32.266666666666666,47,9.0,16,17.0,3.9375,3.3125,20.3125,0.671604938271605,0.11931818181818182,0.14600550964187328,0.65375,4.8786764705882355,0.011947724840557276,0.3860294117647059,0.22058823529411764,7.222222222222222,0.2757124227204418,111.375,18.45,272,63.0,1404.6,118,1206.2,105,8,2,2,1,3.9925705794947994,-0.024572990128709195,0.4101040118870728,11.40677966101695,0.4077552256891851,2.8220338983050848,2.1864406779661016,0.08689979123173278,6.222222222222222,11.903389830508473,1346.0,333.0
00-0033925,D'Onta Foreman,2017,HOU,9,89.0,3.0,0,21.35523613963039,3,7.0,1.0,0.6666666666666666,7.666666666666667,0.23333333333333334,0.03225806451612903,0.03571428571428571,0.17666666666666667,3.2857142857142856,-0.21779394681410236,0.38095238095238093,0.19047619047619047,21.666666666666668,1.5403578797704534,44.666666666666664,5.133333333333334,21,3.0,9,8.666666666666666,0.8888888888888888,0.6666666666666666,9.333333333333334,0.291044776119403,0.02702702702702703,0.03468208092485549,0.23111111111111113,4.1923076923076925,-0.1422436342817933,0.358974358974359,0.16666666666666666,10.375,0.519525956820871,45.55555555555556,6.333333333333333,78,8.0,418.0,56,376.4,50,6,0,0,0,4.134551495016611,-0.08655187949749228,0.3770764119601329,10.75,0.36640292148508824,0.9285714285714286,0.6785714285714286,0.03132530120481928,6.365384615384615,7.464285714285714,602.0,52.0
00-0033948,Jamaal Williams,2017,GB,15,134.0,4.0,0,22.414784394250514,3,1.6666666666666667,0.3333333333333333,0.3333333333333333,2.0,0.08333333333333333,0.007518796992481203,0.011235955056179775,0.08666666666666667,4.2,-0.0570230467477814,0.4,0.4,5.0,0.448454077355564,8.666666666666666,1.2,5,1.0,15,10.2,2.2666666666666666,1.6666666666666667,11.866666666666667,0.42265193370165743,0.06576402321083172,0.07530120481927711,0.452,3.633986928104575,-0.014561119469779,0.4117647058823529,0.20915032679738563,7.705882352941177,0.23641025477178013,54.53333333333333,9.520000000000001,153,34.0,970.6000000000001,113,831.4000000000001,101,7,1,0,0,3.8543233082706765,-0.07985448660261092,0.4031954887218045,9.415929203539823,0.36982968369829683,2.0265486725663715,1.6460176991150441,0.060470029046738843,5.698689956331878,8.589380530973452,1064.0,229.0
00-0033950,Wayne Gallman,2017,NYG,13,140.0,4.0,0,22.91854893908282,3,10.333333333333334,3.3333333333333335,3.0,13.333333333333334,0.36470588235294116,0.09615384615384616,0.14516129032258066,0.35000000000000003,4.064516129032258,-0.08339858952959517,0.41935483870967744,0.1935483870967742,3.8,-0.093271672393894,54.666666666666664,10.466666666666667,31,10.0,13,8.538461538461538,3.6923076923076925,2.6153846153846154,11.153846153846153,0.31988472622478387,0.09876543209876543,0.11846689895470383,0.3523076923076923,4.288288288288288,-0.05054013222295792,0.4594594594594595,0.17117117117117117,4.020833333333333,-0.2577789867203442,51.46153846153846,8.069230769230769,111,48.0,316.3,53,242.79999999999998,43,4,0,0,0,4.244776119402985,-0.06497149673562091,0.4059701492537313,6.320754716981132,0.26049766718507,1.9811320754716981,1.3584905660377358,0.05605979711692472,4.580952380952381,5.967924528301887,335.0,105.0
00-0033951,Marlon Mack,2017,IND,14,143.0,4.0,0,21.48665297741273,3,8.333333333333334,1.0,1.0,9.333333333333334,0.2840909090909091,0.03333333333333333,0.05660377358490566,0.23666666666666666,4.48,-0.0506486100202892,0.32,0.24,11.333333333333334,0.860871614345038,48.666666666666664,9.866666666666667,25,3.0,14,6.642857142857143,2.357142857142857,1.5,8.142857142857142,0.23846153846153847,0.07857142857142857,0.08333333333333333,0.34142857142857147,3.849462365591398,-0.09864340721935,0.3548387096774194,0.22580645161290322,6.818181818181818,0.35416389219194755,41.642857142857146,7.378571428571429,93,33.0,492.8999999999999,50,419.19999999999993,39,5,2,0,0,4.401433691756273,-0.006368559929547833,0.4283154121863799,11.16,0.40522875816993464,1.82,1.24,0.05737704918032787,5.637362637362638,9.857999999999999,558.0,91.0
00-0034109,Phillip Lindsay,2018,DEN,15,,,1,24.10677618069815,3,11.0,2.0,1.0,12.0,0.39285714285714285,0.056074766355140186,0.045454545454545456,0.31,6.0,0.11127358153779913,0.5151515151515151,0.30303030303030304,5.833333333333333,-0.03649204398971123,77.66666666666667,10.766666666666666,33,6.0,15,12.8,3.1333333333333333,2.3333333333333335,15.133333333333333,0.5217391304347826,0.09090909090909091,0.10416666666666667,0.4566666666666667,5.401041666666667,0.02659765028889746,0.4635416666666667,0.2552083333333333,5.127659574468085,0.0011993189675322128,85.2,14.853333333333332,192,47.0,514.4,56,323.9,44,4,1,0,1,4.387417218543046,-0.08909351259142213,0.3609271523178808,10.785714285714286,0.42032011134307584,2.0714285714285716,1.5,0.06527855936972425,4.258620689655173,9.185714285714285,604.0,116.0
00-0034115,Jeff Wilson,2018,SF,6,,,1,22.792607802874745,3,15.0,4.0,3.3333333333333335,18.333333333333332,0.5844155844155844,0.11428571428571428,0.14705882352941177,0.6533333333333333,4.088888888888889,-0.13087963452692045,0.35555555555555557,0.2,7.25,-0.438565898029386,90.33333333333333,11.700000000000001,45,12.0,6,11.0,2.5,2.0,13.0,0.4714285714285714,0.07352941176470588,0.09022556390977443,0.49,4.03030303030303,-0.24491445704996626,0.3484848484848485,0.19696969696969696,6.533333333333333,-0.41685280752911547,60.666666666666664,7.3999999999999995,66,15.0,460.4,62,451.09999999999997,59,6,0,0,0,4.497942386831276,-0.053263663433276404,0.42386831275720166,7.838709677419355,0.28487690504103164,1.6290322580645162,1.032258064516129,0.052169421487603305,4.930693069306931,7.425806451612903,486.0,101.0
00-0034164,Trenton Cannon,2018,NYJ,12,204.0,6.0,0,24.109514031485283,3,2.6666666666666665,2.0,1.6666666666666667,4.333333333333333,0.08163265306122448,0.07142857142857142,0.11627906976744186,0.18000000000000002,2.375,-0.3361163897716329,0.375,0.125,12.5,0.45162359757038445,31.333333333333332,4.8,8,6.0,12,3.1666666666666665,2.0833333333333335,1.4166666666666667,4.583333333333333,0.12258064516129032,0.06720430107526881,0.0779816513761468,0.24916666666666665,2.973684210526316,-0.18638683637101694,0.3157894736842105,0.18421052631578946,5.76,-0.38018144908605883,21.416666666666668,4.058333333333334,38,25.0,42.6,34,8.3,25,4,0,0,0,3.046511627906977,-0.2283606106242121,0.3023255813953488,1.2647058823529411,0.04869762174405436,0.6470588235294118,0.4411764705882353,0.020676691729323307,3.8636363636363638,1.2529411764705882,43.0,22.0
00-0034184,Gus Edwards,2018,BAL,11,,,1,23.38672142368241,3,4.666666666666667,0.3333333333333333,0.3333333333333333,5.0,0.18421052631578946,0.00847457627118644,0.013333333333333334,0.13333333333333333,3.857142857142857,0.09032804775467514,0.42857142857142855,0.2857142857142857,7.0,0.345893913588952,20.333333333333332,2.3666666666666667,14,1.0,11,12.454545454545455,0.18181818181818182,0.18181818181818182,12.636363636363637,0.33578431372549017,0.006369426751592357,0.010309278350515464,0.35090909090909095,5.240875912408759,0.09003044798461397,0.48175182481751827,0.27007299270072993,10.0,0.628531787981046,67.0909090909091,8.163636363636364,137,2.0,613.9,77,531.2000000000002,69,5,0,0,0,4.7150127226463106,0.014302494689901461,0.45674300254452926,10.207792207792208,0.30207532667179093,0.5324675324675324,0.4155844155844156,0.02030708271421496,9.097560975609756,7.972727272727273,786.0,41.0
00-0034208,Mike Boone,2018,MIN,6,,,1,23.091033538672143,3,1.0,0.6666666666666666,0.6666666666666666,1.6666666666666667,0.06521739130434782,0.014184397163120567,0.018867924528301886,0.09000000000000001,4.0,-0.02343595792384201,0.3333333333333333,0.3333333333333333,0.5,-0.770423052832484,4.333333333333333,1.1,3,2.0,6,1.8333333333333333,0.5,0.3333333333333333,2.1666666666666665,0.08870967741935484,0.01195219123505976,0.010752688172043012,0.08833333333333333,4.2727272727272725,-0.17866547445406786,0.2727272727272727,0.18181818181818182,0.3333333333333333,-0.7536697957354287,8.0,1.1333333333333335,11,3.0,124.09999999999998,46,120.59999999999997,43,6,0,0,0,5.0701754385964914,-0.06312586392091908,0.38596491228070173,2.4782608695652173,0.08969315499606609,0.782608695652174,0.5217391304347826,0.02526315789473684,5.083333333333333,2.697826086956521,114.0,36.0
00-0034221,Roc Thomas,2018,MIN,5,,,1,22.99794661190965,3,2.0,1.0,0.3333333333333333,2.3333333333333335,0.08333333333333333,0.02564102564102564,0.011111111111111112,0.11666666666666668,1.3333333333333333,-0.38399078351600663,0.3333333333333333,0.16666666666666666,2.0,-0.7348159746037667,4.666666666666667,0.7999999999999999,6,3.0,5,1.6,0.8,0.4,2.0,0.06779661016949153,0.02040816326530612,0.0136986301369863,0.086,3.75,-0.17520542733836908,0.375,0.25,5.25,-0.544714474585177,10.2,1.42,8,4.0,4.699999999999999,2,0.0,0,0,0,0,0,11.0,0.45115064119454357,0.5,1.0,0.043478260869565216,0.5,0.5,0.012658227848101266,15.0,2.3499999999999996,2.0,1.0
00-0034253,Dontrell Hilliard,2018,CLE,10,,,1,23.512662559890487,3,0.0,0.3333333333333333,0.3333333333333333,0.3333333333333333,0.0,0.009174311926605505,0.014925373134328358,0.07666666666666667,,,,,24.0,1.39363204798428,8.0,1.1333333333333333,0,1.0,10,0.0,1.0,0.9,0.9,0.0,0.030303030303030304,0.03982300884955752,0.094,,,,,10.5,0.2699755142151842,10.5,1.75,0,10.0,208.10000000000002,46,194.00000000000003,39,4,0,0,0,5.92,0.07952200423226273,0.37,2.1739130434782608,0.07993605115907274,1.673913043478261,1.326086956521739,0.05567606652205351,5.701298701298701,4.523913043478261,100.0,77.0
00-0034301,Darrel Williams,2018,KC,4,,,1,23.381245722108144,3,0.6666666666666666,1.0,1.0,1.6666666666666667,0.02702702702702703,0.025210084033613446,0.036585365853658534,0.10333333333333333,6.5,0.252035786921624,0.5,0.0,9.0,0.8999997807162207,13.333333333333334,4.333333333333333,2,3.0,4,3.25,0.75,0.75,4.0,0.12871287128712872,0.02054794520547945,0.030612244897959183,0.1525,3.3846153846153846,-0.00982327770907431,0.46153846153846156,0.23076923076923078,9.0,0.8999997807162207,17.75,4.025,13,3.0,342.4999999999999,45,339.3999999999999,44,4,1,0,0,3.91015625,0.002482519294457093,0.453125,5.688888888888889,0.22535211267605634,2.4444444444444446,1.8666666666666667,0.06470588235294118,6.763636363636364,7.611111111111109,256.0,110.0
00-0034349,Kerryon Johnson,2018,DET,10,43.0,2.0,0,21.17180013689254,3,9.666666666666666,4.0,3.3333333333333335,13.0,0.4393939393939394,0.08633093525179857,0.1111111111111111,0.37999999999999995,5.551724137931035,0.033439373811815554,0.4482758620689655,0.3103448275862069,4.333333333333333,-0.022740753537315556,71.0,10.433333333333334,29,12.0,10,11.8,3.9,3.2,15.0,0.5,0.10655737704918032,0.13008130081300814,0.516,5.432203389830509,-0.019006736889167302,0.3728813559322034,0.2711864406779661,5.461538461538462,0.16685607236055502,85.4,13.940000000000001,118,39.0,264.9,29,156.80000000000004,22,2,0,0,0,4.188976377952756,-0.13168616939964556,0.3700787401574803,8.758620689655173,0.3638968481375358,2.3448275862068964,1.7586206896551724,0.06910569105691057,6.985294117647059,9.134482758620688,254.0,68.0
00-0034358,Derrius Guice,2019,WAS,5,59.0,2.0,0,22.195756331279945,3,9.0,2.3333333333333335,1.6666666666666667,10.666666666666666,0.47368421052631576,0.0673076923076923,0.08064516129032258,0.35999999999999993,2.740740740740741,-0.27643777578810425,0.25925925925925924,0.07407407407407407,10.142857142857142,0.5239481543124244,48.333333333333336,8.5,27,7.0,5,8.4,1.8,1.4,9.8,0.3652173913043478,0.05844155844155844,0.07692307692307693,0.304,5.833333333333333,0.07146795821470395,0.42857142857142855,0.21428571428571427,8.777777777777779,0.3538750072992916,64.8,11.48,42,9.0,31.9,2,0.0,0,0,0,0,0,11.4,0.6976982794197587,0.7333333333333333,7.5,0.25862068965517243,1.0,1.0,0.04,4.0,15.95,15.0,2.0
00-0034367,Nyheim Hines,2018,IND,16,104.0,4.0,0,21.801505817932924,3,4.666666666666667,5.0,4.333333333333333,9.0,0.2222222222222222,0.12096774193548387,0.15294117647058825,0.5299999999999999,3.142857142857143,-0.05600766070087309,0.42857142857142855,0.2857142857142857,3.7333333333333334,-0.06473472932883827,33.333333333333336,9.666666666666666,14,15.0,16,5.3125,5.0625,3.9375,9.25,0.20833333333333334,0.1277602523659306,0.14583333333333334,0.4325,3.6941176470588237,-0.14502681895788688,0.35294117647058826,0.2,5.246913580246914,0.00905697602235827,46.1875,10.056249999999999,85,81.0,640.8,82,508.9,69,5,1,0,0,3.931972789115646,-0.10950189519573396,0.36394557823129253,3.5853658536585367,0.12705272255834055,3.5853658536585367,2.768292682926829,0.1078503301540719,5.857142857142857,7.814634146341463,294.0,294.0
00-0034378,Ito Smith,2018,ATL,13,126.0,4.0,0,22.973305954825463,3,6.0,2.6666666666666665,2.3333333333333335,8.333333333333334,0.23076923076923078,0.08,0.08974358974358974,0.2933333333333333,4.166666666666667,-0.05099032231697109,0.3888888888888889,0.2777777777777778,7.75,0.33191406874760876,45.666666666666664,8.9,18,8.0,13,6.923076923076923,2.4615384615384617,2.076923076923077,9.0,0.3191489361702128,0.06451612903225806,0.075,0.3615384615384615,3.5,-0.17818447724922518,0.32222222222222224,0.2,4.75,0.19384574981141645,35.92307692307692,7.515384615384618,90,32.0,171.0,32,99.99999999999999,22,3,0,0,0,3.911392405063291,-0.07163398734738181,0.3670886075949367,4.9375,0.2231638418079096,2.0,1.5,0.051364365971107544,3.9375,5.34375,158.0,64.0
00-0034400,Jordan Wilkins,2018,IND,13,169.0,5.0,0,24.123203285420946,3,10.0,2.3333333333333335,2.3333333333333335,12.333333333333334,0.47619047619047616,0.056451612903225805,0.08235294117647059,0.41,4.0,-0.10933996166057777,0.36666666666666664,0.13333333333333333,3.5714285714285716,-0.11687089579348373,48.333333333333336,7.166666666666667,30,7.0,13,4.615384615384615,1.3076923076923077,1.2307692307692308,5.846153846153846,0.17341040462427745,0.03346456692913386,0.045584045584045586,0.20923076923076925,5.6,0.08143665981152157,0.5,0.25,5.0,-0.7234416974526645,32.38461538461539,4.6230769230769235,60,17.0,168.6,42,130.0,32,4,0,0,0,4.99438202247191,-0.04136502969473206,0.42696629213483145,4.238095238095238,0.15110356536502548,1.0714285714285714,0.8095238095238095,0.031914893617021274,5.266666666666667,4.014285714285714,178.0,45.0
00-0034427,Dave Williams,2018,JAX,3,226.0,7.0,0,24.20807665982204,3,2.6666666666666665,0.0,0.0,2.6666666666666665,0.125,0.0,0.0,0.10999999999999999,4.5,-0.06426486514101287,0.25,0.375,,,12.0,1.2000000000000002,8,0.0,3,2.6666666666666665,0.0,0.0,2.6666666666666665,0.125,0.0,0.0,0.10999999999999999,4.5,-0.06426486514101287,0.25,0.375,,,12.0,1.2000000000000002,8,0.0,0.0,0,0.0,0,0,0,0,0,,,,,,,,,,,,
00-0034432,Bo Scarbrough,2019,DET,6,236.0,7.0,0,22.921286789869953,3,17.666666666666668,0.3333333333333333,0.0,17.666666666666668,0.6091954022988506,0.011111111111111112,0.0,0.48666666666666664,4.452830188679245,-0.12785587215550104,0.37735849056603776,0.20754716981132076,0.0,-0.55006417632103,78.66666666666667,9.200000000000001,53,1.0,6,14.833333333333334,0.6666666666666666,0.16666666666666666,15.0,0.5741935483870968,0.022222222222222223,0.009433962264150943,0.4166666666666667,4.235955056179775,-0.14992372666026488,0.3595505617977528,0.16853932584269662,1.25,-0.11441653204383337,63.666666666666664,7.2,89,4.0,18.700000000000003,4,3.1,1,1,0,0,0,4.095238095238095,-0.15443526519326653,0.3333333333333333,10.5,0.42424242424242425,0.75,0.25,0.02564102564102564,1.6666666666666667,4.675000000000001,42.0,3.0
00-0034433,Nick Bawden,2019,DET,7,237.0,7.0,0,23.19233401779603,3,0.0,0.6666666666666666,0.6666666666666666,0.6666666666666666,0.0,0.019417475728155338,0.029850746268656716,0.24333333333333332,,,,,5.0,0.3281232733861565,3.3333333333333335,1.0,0,2.0,7,0.0,0.8571428571428571,0.5714285714285714,0.5714285714285714,0.0,0.02390438247011952,0.025157232704402517,0.21428571428571427,,,,,2.8333333333333335,-0.14592888649591784,2.4285714285714284,0.8142857142857143,0,6.0,17.2,11,14.5,7,2,0,0,0,2.0,0.186800839335774,0.5,0.18181818181818182,0.008,0.7272727272727273,0.5454545454545454,0.02,6.0,1.5636363636363635,2.0,8.0
00-0034440,Justin Jackson,2018,LAC,9,251.0,7.0,0,22.360027378507873,3,1.6666666666666667,0.6666666666666666,0.6666666666666666,2.3333333333333335,0.0641025641025641,0.027777777777777776,0.04081632653061224,0.07666666666666666,1.4,-0.7918032880174,0.0,0.0,9.5,0.7917305480251295,8.666666666666666,1.5333333333333332,5,2.0,9,5.555555555555555,2.111111111111111,1.6666666666666667,7.222222222222222,0.2222222222222222,0.07142857142857142,0.08108108108108109,0.2555555555555556,4.12,-0.06918788900889923,0.38,0.28,7.105263157894737,0.28652015931958447,37.888888888888886,6.788888888888888,50,19.0,290.3,50,233.79999999999998,44,4,0,0,0,4.950617283950617,-0.03212616109623623,0.42386831275720166,4.86,0.18202247191011237,1.92,1.5,0.05442176870748299,6.145833333333333,5.806,243.0,96.0
00-0034449,Buddy Howell,2018,HOU,7,,,1,22.431211498973305,3,0.0,0.0,0.0,0.0,0.0,0.0,0.0,0.0,,,,,,,0.0,0.0,0,0.0,7,0.0,0.0,0.0,0.0,0.0,0.0,0.0,0.004285714285714286,,,,,,,0.0,0.0,0,0.0,9.799999999999999,22,9.8,18,3,0,0,0,3.269230769230769,-0.15002958021740098,0.34615384615384615,1.1818181818181819,0.04735883424408015,0.09090909090909091,0.045454545454545456,0.0026917900403768506,1.5,0.4454545454545454,26.0,2.0
00-0034457,Josh Adams,2018,PHI,13,,,1,21.83983572895277,3,2.3333333333333335,0.0,0.0,2.3333333333333335,0.08433734939759036,0.0,0.0,0.04,4.142857142857143,-0.37213344981760904,0.42857142857142855,0.14285714285714285,,,9.666666666666666,0.9666666666666667,7,0.0,13,9.23076923076923,1.0,0.5384615384615384,9.76923076923077,0.36923076923076925,0.02826086956521739,0.020958083832335328,0.2992307692307692,4.258333333333334,-0.18766840435576732,0.39166666666666666,0.19166666666666668,4.461538461538462,-0.10058517098570095,43.76923076923077,6.299999999999999,120,13.0,116.80000000000001,20,37.8,10,2,0,0,0,4.34,-0.14618379553576297,0.41333333333333333,7.5,0.28901734104046245,1.05,0.65,0.03322784810126582,4.142857142857143,5.840000000000001,150.0,21.0
00-0034565,Detrez Newsome,2018,LAC,5,,,1,24.490075290896645,3,1.6666666666666667,0.0,0.0,1.6666666666666667,0.06944444444444445,0.0,0.0,0.056666666666666664,3.0,0.04638758217915899,0.4,0.2,,,5.0,0.5,5,0.0,5,2.2,0.4,0.4,2.6,0.09090909090909091,0.013333333333333334,0.017391304347826087,0.08199999999999999,4.454545454545454,0.109639404791365,0.36363636363636365,0.2727272727272727,9.5,0.779267244099175,13.6,1.7600000000000002,11,2.0,7.3,2,0.0,0,0,0,0,0,5.666666666666667,0.16234925696820332,0.3333333333333333,3.0,0.12244897959183673,1.0,1.0,0.029850746268656716,9.5,3.65,6.0,2.0
00-0034621,Shaun Wilson,2018,TB,5,,,1,22.748802190280628,3,0.6666666666666666,0.6666666666666666,0.6666666666666666,1.3333333333333333,0.0273972602739726,0.018018018018018018,0.02564102564102564,0.04,7.5,0.372128463233821,0.5,0.0,4.5,-0.2055792199098505,8.0,1.4666666666666668,2,2.0,5,1.2,1.0,0.6,1.8,0.05084745762711865,0.025906735751295335,0.022900763358778626,0.064,4.833333333333333,-0.04684772381248567,0.16666666666666666,0.0,1.0,-1.6391124715562904,6.8,1.28,6,5.0,2.0,2,0.0,0,0,0,0,0,3.5,-0.256335817335639,0.0,2.0,0.08888888888888889,1.5,0.5,0.036585365853658534,-1.3333333333333333,1.0,4.0,3.0
00-0034679,Mark Walton,2018,CIN,10,112.0,4.0,0,21.426420260095824,3,2.3333333333333335,2.3333333333333335,1.3333333333333333,3.6666666666666665,0.11290322580645161,0.0625,0.05333333333333334,0.2966666666666667,1.0,-0.5761125578594914,0.14285714285714285,0.14285714285714285,4.428571428571429,0.22725944024776853,12.666666666666666,2.6,7,7.0,10,1.4,0.8,0.5,1.9,0.05982905982905983,0.024096385542168676,0.024271844660194174,0.13,2.4285714285714284,-0.39951048418879426,0.21428571428571427,0.35714285714285715,5.125,0.21620742804952972,7.5,1.25,14,8.0,46.699999999999996,14,42.00000000000001,7,1,0,0,0,3.8,-0.15843397114605953,0.36666666666666664,4.285714285714286,0.19292604501607716,1.5714285714285714,1.1428571428571428,0.04782608695652174,4.5,3.3357142857142854,60.0,22.0
00-0034681,Chase Edmonds,2018,ARI,16,134.0,4.0,0,22.38466803559206,3,3.3333333333333335,3.0,3.0,6.333333333333333,0.20833333333333334,0.10465116279069768,0.16666666666666666,0.23333333333333336,3.9,-0.16479099244461387,0.5,0.3,4.333333333333333,-0.064431238201602,26.0,5.6000000000000005,10,9.0,16,3.75,1.4375,1.25,5.0,0.16901408450704225,0.048625792811839326,0.0706713780918728,0.206875,3.466666666666667,-0.1074403246093426,0.35,0.23333333333333334,4.478260869565218,-0.17413160770260933,19.4375,3.9437500000000005,60,23.0,554.3,82,507.99999999999994,69,6,0,0,0,4.3931818181818185,-0.04393315466636396,0.3659090909090909,5.365853658536586,0.1996370235934664,2.3902439024390243,1.8170731707317074,0.07401812688821752,5.714285714285714,6.759756097560975,440.0,196.0
00-0034750,Rashaad Penny,2018,SEA,13,27.0,1.0,0,22.579055441478438,3,6.666666666666667,2.3333333333333335,1.3333333333333333,8.0,0.2597402597402597,0.07692307692307693,0.07017543859649122,0.29333333333333333,2.15,-0.355186304045492,0.25,0.1,5.0,-1.2053384767828645,26.0,3.9333333333333336,20,7.0,13,6.538461538461538,0.9230769230769231,0.6923076923076923,7.230769230769231,0.20047169811320756,0.03680981595092025,0.03982300884955752,0.21230769230769234,4.929411764705883,-0.03275956930113288,0.32941176470588235,0.21176470588235294,6.25,-0.6118706726944466,38.0,5.415384615384616,85,12.0,316.0,40,257.40000000000003,30,5,0,0,0,5.817073170731708,0.08521554979885751,0.3780487804878049,8.2,0.2760942760942761,0.75,0.6,0.027985074626865673,6.4,7.9,328.0,30.0
00-0034791,Nick Chubb,2018,CLE,16,35.0,2.0,0,22.680355920602327,3,2.3333333333333335,0.0,0.0,2.3333333333333335,0.07142857142857142,0.0,0.0,0.049999999999999996,5.857142857142857,0.26202334202493416,0.7142857142857143,0.42857142857142855,,,13.666666666666666,1.3666666666666665,7,0.0,16,12.0,1.8125,1.25,13.25,0.46715328467153283,0.05206463195691203,0.056657223796033995,0.3875,5.1875,0.009652101877539574,0.40625,0.24479166666666666,5.137931034482759,0.06989147820196841,71.5625,12.15625,192,29.0,1324.6999999999998,97,1134.3,84,7,4,3,1,5.022680412371134,-0.007489918215105278,0.3972508591065292,15.0,0.5357142857142857,1.9896907216494846,1.4536082474226804,0.06158264199106573,5.746113989637306,13.656701030927833,1455.0,193.0
00-0034799,Kalen Ballage,2018,MIA,12,131.0,4.0,0,22.694045174537987,3,0.6666666666666666,0.0,0.0,0.6666666666666666,0.03389830508474576,0.0,0.0,0.03333333333333333,2.5,-0.29573768517002497,0.0,0.0,,,1.6666666666666667,0.16666666666666666,2,0.0,12,3.0,0.9166666666666666,0.75,3.75,0.13533834586466165,0.034375,0.0430622009569378,0.13916666666666666,5.305555555555555,-0.1947594736735077,0.3055555555555556,0.2777777777777778,5.090909090909091,-0.8313135028636851,20.583333333333332,3.141666666666666,36,11.0,189.3,40,152.09999999999997,31,3,0,0,0,3.1279620853080567,-0.16207462740413808,0.33175355450236965,5.275,0.21865284974093263,1.975,1.35,0.057163531114327065,3.7088607594936707,4.7325,211.0,79.0
00-0034808,John Kelly,2018,LA,4,176.0,6.0,0,21.908281998631075,3,4.0,0.3333333333333333,0.3333333333333333,4.333333333333333,0.16666666666666666,0.008547008547008548,0.013333333333333334,0.11333333333333333,3.6666666666666665,-0.17961997626601542,0.3333333333333333,0.25,9.0,0.905793451471254,17.666666666666668,2.1,12,1.0,4,6.75,0.75,0.5,7.25,0.23684210526315788,0.020833333333333332,0.021739130434782608,0.175,2.740740740740741,-0.32701652254736796,0.37037037037037035,0.2222222222222222,9.0,0.7503308271088146,25.25,3.0250000000000004,27,3.0,8.0,4,2.2,3,3,0,0,0,2.6,-0.4268646247423019,0.35,5.0,0.14492753623188406,0.5,0.25,0.015625,9.0,2.0,20.0,2.0
00-0034816,Ronald Jones,2018,TB,7,38.0,2.0,0,21.078713210130047,3,5.666666666666667,2.0,1.6666666666666667,7.333333333333333,0.24285714285714285,0.046153846153846156,0.05747126436781609,0.27,2.6470588235294117,-0.16634559076662872,0.35294117647058826,0.11764705882352941,5.0,-0.06544558116002015,25.0,6.166666666666667,17,6.0,7,3.2857142857142856,1.2857142857142858,1.0,4.285714285714286,0.13855421686746988,0.03308823529411765,0.041916167664670656,0.17285714285714288,1.9130434782608696,-0.3151528015353147,0.2608695652173913,0.08695652173913043,3.6666666666666665,-0.2778156986072041,11.0,2.957142857142857,23,9.0,450.19999999999993,54,448.0,50,4,1,0,0,4.506147540983607,-0.05547709529200572,0.39959016393442626,9.037037037037036,0.37223493516399697,1.8333333333333333,1.3333333333333333,0.047459252157238736,5.686868686868687,8.337037037037035,488.0,99.0
00-0034838,Royce Freeman,2018,DEN,14,71.0,3.0,0,22.518822724161534,3,12.0,0.6666666666666666,0.3333333333333333,12.333333333333334,0.42857142857142855,0.018691588785046728,0.015151515151515152,0.35333333333333333,4.222222222222222,-0.10294315496220309,0.3611111111111111,0.3055555555555556,2.5,-0.0967206772184,52.333333333333336,9.566666666666668,36,2.0,14,9.285714285714286,1.4285714285714286,1.0,10.285714285714286,0.37900874635568516,0.04056795131845842,0.0440251572327044,0.32571428571428573,4.007692307692308,-0.13749897175850756,0.35384615384615387,0.23076923076923078,3.6,-0.0855039544549072,42.357142857142854,7.235714285714285,130,20.0,351.70000000000005,65,279.09999999999997,54,5,0,0,0,3.7701149425287355,-0.1456764461550891,0.3563218390804598,6.6923076923076925,0.2523201856148492,1.646153846153846,1.3076923076923077,0.05061494796594134,4.925233644859813,5.410769230769231,435.0,107.0
00-0034844,Saquon Barkley,2018,NYG,16,2.0,1.0,0,21.557837097878167,3,15.333333333333334,9.0,7.0,22.333333333333332,0.6865671641791045,0.24770642201834864,0.25925925925925924,0.7766666666666667,4.695652173913044,-0.07656338005914831,0.41304347826086957,0.2391304347826087,5.074074074074074,-0.2505127890833169,117.66666666666667,22.766666666666666,46,27.0,16,16.3125,7.5625,5.6875,22.0,0.7372881355932204,0.21080139372822299,0.23821989528795812,0.83,5.007662835249042,-0.03009741602213304,0.3371647509578544,0.19157088122605365,5.958677685950414,0.021209092377478173,126.75,24.1125,261,121.0,1841.4,106,1502.9,90,7,5,3,1,4.583241455347299,-0.05682517981801862,0.37541345093715545,17.11320754716981,0.6153324287652646,4.415094339622642,3.207547169811321,0.14652473387601753,5.384615384615385,17.371698113207547,1814.0,468.0
00-0034845,Sony Michel,2018,NE,13,31.0,1.0,0,23.537303216974674,3,16.333333333333332,1.6666666666666667,0.6666666666666666,17.0,0.5903614457831325,0.05319148936170213,0.03278688524590164,0.36666666666666664,4.0,-0.13243822459270357,0.40816326530612246,0.22448979591836735,1.2,-0.5785269551444807,67.33333333333333,9.4,49,5.0,13,16.076923076923077,0.8461538461538461,0.5384615384615384,16.615384615384617,0.5345268542199488,0.024943310657596373,0.023333333333333334,0.35384615384615387,4.454545454545454,-0.014568447096722276,0.42105263157894735,0.2583732057416268,4.545454545454546,-0.10085077983835244,75.46153846153847,10.700000000000001,209,11.0,510.0,61,399.09999999999997,51,4,0,0,0,4.173972602739726,-0.05319583745990149,0.4054794520547945,11.967213114754099,0.4387019230769231,1.3278688524590163,0.8852459016393442,0.03772706101537028,5.345679012345679,8.360655737704919,730.0,81.0
00-0034972,Alexander Mattison,2019,MIN,13,102.0,3.0,0,21.201916495550993,3,8.333333333333334,0.0,0.0,8.333333333333334,0.24271844660194175,0.0,0.0,0.21666666666666665,5.28,-0.0688765720766968,0.32,0.28,,,44.0,6.400000000000001,25,0.0,13,7.6923076923076925,0.9230769230769231,0.7692307692307693,8.461538461538462,0.2518891687657431,0.03260869565217391,0.03676470588235294,0.2323076923076923,4.62,-0.126276062215038,0.32,0.19,6.833333333333333,0.22484069792941885,41.84615384615385,5.261538461538462,100,12.0,621.0,86,571.8000000000001,76,5,0,0,0,3.8465991316931984,-0.15382059187322242,0.36468885672937773,8.034883720930232,0.31828650391524643,2.046511627906977,1.5813953488372092,0.06002728512960437,5.75,7.22093023255814,691.0,176.0
00-0034975,Justice Hill,2019,BAL,16,113.0,4.0,0,21.796030116358658,3,3.0,1.6666666666666667,0.3333333333333333,3.3333333333333335,0.08108108108108109,0.04854368932038835,0.014492753623188406,0.19999999999999998,3.5555555555555554,-0.08793550916662857,0.3333333333333333,0.2222222222222222,2.0,-0.11539531003800199,14.0,1.7333333333333332,9,5.0,16,3.625,0.9375,0.5,4.125,0.09731543624161074,0.03537735849056604,0.02768166089965398,0.168125,3.8793103448275863,-0.09856521089236132,0.29310344827586204,0.1724137931034483,4.666666666666667,0.17661005815735098,18.4375,3.09375,58,15.0,411.80000000000007,83,356.6,67,5,0,0,0,4.705882352941177,-0.03277414719549366,0.3786764705882353,3.2771084337349397,0.1003690036900369,1.7710843373493976,1.4216867469879517,0.06799259944495838,6.244897959183674,4.961445783132531,272.0,147.0
00-0035013,Jon Hilliman,2019,NYG,3,,,1,23.797399041752225,3,10.0,1.3333333333333333,1.0,11.0,0.410958904109589,0.041666666666666664,0.05084745762711865,0.54,3.033333333333333,-0.3412467600991173,0.36666666666666664,0.2,0.25,-2.2719371943821898,30.666666666666668,2.733333333333333,30,4.0,3,10.0,1.3333333333333333,1.0,11.0,0.410958904109589,0.041666666666666664,0.05084745762711865,0.54,3.033333333333333,-0.3412467600991173,0.36666666666666664,0.2,0.25,-2.2719371943821898,30.666666666666668,2.733333333333333,30,4.0,0.0,0,0.0,0,0,0,0,0,,,,,,,,,,,,
00-0035148,Darwin Thompson,2019,KC,10,214.0,6.0,0,22.548939082819988,3,1.3333333333333333,0.3333333333333333,0.3333333333333333,1.6666666666666667,0.0547945205479452,0.008849557522123894,0.012195121951219513,0.05000000000000001,2.25,-0.22008224956516648,0.25,0.25,3.0,0.0164162174914964,4.0,0.7333333333333334,4,1.0,10,3.7,1.0,0.9,4.6,0.14624505928853754,0.028409090909090908,0.03614457831325301,0.152,3.4594594594594597,-0.057551622960427394,0.35135135135135137,0.24324324324324326,4.3,-0.10802593055705074,17.1,3.21,37,10.0,63.10000000000001,12,33.2,5,1,0,0,0,3.6,-0.15513731303180503,0.38333333333333336,5.0,0.189873417721519,1.6666666666666667,1.25,0.046620046620046623,5.25,5.258333333333334,60.0,20.0
00-0035184,Devine Ozigbo,2019,JAX,3,,,1,22.913073237508556,3,3.0,1.6666666666666667,1.0,4.0,0.13636363636363635,0.03937007874015748,0.03488372093023256,0.12,3.0,-0.059081078571681336,0.4444444444444444,0.1111111111111111,4.6,0.019530691090039902,16.666666666666668,2.6666666666666665,9,5.0,3,3.0,1.6666666666666667,1.0,4.0,0.13636363636363635,0.03937007874015748,0.03488372093023256,0.12,3.0,-0.059081078571681336,0.4444444444444444,0.1111111111111111,4.6,0.019530691090039902,16.666666666666668,2.6666666666666665,9,5.0,18.7,11,18.7,11,4,0,0,0,0.875,-0.5682694577553783,0.125,0.7272727272727273,0.03125,1.0909090909090908,1.0909090909090908,0.03234501347708895,5.0,1.7,8.0,12.0
00-0035217,Benny Snell,2019,PIT,11,122.0,4.0,0,21.508555783709788,3,2.0,0.3333333333333333,0.0,2.0,0.09523809523809523,0.011111111111111112,0.0,0.06666666666666667,5.0,-0.26172563763490503,0.16666666666666666,0.16666666666666666,0.0,-0.619443904608488,10.0,1.0,6,1.0,11,9.818181818181818,0.36363636363636365,0.2727272727272727,10.090909090909092,0.36610169491525424,0.013559322033898305,0.015306122448979591,0.2509090909090909,3.9444444444444446,-0.11954276987698564,0.3425925925925926,0.17592592592592593,5.75,-0.21427465014858182,40.81818181818182,5.263636363636364,108,4.0,161.60000000000002,48,106.69999999999999,40,3,0,0,0,3.5390334572490705,-0.17875774591766497,0.3680297397769517,5.604166666666667,0.21332275971451228,0.4791666666666667,0.3541666666666667,0.013529411764705882,4.956521739130435,3.366666666666667,269.0,23.0
00-0035243,Miles Sanders,2019,PHI,16,53.0,2.0,0,22.33538672142368,3,11.333333333333334,3.3333333333333335,2.0,13.333333333333334,0.4146341463414634,0.08196721311475409,0.08,0.42,3.1176470588235294,-0.3664567273372086,0.2647058823529412,0.11764705882352941,8.4,0.13284246104303699,63.333333333333336,7.666666666666667,34,10.0,16,11.1875,3.9375,3.125,14.3125,0.394273127753304,0.10430463576158941,0.1278772378516624,0.525,4.569832402234637,-0.08289032533033805,0.36312849162011174,0.16759776536312848,8.079365079365079,0.2928161475803061,82.9375,13.66875,179,63.0,891.5999999999999,85,695.9,72,6,2,0,1,4.792079207920792,-0.03348255886347149,0.44004400440044006,10.694117647058823,0.3843551797040169,2.8705882352941177,2.0823529411764707,0.08811845431563742,4.877049180327869,10.489411764705881,909.0,244.0
00-0035250,Devin Singletary,2019,BUF,12,74.0,3.0,0,21.99315537303217,3,5.666666666666667,2.0,1.6666666666666667,7.333333333333333,0.2073170731707317,0.06818181818181818,0.0847457627118644,0.4633333333333334,9.0,0.4795874585157862,0.5882352941176471,0.35294117647058826,4.666666666666667,-0.1902730935835283,60.333333333333336,9.700000000000001,17,6.0,12,12.583333333333334,3.4166666666666665,2.4166666666666665,15.0,0.41944444444444445,0.119533527696793,0.1380952380952381,0.6766666666666667,5.132450331125828,0.01959491902764987,0.4105960264900662,0.24503311258278146,4.7317073170731705,-0.13163940026879822,80.75,12.325000000000003,151,41.0,1025.54,109,892.0400000000001,98,6,2,0,0,4.31205035971223,-0.06543326817870371,0.375,10.20183486238532,0.37669376693766937,2.5045871559633026,1.9541284403669725,0.07545605306799337,5.230769230769231,9.408623853211008,1112.0,273.0
00-0035261,Tony Pollard,2019,DAL,14,128.0,4.0,0,22.338124572210816,3,10.0,1.3333333333333333,1.3333333333333333,11.333333333333334,0.30612244897959184,0.043478260869565216,0.05714285714285714,0.29000000000000004,4.966666666666667,0.02322704255348033,0.43333333333333335,0.26666666666666666,7.0,0.32891119776468175,59.0,9.233333333333334,30,4.0,14,6.142857142857143,1.4285714285714286,1.0714285714285714,7.214285714285714,0.2113022113022113,0.04,0.04424778761061947,0.19857142857142857,5.290697674418604,-0.008771883126321284,0.45348837209302323,0.2441860465116279,5.35,-0.1383523545432516,40.142857142857146,6.371428571428572,86,20.0,1228.3000000000002,111,1141.3,97,6,4,1,0,4.564465408805032,-0.041954487732561635,0.3938679245283019,11.45945945945946,0.4277067921990585,2.963963963963964,2.27027027027027,0.0867844895805856,5.340425531914893,11.065765765765768,1272.0,329.0
00-0035268,Ryquell Armstead,2019,JAX,14,140.0,5.0,0,22.836413415468858,3,3.3333333333333335,1.0,0.6666666666666666,4.0,0.11764705882352941,0.02857142857142857,0.027777777777777776,0.12333333333333335,4.8,-0.005210046120919298,0.3,0.2,4.666666666666667,0.902068692822165,20.666666666666668,4.733333333333333,10,3.0,14,2.5,1.7142857142857142,1.0,3.5,0.10057471264367816,0.048,0.04361370716510903,0.15500000000000003,3.085714285714286,-0.2599383448757831,0.2571428571428571,0.14285714285714285,6.0,0.10543932545988383,18.0,3.6571428571428575,35,24.0,49.599999999999994,13,12.6,2,1,0,0,0,3.5,-0.1837277345570329,0.35,3.076923076923077,0.12861736334405144,1.9230769230769231,1.1538461538461537,0.05518763796909492,5.84,3.815384615384615,40.0,25.0
00-0035273,Qadree Ollison,2019,ATL,6,152.0,5.0,0,22.978781656399725,3,5.333333333333333,0.6666666666666666,0.3333333333333333,5.666666666666667,0.2077922077922078,0.017391304347826087,0.014285714285714285,0.19333333333333336,2.3125,-0.027242614545684884,0.4375,0.1875,3.5,0.0036497860564849716,14.666666666666666,5.8,16,2.0,6,3.6666666666666665,0.3333333333333333,0.16666666666666666,3.8333333333333335,0.14285714285714285,0.00816326530612245,0.006369426751592357,0.11833333333333335,2.272727272727273,0.012626175136326589,0.5,0.2727272727272727,3.5,0.0036497860564849716,9.5,5.116666666666666,22,2.0,33.3,12,20.0,9,3,0,0,0,4.321428571428571,-0.11671612013430754,0.4642857142857143,2.3333333333333335,0.09090909090909091,0.5,0.3333333333333333,0.014150943396226415,2.0,2.775,28.0,6.0
00-0035275,Jordan Scarlett,2019,CAR,3,154.0,5.0,0,24.150581793292265,3,1.3333333333333333,0.0,0.0,1.3333333333333333,0.05333333333333334,0.0,0.0,0.02333333333333333,2.25,-1.1232525414379775,0.25,0.0,,,3.0,0.3,4,0.0,3,1.3333333333333333,0.0,0.0,1.3333333333333333,0.05333333333333334,0.0,0.0,0.02333333333333333,2.25,-1.1232525414379775,0.25,0.0,,,3.0,0.3,4,0.0,0.0,0,0.0,0,0,0,0,0,,,,,,,,,,,,
00-0035291,Trayveon Williams,2020,CIN,6,182.0,6.0,0,22.872005475701574,3,6.0,1.3333333333333333,1.3333333333333333,7.333333333333333,0.2727272727272727,0.038834951456310676,0.06060606060606061,0.18666666666666668,3.8333333333333335,-0.7696840387232214,0.4444444444444444,0.16666666666666666,6.75,0.2307411753135965,32.0,3.866666666666667,18,4.0,6,4.333333333333333,0.8333333333333334,0.8333333333333334,5.166666666666667,0.16352201257861634,0.028735632183908046,0.046296296296296294,0.16333333333333333,6.038461538461538,-0.555259019201351,0.38461538461538464,0.19230769230769232,6.0,-0.08231609476497481,31.166666666666668,3.616666666666667,26,5.0,56.6,41,46.5,38,5,0,0,0,5.074074074074074,-0.03569527710540036,0.37037037037037035,1.3170731707317074,0.053946053946053944,0.5853658536585366,0.4634146341463415,0.01776461880088823,4.25,1.380487804878049,54.0,24.0
00-0035304,Cullen Gillaspia,2019,HOU,6,220.0,7.0,0,24.306639288158795,3,0.0,0.0,0.0,0.0,0.0,0.0,0.0,0.006666666666666667,,,,,,,0.0,0.0,0,0.0,6,0.0,0.0,0.0,0.0,0.0,0.0,0.0,0.01,,,,,,,0.0,0.0,0,0.0,1.6,15,1.6,12,3,0,0,0,,,,0.0,0.0,0.06666666666666667,0.06666666666666667,0.002070393374741201,6.0,0.10666666666666667,0.0,1.0
00-0035311,Myles Gaskin,2019,MIA,7,234.0,7.0,0,22.54072553045859,3,1.6666666666666667,1.0,0.6666666666666666,2.3333333333333335,0.0847457627118644,0.02608695652173913,0.02702702702702703,0.14333333333333334,2.0,-0.3971432488528076,0.2,0.0,2.3333333333333335,-0.9706590925343321,5.666666666666667,1.2333333333333334,5,3.0,7,5.142857142857143,1.7142857142857142,1.0,6.142857142857143,0.21951219512195122,0.042704626334519574,0.03954802259887006,0.24285714285714288,3.6944444444444446,-0.06825746151235562,0.3611111111111111,0.19444444444444445,4.25,-0.15263812198746987,26.285714285714285,4.485714285714286,36,12.0,377.5,38,349.8,34,5,0,0,0,3.729281767955801,-0.17207699579297583,0.34806629834254144,9.526315789473685,0.3577075098814229,3.3157894736842106,2.6315789473684212,0.09610983981693363,5.595238095238095,9.93421052631579,362.0,126.0
00-0035342,Patrick Laird,2019,MIA,8,,,1,24.041067761806982,3,2.0,3.0,2.6666666666666665,4.666666666666667,0.1016949152542373,0.0782608695652174,0.10810810810810811,0.23666666666666666,5.166666666666667,-0.40596051584310605,0.16666666666666666,0.16666666666666666,7.333333333333333,0.2503046753376512,32.333333333333336,5.900000000000001,6,9.0,8,7.75,3.75,2.875,10.625,0.3333333333333333,0.09230769230769231,0.11165048543689321,0.5025,2.7096774193548385,-0.35082918614714237,0.1935483870967742,0.14516129032258066,6.8,0.20045901799242902,46.5,8.525,62,30.0,77.60000000000001,17,27.099999999999994,12,2,0,0,0,3.0428571428571427,-0.28396834372274826,0.22857142857142856,4.117647058823529,0.15555555555555556,2.1176470588235294,1.6470588235294117,0.05921052631578947,6.194444444444445,4.564705882352942,70.0,36.0
00-0035537,Ty Johnson,2019,DET,16,186.0,6.0,0,21.95482546201232,3,3.3333333333333335,1.3333333333333333,1.0,4.333333333333333,0.11363636363636363,0.038834951456310676,0.04477611940298507,0.16,4.1,0.03415728481486428,0.5,0.2,1.5,-0.6269613881595435,15.666666666666666,2.5666666666666664,10,4.0,16,3.9375,1.9375,1.5,5.4375,0.1547911547911548,0.056363636363636366,0.06976744186046512,0.285625,4.333333333333333,-0.13376246267706143,0.3492063492063492,0.1746031746031746,3.5161290322580645,-0.3403930639499724,23.875,3.7624999999999997,63,31.0,509.0,95,447.5,81,6,0,0,0,4.47962382445141,-0.0641856656280994,0.4231974921630094,3.357894736842105,0.12369135323768903,2.0631578947368423,1.431578947368421,0.06610455311973018,6.739795918367347,5.3578947368421055,319.0,196.0
00-0035551,Tony Brooks-James,2019,PIT,3,,,1,24.736481861738536,3,2.6666666666666665,0.0,0.0,2.6666666666666665,0.11764705882352941,0.0,0.0,0.06666666666666667,0.875,-0.739322131346853,0.125,0.0,,,2.3333333333333335,0.23333333333333336,8,0.0,3,2.6666666666666665,0.0,0.0,2.6666666666666665,0.11764705882352941,0.0,0.0,0.06666666666666667,0.875,-0.739322131346853,0.125,0.0,,,2.3333333333333335,0.23333333333333336,8,0.0,0.4,1,0.4,1,1,0,0,0,1.3333333333333333,-0.7989433834681767,0.0,3.0,0.09375,0.0,0.0,0.0,,0.4,3.0,0.0
00-0035594,Travis Homer,2019,SEA,7,204.0,6.0,0,21.06776180698152,3,0.3333333333333333,0.0,0.0,0.3333333333333333,0.008928571428571428,0.0,0.0,0.0,29.0,4.06041830370668,1.0,1.0,,,9.666666666666666,0.9666666666666667,1,0.0,7,2.5714285714285716,1.8571428571428572,1.5714285714285714,4.142857142857143,0.08294930875576037,0.06467661691542288,0.08208955223880597,0.17857142857142858,6.333333333333333,0.16834645216149752,0.5,0.3333333333333333,4.3076923076923075,0.0812561688631269,24.285714285714285,4.0,18,13.0,170.5,63,143.9,56,6,0,0,0,4.8936170212765955,-0.052902561822662654,0.4148936170212766,1.492063492063492,0.05845771144278607,1.0317460317460319,0.873015873015873,0.03237051792828685,7.3076923076923075,2.7063492063492065,94.0,65.0
00-0035596,Kerrith Whyte,2019,PIT,6,222.0,7.0,0,22.833675564681723,3,4.666666666666667,0.3333333333333333,0.3333333333333333,5.0,0.13333333333333333,0.017241379310344827,0.023255813953488372,0.12666666666666668,6.714285714285714,0.21534836167462892,0.5,0.21428571428571427,9.0,1.05669509666041,34.333333333333336,3.766666666666667,14,1.0,6,4.0,0.16666666666666666,0.16666666666666666,4.166666666666667,0.1437125748502994,0.006666666666666667,0.01,0.10999999999999999,5.083333333333333,0.03819136962271266,0.375,0.20833333333333334,9.0,1.05669509666041,21.833333333333332,2.35,24,1.0,2.8000000000000003,3,0.0,0,0,0,0,0,2.8,-0.20982841924997012,0.2,3.3333333333333335,0.16129032258064516,0.0,0.0,0.0,,0.9333333333333335,10.0,0.0
00-0035628,D'Ernest Johnson,2019,CLE,10,,,1,23.509924709103355,3,1.3333333333333333,2.0,1.6666666666666667,3.0,0.05714285714285714,0.0594059405940594,0.078125,0.16666666666666666,5.25,-0.5078165167942645,0.0,0.0,10.833333333333334,0.32128173394206333,28.666666666666668,4.533333333333333,4,6.0,10,0.4,0.7,0.6,1.0,0.01646090534979424,0.021739130434782608,0.0297029702970297,0.066,5.25,-0.5078165167942645,0.0,0.0,10.142857142857142,0.2943116231555388,9.2,1.52,4,7.0,205.3,76,203.7,69,6,0,0,0,4.433035714285714,-0.050885973542584464,0.36160714285714285,2.9473684210526314,0.1065651760228354,0.8421052631578947,0.631578947368421,0.026834381551362682,6.25,2.7013157894736843,224.0,64.0
00-0035664,Darrell Henderson,2019,LA,9,70.0,3.0,0,22.034223134839152,3,6.0,1.0,0.6666666666666666,6.666666666666667,0.2,0.03,0.03389830508474576,0.2333333333333333,3.888888888888889,-0.268644817304448,0.3888888888888889,0.3888888888888889,5.666666666666667,0.20682078149790564,29.0,3.5666666666666664,18,3.0,9,4.333333333333333,0.6666666666666666,0.4444444444444444,4.777777777777778,0.16115702479338842,0.018018018018018018,0.018691588785046728,0.15555555555555556,3.769230769230769,-0.24796180219392483,0.3076923076923077,0.2564102564102564,6.166666666666667,0.0008693080162629948,20.444444444444443,2.488888888888889,39,6.0,422.4,47,410.7,41,4,0,0,0,4.2075471698113205,-0.032600129415195425,0.3915094339622642,9.02127659574468,0.3461224489795918,2.1914893617021276,1.574468085106383,0.06253794778384943,5.436893203883495,8.98723404255319,424.0,103.0
00-0035685,David Montgomery,2019,CHI,16,73.0,3.0,0,22.234086242299796,3,12.333333333333334,2.3333333333333335,1.6666666666666667,14.0,0.5441176470588235,0.06862745098039216,0.07462686567164178,0.49333333333333335,3.972972972972973,-0.017612664915151392,0.35135135135135137,0.21621621621621623,6.714285714285714,0.15383004825395957,64.66666666666667,10.133333333333333,37,7.0,16,15.125,2.1875,1.5625,16.6875,0.6126582278481013,0.061837455830388695,0.0673854447439353,0.578125,3.6735537190082646,-0.16991893422749707,0.3305785123966942,0.2066115702479339,5.285714285714286,-0.06007314654120008,67.125,10.649999999999999,242,35.0,1413.44,105,1233.34,89,6,5,1,1,4.110358835477319,-0.06565068761562418,0.3933649289099526,14.066666666666666,0.502551888397414,2.7142857142857144,2.219047619047619,0.085380467345716,6.635087719298245,13.461333333333334,1477.0,285.0
00-0035700,Josh Jacobs,2019,LV,13,24.0,1.0,0,21.5523613963039,3,15.0,1.0,0.3333333333333333,15.333333333333334,0.6716417910447762,0.03125,0.013888888888888888,0.5433333333333333,5.066666666666666,0.00869344889561601,0.4666666666666667,0.26666666666666666,9.333333333333334,0.09633002631986994,85.33333333333333,12.866666666666667,45,3.0,13,18.615384615384617,2.076923076923077,1.5384615384615385,20.153846153846153,0.6685082872928176,0.06905370843989769,0.06968641114982578,0.5576923076923077,4.75206611570248,-0.039224880296194975,0.39669421487603307,0.2190082644628099,6.148148148148148,0.1447243593003668,101.23076923076923,14.73846153846154,242,27.0,1649.8999999999999,102,1496.8999999999999,92,6,5,4,1,4.220055710306407,-0.08699144092868923,0.4055710306406685,17.598039215686274,0.6522529069767442,3.3137254901960786,2.627450980392157,0.10716550412175016,6.047337278106509,16.17549019607843,1795.0,338.0
00-0035806,JaMycal Hasty,2020,SF,6,,,1,23.969883641341546,3,6.666666666666667,1.0,0.6666666666666666,7.333333333333333,0.1834862385321101,0.03260869565217391,0.029411764705882353,0.17333333333333334,5.15,0.02984134234720829,0.4,0.2,8.333333333333334,0.14681762270629337,42.666666666666664,4.933333333333334,20,3.0,6,6.5,1.3333333333333333,1.1666666666666667,7.666666666666667,0.2254335260115607,0.03902439024390244,0.04895104895104895,0.2333333333333333,3.7948717948717947,0.0007744986856451456,0.38461538461538464,0.1794871794871795,4.125,-0.25484481568128126,30.166666666666668,5.183333333333333,39,8.0,166.60000000000002,41,150.29999999999998,38,4,0,0,0,3.722772277227723,-0.05846027138548635,0.36633663366336633,2.4634146341463414,0.09430438842203548,1.8048780487804879,1.4146341463414633,0.05714285714285714,4.72972972972973,4.063414634146342,101.0,74.0
00-0035831,James Robinson,2020,JAX,14,,,1,22.064339493497606,3,14.333333333333334,3.6666666666666665,3.3333333333333335,17.666666666666668,0.6417910447761194,0.10377358490566038,0.12658227848101267,0.5433333333333333,4.883720930232558,0.04333122793468646,0.37209302325581395,0.2558139534883721,11.727272727272727,0.4508082611824976,113.0,20.633333333333333,43,11.0,14,17.142857142857142,4.285714285714286,3.5,20.642857142857142,0.7894736842105263,0.11787819253438114,0.14540059347181009,0.7007142857142856,4.458333333333333,-0.051279625734907984,0.35833333333333334,0.225,5.733333333333333,0.10821920926052447,101.0,17.88571428571429,240,60.0,452.0,37,263.5,26,3,1,0,1,4.351694915254237,-0.08600224526703519,0.3813559322033898,12.756756756756756,0.545664739884393,2.972972972972973,2.2162162162162162,0.08416220351951033,4.418181818181818,12.216216216216216,472.0,110.0
00-0035835,Nathan Cottrell,2020,JAX,7,,,1,24.082135523613964,3,0.0,0.0,0.0,0.0,0.0,0.0,0.0,0.0,,,,,,,0.0,0.0,0,0.0,7,0.0,0.0,0.0,0.0,0.0,0.0,0.0,0.0,,,,,,,0.0,0.0,0,0.0,0.3,7,0.3,3,1,0,0,0,3.0,-0.0874983409885317,0.0,0.14285714285714285,0.006711409395973154,0.0,0.0,0.0,,0.04285714285714286,1.0,0.0
00-0035912,Levante Bellamy,2020,DEN,4,,,1,23.759069130732374,3,1.0,0.3333333333333333,0.3333333333333333,1.3333333333333333,0.04054054054054054,0.009174311926605505,0.014705882352941176,0.03333333333333333,3.6666666666666665,-0.16550852777436367,0.3333333333333333,0.0,5.0,-0.856522758258507,5.333333333333333,0.8666666666666667,3,1.0,4,1.0,0.25,0.25,1.25,0.03773584905660377,0.006711409395973154,0.010752688172043012,0.0275,2.75,-0.239717558317352,0.25,0.0,5.0,-0.856522758258507,4.0,0.65,4,1.0,0.0,1,0.0,0,0,0,0,0,0.0,-0.462344649946317,0.0,1.0,0.03125,0.0,0.0,0.0,,0.0,1.0,0.0
00-0035924,Jonathan Ward,2020,ARI,7,,,1,22.921286789869953,3,0.0,0.0,0.0,0.0,0.0,0.0,0.0,0.013333333333333334,,,,,,,0.0,0.0,0,0.0,7,0.0,0.14285714285714285,0.14285714285714285,0.14285714285714285,0.0,0.00423728813559322,0.005714285714285714,0.008571428571428572,,,,,11.0,2.20048037706874,1.5714285714285714,1.157142857142857,0,1.0,26.3,23,18.200000000000003,19,4,0,0,0,4.136363636363637,0.015393319605870733,0.36363636363636365,0.9565217391304348,0.03343465045592705,0.34782608695652173,0.2608695652173913,0.01098901098901099,6.5,1.1434782608695653,22.0,8.0
00-0035957,Rodney Smith,2020,CAR,7,,,1,24.50924024640657,3,6.0,0.6666666666666666,0.3333333333333333,6.333333333333333,0.23076923076923078,0.021052631578947368,0.015873015873015872,0.18333333333333335,3.3333333333333335,-0.24611591139303865,0.3333333333333333,0.2777777777777778,1.0,-0.551982966077048,20.666666666666668,2.4,18,2.0,7,5.857142857142857,1.5714285714285714,1.2857142857142858,7.142857142857143,0.2265193370165746,0.04741379310344827,0.059602649006622516,0.29714285714285715,3.8048780487804876,0.05050644247221912,0.4634146341463415,0.34146341463414637,5.363636363636363,-0.15975723255277527,30.714285714285715,5.214285714285714,41,11.0,39.10000000000001,5,9.8,1,1,0,0,0,4.173913043478261,0.2826456759319861,0.5652173913043478,4.6,0.18110236220472442,2.8,2.6,0.07954545454545454,7.5,7.820000000000002,23.0,14.0
00-0036020,Salvon Ahmed,2020,MIA,6,,,1,21.675564681724847,3,13.333333333333334,2.3333333333333335,2.0,15.333333333333334,0.5405405405405406,0.08045977011494253,0.10344827586206896,0.6266666666666666,4.15,-0.05158445483976495,0.4,0.275,5.142857142857143,-0.21650162639395795,67.33333333333333,10.733333333333334,40,7.0,6,12.5,2.3333333333333335,1.8333333333333333,14.333333333333334,0.4658385093167702,0.06829268292682927,0.07857142857142857,0.5166666666666666,4.253333333333333,-0.036445059590208495,0.37333333333333335,0.24,4.357142857142857,-0.15574709669972936,63.333333333333336,11.5,75,14.0,132.5,27,95.7,24,3,0,0,0,3.4715447154471546,-0.07813726591308358,0.3333333333333333,4.555555555555555,0.18358208955223881,1.8518518518518519,1.2592592592592593,0.05202913631633715,4.76,4.907407407407407,123.0,50.0
00-0036078,Xavier Jones,2020,LA,5,,,1,23.02258726899384,3,0.0,0.0,0.0,0.0,0.0,0.0,0.0,0.0,,,,,,,0.0,0.0,0,0.0,5,0.0,0.0,0.0,0.0,0.0,0.0,0.0,0.0,,,,,,,0.0,0.0,0,0.0,0.0,2,0.0,0,0,0,0,0,,,,0.0,0.0,0.0,0.0,0.0,,0.0,0.0,0.0
00-0036096,J.J. Taylor,2020,NE,6,,,1,22.65845311430527,3,5.333333333333333,0.6666666666666666,0.3333333333333333,5.666666666666667,0.1523809523809524,0.022222222222222223,0.016129032258064516,0.12333333333333334,4.375,0.17423828740720662,0.5,0.25,2.0,-0.41867467958945775,24.666666666666668,2.8000000000000003,16,2.0,6,3.8333333333333335,0.3333333333333333,0.16666666666666666,4.0,0.12777777777777777,0.012269938650306749,0.00909090909090909,0.14,4.782608695652174,0.08713078594250297,0.391304347826087,0.21739130434782608,2.0,-0.41867467958945775,19.0,2.0666666666666664,23,2.0,31.6,12,27.599999999999998,9,3,0,0,0,2.8260869565217392,-0.24814629158809914,0.17391304347826086,3.8333333333333335,0.1564625850340136,0.6666666666666666,0.5833333333333334,0.020050125313283207,2.0,2.6333333333333333,46.0,8.0
00-0036139,Rico Dowdle,2020,DAL,5,,,1,22.217659137577,3,2.3333333333333335,0.0,0.0,2.3333333333333335,0.0875,0.0,0.0,0.05666666666666667,3.4285714285714284,-0.35822304184382286,0.0,0.14285714285714285,,,8.0,0.8000000000000002,7,0.0,5,1.4,0.0,0.0,1.4,0.04964539007092199,0.0,0.0,0.038000000000000006,3.4285714285714284,-0.35822304184382286,0.0,0.14285714285714285,,,4.8,0.4800000000000001,7,0.0,516.1,55,505.6,51,4,2,0,0,4.44,-0.04132357119964962,0.41391304347826086,10.454545454545455,0.3916893732970027,2.327272727272727,1.8,0.06911447084233262,5.609375,9.383636363636365,575.0,128.0
00-0036158,J.K. Dobbins,2020,BAL,15,55.0,2.0,0,21.70841889117043,3,3.3333333333333335,1.6666666666666667,1.6666666666666667,5.0,0.11363636363636363,0.06666666666666667,0.09259259259259259,0.37666666666666665,7.6,0.3573463802575126,0.6,0.5,10.2,0.7311144035658801,42.333333333333336,9.899999999999999,10,5.0,15,8.933333333333334,1.6,1.2,10.133333333333333,0.25426944971537,0.06417112299465241,0.07258064516129033,0.464,6.007462686567164,0.202576158932629,0.417910447761194,0.2835820895522388,5.0,0.05211319072809892,61.666666666666664,11.233333333333333,134,24.0,552.9,47,400.6,32,4,1,0,1,5.056013179571664,0.05426575959159103,0.4085667215815486,12.914893617021276,0.4229965156794425,1.7872340425531914,1.4042553191489362,0.06417112299465241,3.8095238095238093,11.763829787234043,607.0,84.0
00-0036187,Reggie Gilliam,2020,BUF,4,,,1,23.033538672142367,3,0.0,0.6666666666666666,0.6666666666666666,0.6666666666666666,0.0,0.018518518518518517,0.02564102564102564,0.09333333333333334,,,,,8.0,0.8126679492706905,5.333333333333333,3.1999999999999997,0,2.0,4,0.0,0.5,0.5,0.5,0.0,0.015873015873015872,0.02247191011235955,0.11000000000000001,,,,,8.0,0.8126679492706905,4.0,2.4,0,2.0,34.7,40,33.3,38,5,0,0,0,1.75,-0.4857260258286262,0.375,0.2,0.006349206349206349,0.5,0.375,0.016194331983805668,6.15,0.8675,8.0,20.0
00-0036208,Artavis Pierce,2020,CHI,4,,,1,24.292950034223136,3,1.6666666666666667,0.0,0.0,1.6666666666666667,0.06666666666666667,0.0,0.0,0.06333333333333334,7.0,0.49659300611820145,0.6,0.4,,,11.666666666666666,3.1666666666666665,5,0.0,4,1.5,0.0,0.0,1.5,0.05660377358490566,0.0,0.0,0.05,5.666666666666667,0.0978441090167812,0.5,0.3333333333333333,,,8.5,2.35,6,0.0,-0.1,2,0.0,1,1,0,0,0,-1.0,-1.89590037649032,0.0,0.5,0.017543859649122806,0.0,0.0,0.0,,-0.05,1.0,0.0
00-0036223,Jonathan Taylor,2020,IND,15,41.0,2.0,0,21.61806981519507,3,16.0,3.0,3.0,19.0,0.5161290322580645,0.09375,0.12162162162162163,0.4766666666666666,3.7916666666666665,-0.03557982495535098,0.3541666666666667,0.22916666666666666,8.777777777777779,0.4124555581850778,87.0,15.699999999999998,48,9.0,15,15.466666666666667,2.6,2.4,17.866666666666667,0.5296803652968036,0.07910750507099391,0.1037463976945245,0.5073333333333334,5.038793103448276,0.06448671234518259,0.45689655172413796,0.2974137931034483,7.666666666666667,0.3394267573733768,97.86666666666666,16.853333333333335,232,39.0,1552.1,84,1282.9000000000003,69,5,3,3,1,4.891013384321224,0.00648212543000469,0.41937539834289356,18.678571428571427,0.6620253164556962,2.869047619047619,2.2261904761904763,0.09319412219644238,6.045643153526971,18.47738095238095,1569.0,241.0
00-0036245,Malcolm Perry,2020,MIA,9,246.0,7.0,0,23.370294318959616,3,0.6666666666666666,1.3333333333333333,1.0,1.6666666666666667,0.024390243902439025,0.05555555555555555,0.06382978723404255,0.3066666666666667,0.5,-0.7013159286871095,0.5,0.0,7.75,0.2824140077718765,10.666666666666666,2.066666666666667,2,4.0,9,0.3333333333333333,1.4444444444444444,1.0,1.3333333333333333,0.01276595744680851,0.041666666666666664,0.04411764705882353,0.26222222222222225,1.6666666666666667,-0.31119418130644333,0.6666666666666666,0.3333333333333333,7.076923076923077,0.39677591076067004,10.777777777777779,2.7444444444444445,3,13.0,18.5,6,0.0,0,0,0,0,0,4.0,0.469049313454889,1.0,0.16666666666666666,0.006535947712418301,1.5,1.0,0.0375,6.777777777777778,3.0833333333333335,1.0,9.0
00-0036251,Zack Moss,2020,BUF,13,86.0,3.0,0,22.713210130047912,3,7.333333333333333,1.3333333333333333,1.0,8.333333333333334,0.28205128205128205,0.0380952380952381,0.04225352112676056,0.3866666666666667,2.6363636363636362,-0.38108333653392085,0.3181818181818182,0.13636363636363635,4.0,-0.07903427868049526,24.666666666666668,5.466666666666666,22,4.0,13,8.615384615384615,1.3846153846153846,1.0769230769230769,9.692307692307692,0.32558139534883723,0.038876889848812095,0.042042042042042045,0.4492307692307692,4.294642857142857,-0.06673565676974764,0.42857142857142855,0.26785714285714285,5.277777777777778,0.02580500684455156,44.30769230769231,7.815384615384615,112,18.0,506.4,58,421.2,48,4,0,0,0,4.2164179104477615,-0.09898788042802781,0.3880597014925373,9.241379310344827,0.3473752430330525,2.1206896551724137,1.6379310344827587,0.06237322515212982,5.642276422764228,8.73103448275862,536.0,123.0
00-0036265,AJ Dillon,2020,GB,9,62.0,2.0,0,22.33538672142368,3,2.6666666666666665,0.0,0.0,2.6666666666666665,0.08602150537634409,0.0,0.0,0.07,4.25,0.008285250412882379,0.375,0.125,,,11.333333333333334,1.133333333333333,8,0.0,9,5.111111111111111,0.2222222222222222,0.2222222222222222,5.333333333333333,0.18548387096774194,0.0071174377224199285,0.009852216748768473,0.16777777777777778,5.260869565217392,0.21239327905578145,0.4782608695652174,0.2391304347826087,10.5,0.9088687483745175,29.22222222222222,4.477777777777778,46,2.0,521.7,64,479.9,55,4,1,0,0,4.070146818923328,-0.017485699800254984,0.433931484502447,9.578125,0.36597014925373134,1.78125,1.40625,0.05544747081712062,6.859649122807017,8.1515625,613.0,114.0
00-0036269,La'Mical Perine,2020,NYJ,10,120.0,4.0,0,22.587268993839835,3,5.0,0.6666666666666666,0.6666666666666666,5.666666666666667,0.18292682926829268,0.019801980198019802,0.031746031746031744,0.20000000000000004,3.7333333333333334,-0.28626256211039913,0.2,0.13333333333333333,-0.5,-0.666390502476135,18.333333333333332,2.5,15,2.0,10,6.4,1.5,1.1,7.5,0.25098039215686274,0.05,0.06043956043956044,0.329,3.625,-0.1567316269683943,0.328125,0.28125,4.2,0.05229315775608327,29.5,5.249999999999999,64,15.0,62.099999999999994,11,17.1,4,2,0,0,0,3.5949367088607596,-0.1253474156875918,0.35443037974683544,7.181818181818182,0.2936802973977695,1.6363636363636365,1.0909090909090908,0.05217391304347826,5.388888888888889,5.645454545454545,79.0,18.0
00-0036275,D'Andre Swift,2020,DET,13,35.0,2.0,0,21.631759069130734,3,2.6666666666666665,4.0,3.0,5.666666666666667,0.1038961038961039,0.11764705882352941,0.13636363636363635,0.29,2.5,-0.05269107863205136,0.25,0.25,7.833333333333333,0.2264572843287481,38.0,8.799999999999999,8,12.0,13,8.76923076923077,4.384615384615385,3.5384615384615383,12.307692307692308,0.38127090301003347,0.12751677852348994,0.15282392026578073,0.4830769230769232,4.5701754385964914,-0.05352719424990934,0.4298245614035088,0.2719298245614035,6.2631578947368425,0.16454700737048028,67.53846153846153,14.599999999999998,114,57.0,1261.8999999999999,89,1042.4,76,5,5,0,1,4.491479820627803,-0.04306283389707122,0.39820627802690584,12.52808988764045,0.45941491553358055,3.943820224719101,3.033707865168539,0.1232876712328767,5.9002849002849,14.178651685393257,1115.0,351.0
00-0036278,Jason Huntley,2020,PHI,4,172.0,5.0,0,22.368240930869266,3,1.0,0.3333333333333333,0.0,1.0,0.043478260869565216,0.009174311926605505,0.0,0.04666666666666667,4.666666666666667,0.6171023468098916,0.6666666666666666,0.3333333333333333,0.0,-0.77290345588699,4.666666666666667,0.46666666666666673,3,1.0,4,1.25,0.5,0.25,1.5,0.05102040816326531,0.014492753623188406,0.01282051282051282,0.1075,3.8,0.20019063760992156,0.4,0.2,0.0,-0.6729873588774355,4.75,0.7250000000000001,5,2.0,6.6,2,5.1,1,1,0,0,0,3.7333333333333334,-0.16685935064839846,0.2,7.5,0.24193548387096775,1.0,0.5,0.031746031746031744,0.0,3.3,15.0,2.0
00-0036297,Darrynton Evans,2020,TEN,5,93.0,3.0,0,22.1492128678987,3,4.333333333333333,0.6666666666666666,0.6666666666666666,5.0,0.12264150943396226,0.022988505747126436,0.03076923076923077,0.12666666666666668,3.923076923076923,-0.03289368338300839,0.38461538461538464,0.15384615384615385,13.5,2.65062374880654,26.0,5.266666666666667,13,2.0,5,2.8,0.8,0.4,3.2,0.08045977011494253,0.02877697841726619,0.02127659574468085,0.1,3.857142857142857,-0.05934573189214065,0.35714285714285715,0.14285714285714285,6.75,0.8772983168746574,16.2,3.2199999999999998,14,4.0,45.1,13,44.800000000000004,11,4,0,0,0,3.8076923076923075,0.011960556791913823,0.34615384615384615,4.0,0.12590799031476999,1.3076923076923077,0.7692307692307693,0.04871060171919771,5.470588235294118,3.4692307692307693,52.0,17.0
00-0036328,Antonio Gibson,2020,WAS,14,66.0,3.0,0,22.193018480492814,3,10.333333333333334,2.3333333333333335,2.0,12.333333333333334,0.38271604938271603,0.0707070707070707,0.10526315789473684,0.43333333333333335,4.516129032258065,-0.02733147823469586,0.41935483870967744,0.22580645161290322,2.2857142857142856,-0.5597295064279554,52.0,10.533333333333333,31,7.0,14,12.142857142857142,3.142857142857143,2.5714285714285716,14.714285714285714,0.48295454545454547,0.08961303462321792,0.10714285714285714,0.43714285714285717,4.676470588235294,0.032022370093139206,0.4235294117647059,0.23529411764705882,5.613636363636363,-0.15417210661822073,74.42857142857143,14.442857142857145,170,44.0,819.5999999999999,80,648.9999999999999,69,5,1,1,1,4.162698412698413,-0.07356571820847636,0.40343915343915343,9.45,0.3617224880382775,2.975,2.3875,0.09206963249516441,6.214285714285714,10.245,756.0,238.0
00-0036336,Anthony McFarland,2020,PIT,11,124.0,4.0,0,21.49760438056126,3,4.0,1.0,0.6666666666666666,4.666666666666667,0.11214953271028037,0.03260869565217391,0.03076923076923077,0.11666666666666665,4.166666666666667,-0.2110094626162514,0.25,0.16666666666666666,4.333333333333333,-0.1973576959377775,21.0,2.766666666666667,12,3.0,11,3.0,0.8181818181818182,0.5454545454545454,3.5454545454545454,0.12222222222222222,0.020089285714285716,0.02027027027027027,0.11454545454545455,3.4242424242424243,-0.153371876282053,0.30303030303030304,0.12121212121212122,6.0,-0.21147741595309,15.181818181818182,2.0636363636363635,33,9.0,26.0,14,11.6,6,3,0,0,0,3.2,-0.12721708666455595,0.36666666666666664,2.142857142857143,0.09433962264150944,0.7857142857142857,0.6428571428571429,0.02,6.7272727272727275,1.8571428571428572,30.0,11.0
00-0036360,Clyde Edwards-Helaire,2020,KC,13,32.0,1.0,0,21.39356605065024,3,18.333333333333332,5.333333333333333,3.6666666666666665,22.0,0.632183908045977,0.13559322033898305,0.13414634146341464,0.66,4.363636363636363,-0.12657186115362765,0.32727272727272727,0.18181818181818182,6.375,0.150359961113115,114.0,17.066666666666666,55,16.0,13,13.923076923076923,4.153846153846154,2.769230769230769,16.692307692307693,0.5276967930029155,0.10843373493975904,0.10344827586206896,0.5930769230769231,4.43646408839779,-0.05112396188869184,0.40331491712707185,0.2154696132596685,5.5,0.0399002556373751,84.61538461538461,13.538461538461538,181,54.0,424.99999999999994,49,300.20000000000005,39,5,0,0,1,4.098522167487685,-0.07032677617188277,0.3891625615763547,8.285714285714286,0.3325143325143325,2.306122448979592,1.6938775510204083,0.06323447118074986,6.15929203539823,8.673469387755102,406.0,113.0
00-0036370,Joshua Kelley,2020,LAC,13,112.0,4.0,0,22.781656399726216,3,14.333333333333334,1.3333333333333333,1.3333333333333333,15.666666666666666,0.4056603773584906,0.037383177570093455,0.0547945205479452,0.35000000000000003,3.883720930232558,-0.1395249213545507,0.37209302325581395,0.18604651162790697,14.5,0.5550178617704663,75.0,10.166666666666666,43,4.0,13,8.538461538461538,1.7692307692307692,1.7692307692307692,10.307692307692308,0.2883116883116883,0.04563492063492063,0.0688622754491018,0.30538461538461537,3.189189189189189,-0.2714868039818724,0.3153153153153153,0.18018018018018017,6.434782608695652,0.27350754959701107,38.61538461538461,6.246153846153845,111,23.0,194.4,48,143.7,38,4,0,0,0,3.535971223021583,-0.22745216441299676,0.34172661870503596,5.791666666666667,0.22564935064935066,1.2916666666666667,0.9583333333333334,0.03431101272827892,4.209677419354839,4.05,278.0,62.0
00-0036383,Eno Benjamin,2021,ARI,8,222.0,7.0,0,22.38740588637919,3,3.6666666666666665,0.0,0.0,3.6666666666666665,0.10679611650485436,0.0,0.0,0.09999999999999999,4.181818181818182,-0.1517407024829565,0.2727272727272727,0.09090909090909091,,,15.333333333333334,3.533333333333333,11,0.0,8,4.25,0.875,0.75,5.0,0.13545816733067728,0.028455284552845527,0.03278688524590164,0.165,3.4705882352941178,-0.17750083672410047,0.35294117647058826,0.11764705882352941,6.0,0.5110549217123282,20.0,3.5,34,7.0,107.00000000000001,18,89.6,13,1,0,0,0,3.85,-0.052385210031205706,0.39,5.555555555555555,0.1953125,2.2777777777777777,1.7222222222222223,0.06623586429725363,5.7317073170731705,5.9444444444444455,100.0,41.0
00-0036414,Cam Akers,2020,LA,11,52.0,2.0,0,21.196440793976727,3,8.666666666666666,0.3333333333333333,0.3333333333333333,9.0,0.22807017543859648,0.012048192771084338,0.01639344262295082,0.18666666666666668,4.346153846153846,-0.19464604249627035,0.23076923076923078,0.07692307692307693,4.0,-0.226044953218661,39.0,4.233333333333333,26,1.0,11,13.181818181818182,1.2727272727272727,1.0,14.181818181818182,0.43154761904761907,0.035897435897435895,0.039568345323741004,0.3781818181818182,4.310344827586207,-0.22398138127668174,0.3310344827586207,0.1793103448275862,8.785714285714286,0.2568290655583608,68.0,9.254545454545454,145,14.0,381.78,51,292.67999999999995,43,5,0,0,0,4.014553014553014,-0.13805842231476012,0.367983367983368,9.431372549019608,0.35949177877429,1.2745098039215685,1.0,0.038348082595870206,5.907692307692308,7.485882352941176,481.0,65.0
00-0036425,DeeJay Dallas,2020,SEA,9,144.0,4.0,0,21.960301163586585,3,0.6666666666666666,1.6666666666666667,1.3333333333333333,2.0,0.027777777777777776,0.04504504504504504,0.05194805194805195,0.10333333333333335,4.0,-0.11367103367229,0.5,0.0,6.6,0.13529386035597382,13.666666666666666,2.6999999999999997,2,5.0,9,3.7777777777777777,2.2222222222222223,1.8888888888888888,5.666666666666667,0.14912280701754385,0.062111801242236024,0.07423580786026202,0.23666666666666666,3.176470588235294,-0.12077824763998933,0.35294117647058826,0.2647058823529412,5.55,0.12167411600987532,24.333333333333332,6.322222222222223,34,20.0,194.7,79,141.6,70,5,0,0,0,4.32,0.010505277527532102,0.448,1.5822784810126582,0.062034739454094295,0.9113924050632911,0.7848101265822784,0.029925187032418952,5.375,2.4645569620253163,125.0,72.0
00-0036435,Raymond Calais,2020,LA,4,245.0,7.0,0,22.417522245037645,3,0.0,0.0,0.0,0.0,0.0,0.0,0.0,0.0,,,,,,,0.0,0.0,0,0.0,4,0.0,0.0,0.0,0.0,0.0,0.0,0.0,0.0,,,,,,,0.0,0.0,0,0.0,0.0,1,0.0,0,0,0,0,0,,,,0.0,0.0,0.0,0.0,0.0,,0.0,0.0,0.0
00-0036450,Ke'Shawn Vaughn,2020,TB,6,76.0,3.0,0,23.329226557152634,3,2.6666666666666665,2.3333333333333335,1.3333333333333333,4.0,0.0975609756097561,0.061946902654867256,0.05555555555555555,0.22,5.75,0.12113153945028876,0.5,0.25,3.857142857142857,-0.2854407245466407,24.333333333333332,5.1000000000000005,8,7.0,6,4.333333333333333,1.6666666666666667,0.8333333333333334,5.166666666666667,0.17105263157894737,0.045662100456621,0.03355704697986577,0.22333333333333336,4.1923076923076925,-0.0705209011223187,0.38461538461538464,0.19230769230769232,3.4,-0.34352605184820856,23.833333333333332,3.8833333333333333,26,10.0,61.599999999999994,21,53.599999999999994,18,4,0,0,0,3.5257731958762886,-0.2141486243374848,0.26804123711340205,4.619047619047619,0.18267419962335216,0.9523809523809523,0.47619047619047616,0.024752475247524754,2.7,2.933333333333333,97.0,20.0
00-0036493,Deon Jackson,2021,IND,3,,,1,22.535249828884325,3,4.333333333333333,0.0,0.0,4.333333333333333,0.10833333333333334,0.0,0.0,0.07666666666666667,2.3846153846153846,-0.38478133894162847,0.23076923076923078,0.15384615384615385,,,10.333333333333334,3.033333333333333,13,0.0,3,4.333333333333333,0.0,0.0,4.333333333333333,0.10833333333333334,0.0,0.0,0.07666666666666667,2.3846153846153846,-0.38478133894162847,0.23076923076923078,0.15384615384615385,,,10.333333333333334,3.033333333333333,13,0.0,88.5,14,88.5,14,2,0,0,0,3.073170731707317,-0.3299561022815144,0.3170731707317073,5.857142857142857,0.23631123919308358,2.857142857142857,2.5,0.08565310492505353,5.575,6.321428571428571,82.0,40.0
00-0036555,Chuba Hubbard,2021,CAR,16,126.0,4.0,0,22.2258726899384,3,6.333333333333333,2.6666666666666665,1.6666666666666667,8.0,0.20430107526881722,0.0784313725490196,0.0684931506849315,0.30333333333333334,3.263157894736842,-0.34709508437510156,0.21052631578947367,0.15789473684210525,3.875,-1.0149191956661523,31.0,4.766666666666667,19,8.0,16,10.75,2.3125,1.5625,12.3125,0.39631336405529954,0.06751824817518248,0.0764525993883792,0.415625,3.558139534883721,-0.1392874426929602,0.36627906976744184,0.20930232558139536,4.702702702702703,-0.2764049864243175,49.125,8.6,172,37.0,815.6,77,639.1999999999999,61,4,1,0,0,4.180021953896817,-0.048090220270551286,0.4127332601536773,11.831168831168831,0.45032130499258527,2.4935064935064934,2.012987012987013,0.08340573414422242,5.302083333333333,10.592207792207793,911.0,192.0
00-0036567,Elijah Mitchell,2021,SF,11,194.0,6.0,0,23.3347022587269,3,15.0,1.3333333333333333,1.3333333333333333,16.333333333333332,0.4787234042553192,0.04938271604938271,0.07272727272727272,0.6433333333333334,4.2,-0.1340232358331585,0.35555555555555557,0.2222222222222222,7.5,0.40843174053588877,73.0,10.633333333333333,45,4.0,11,18.818181818181817,1.8181818181818181,1.7272727272727273,20.545454545454547,0.6253776435045317,0.06578947368421052,0.09134615384615384,0.6427272727272727,4.6521739130434785,-0.0748487216675682,0.4106280193236715,0.22705314009661837,6.85,0.2055036900623238,100.0,15.0,207,20.0,224.19999999999996,25,91.1,17,3,0,0,0,4.7304964539007095,-0.03903056855430432,0.45390070921985815,11.28,0.37350993377483444,1.16,0.96,0.04084507042253521,4.413793103448276,8.967999999999998,282.0,29.0
00-0036569,Gary Brightwell,2021,NYG,7,196.0,6.0,0,23.50718685831622,3,0.3333333333333333,0.3333333333333333,0.3333333333333333,0.6666666666666666,0.013333333333333334,0.009708737864077669,0.014705882352941176,0.05333333333333334,4.0,0.150147082749754,1.0,0.0,6.0,-0.135463208309375,3.3333333333333335,0.6666666666666666,1,1.0,7,0.14285714285714285,0.14285714285714285,0.14285714285714285,0.2857142857142857,0.006535947712418301,0.003952569169960474,0.005988023952095809,0.02857142857142857,4.0,0.150147082749754,1.0,0.0,6.0,-0.135463208309375,1.4285714285714286,0.2857142857142857,1,1.0,40.6,26,40.6,22,4,0,0,0,4.0,-0.20808452320734938,0.3,1.5384615384615385,0.056577086280056574,0.5769230769230769,0.38461538461538464,0.01838235294117647,5.733333333333333,1.5615384615384615,40.0,15.0
00-0036650,Larry Rountree III,2021,LAC,9,198.0,6.0,0,22.548939082819988,3,4.333333333333333,0.6666666666666666,0.3333333333333333,4.666666666666667,0.18571428571428572,0.01652892561983471,0.011363636363636364,0.19333333333333336,2.230769230769231,-0.30014039833286693,0.23076923076923078,0.07692307692307693,-0.5,-0.6345140562043525,9.333333333333334,1.2666666666666666,13,2.0,9,4.0,0.2222222222222222,0.1111111111111111,4.111111111111111,0.1643835616438356,0.005780346820809248,0.0041841004184100415,0.16555555555555557,2.4166666666666665,-0.2834581454202027,0.25,0.1388888888888889,-0.5,-0.6345140562043525,9.555555555555555,1.7333333333333334,36,2.0,17.1,8,5.3,2,1,0,0,0,2.138888888888889,-0.376700066668693,0.19444444444444445,4.5,0.1782178217821782,0.25,0.25,0.006666666666666667,7.0,2.1375,36.0,2.0
00-0036654,Demetric Felton,2021,CLE,15,211.0,6.0,0,23.129363449691994,3,0.0,1.6666666666666667,1.3333333333333333,1.3333333333333333,0.0,0.06493506493506493,0.06779661016949153,0.06333333333333334,,,,,12.8,0.5855212038848561,21.333333333333332,5.466666666666666,0,5.0,15,0.4666666666666667,1.4,1.2,1.6666666666666667,0.015730337078651686,0.04861111111111111,0.06315789473684211,0.13533333333333336,3.4285714285714284,-0.36341711792296616,0.2857142857142857,0.0,8.619047619047619,0.4548771991948823,13.666666666666666,3.366666666666667,7,21.0,36.5,18,2.4,6,1,0,0,0,2.5,-0.4793550292815779,0.25,0.4444444444444444,0.014311270125223614,1.1111111111111112,0.8888888888888888,0.03861003861003861,6.25,2.0277777777777777,8.0,20.0
00-0036669,Kylin Hill,2021,GB,8,256.0,7.0,0,23.039014373716633,3,2.3333333333333335,0.0,0.0,2.3333333333333335,0.09859154929577464,0.0,0.0,0.11,3.142857142857143,-0.14011464948998714,0.2857142857142857,0.14285714285714285,,,7.333333333333333,0.7333333333333334,7,0.0,8,1.25,0.25,0.125,1.375,0.04854368932038835,0.00796812749003984,0.0056179775280898875,0.05625,2.4,-0.3664956227527,0.2,0.1,2.5,-0.2071750798204445,3.625,0.48750000000000004,10,2.0,2.4,6,0.7,1,1,0,0,0,2.25,-0.534520632951172,0.25,0.6666666666666666,0.025,0.3333333333333333,0.16666666666666666,0.01,2.5,0.39999999999999997,4.0,2.0
00-0036670,Jermar Jefferson,2021,DET,4,257.0,7.0,0,21.37987679671458,3,3.3333333333333335,1.6666666666666667,1.3333333333333333,4.666666666666667,0.11904761904761904,0.05319148936170213,0.0625,0.11,6.5,0.475312679563649,0.7,0.4,4.6,-0.06452855304814879,29.333333333333332,8.266666666666667,10,5.0,4,3.75,1.25,1.0,4.75,0.1271186440677966,0.041666666666666664,0.047058823529411764,0.10500000000000001,4.933333333333334,0.21307989774855868,0.6,0.26666666666666666,4.6,-0.06452855304814879,24.25,6.425,15,5.0,5.1000000000000005,3,4.2,2,1,0,0,0,2.8181818181818183,-0.2129058398057399,0.45454545454545453,3.6666666666666665,0.1111111111111111,0.3333333333333333,0.3333333333333333,0.01098901098901099,10.0,1.7000000000000002,11.0,1.0
00-0036698,Mekhi Sargent,2021,TEN,4,,,1,23.89869952087611,3,1.3333333333333333,0.0,0.0,1.3333333333333333,0.046511627906976744,0.0,0.0,0.02,2.25,-0.34875506826210806,0.25,0.25,,,3.0,0.3,4,0.0,4,1.25,0.25,0.0,1.25,0.042735042735042736,0.007633587786259542,0.0,0.0225,2.2,-0.4077213496435436,0.2,0.2,0.0,-0.429744546650909,2.75,0.275,5,1.0,0.2,1,0.0,0,0,0,0,0,2.0,-0.643586475169286,0.0,1.0,0.03225806451612903,1.0,0.0,0.03125,0.0,0.2,1.0,1.0
00-0036755,Jaret Patterson,2021,WAS,15,,,1,21.691991786447637,3,1.3333333333333333,0.3333333333333333,0.3333333333333333,1.6666666666666667,0.05194805194805195,0.010309278350515464,0.014084507042253521,0.04666666666666667,2.5,-0.26408289743994773,0.25,0.0,11.0,0.727191169047728,7.0,1.0333333333333334,4,1.0,15,4.533333333333333,0.7333333333333333,0.6666666666666666,5.2,0.1607565011820331,0.023206751054852322,0.031545741324921134,0.156,3.911764705882353,-0.07003525304154386,0.38235294117647056,0.22058823529411764,6.636363636363637,0.26982932690350236,22.6,3.7266666666666666,68,11.0,86.3,20,33.5,8,2,0,0,0,4.040983606557377,-0.05131839587589422,0.39344262295081966,6.1,0.1986970684039088,0.75,0.6,0.02508361204013378,4.666666666666667,4.3149999999999995,122.0,15.0
00-0036842,Kene Nwangwu,2021,MIN,9,119.0,4.0,0,23.55920602327173,3,0.3333333333333333,0.0,0.0,0.3333333333333333,0.011627906976744186,0.0,0.0,0.0,9.0,2.89384078979492,1.0,1.0,,,3.0,2.3000000000000003,1,0.0,9,1.4444444444444444,0.5555555555555556,0.4444444444444444,1.8888888888888888,0.0593607305936073,0.017543859649122806,0.020618556701030927,0.05,4.6923076923076925,-0.049575298166010515,0.3076923076923077,0.23076923076923078,1.8,-0.5922452979953953,7.777777777777778,2.5555555555555554,13,5.0,45.8,40,29.700000000000003,34,4,0,0,0,3.282051282051282,-0.3021564928647366,0.2564102564102564,0.975,0.040667361835245046,0.2,0.15,0.006074411541381929,3.75,1.145,39.0,8.0
00-0036857,Chris Evans,2021,CIN,9,202.0,6.0,0,23.906913073237508,3,0.0,1.6666666666666667,1.6666666666666667,1.6666666666666667,0.0,0.05952380952380952,0.0847457627118644,0.08333333333333333,,,,,11.0,0.5777444027739749,18.333333333333332,3.5,0,5.0,9,1.8888888888888888,1.8888888888888888,1.6666666666666667,3.5555555555555554,0.07024793388429752,0.060498220640569395,0.075,0.15333333333333335,4.529411764705882,0.0402007798342417,0.23529411764705882,0.17647058823529413,8.882352941176471,0.7077992108663143,25.333333333333332,5.533333333333333,17,17.0,54.199999999999996,19,14.9,13,2,0,0,0,4.684210526315789,0.0016776543680431068,0.21052631578947367,1.0,0.0397489539748954,0.8947368421052632,0.7368421052631579,0.0258751902587519,7.823529411764706,2.8526315789473684,19.0,17.0
00-0036860,Jake Funk,2021,LA,5,233.0,7.0,0,23.638603696098563,3,0.3333333333333333,0.0,0.0,0.3333333333333333,0.013157894736842105,0.0,0.0,0.09000000000000001,6.0,-0.2241810944397,0.0,0.0,,,2.0,0.19999999999999998,1,0.0,5,0.4,0.0,0.0,0.4,0.013986013986013986,0.0,0.0,0.06000000000000001,2.5,-0.516179206606466,0.0,0.0,,,1.0,0.1,2,0.0,3.1,4,3.2,2,2,0,0,0,3.0,-0.5640221564875293,0.0,0.75,0.02702702702702703,0.25,0.25,0.006493506493506494,12.0,0.775,3.0,1.0
00-0036875,Rhamondre Stevenson,2021,NE,12,120.0,4.0,0,23.520876112251884,3,5.666666666666667,1.3333333333333333,1.3333333333333333,7.0,0.19540229885057472,0.04597701149425287,0.05970149253731343,0.24666666666666667,2.823529411764706,-0.12170917808886272,0.29411764705882354,0.11764705882352941,12.0,-0.7293021009245424,32.0,5.866666666666666,17,4.0,12,11.083333333333334,1.5,1.1666666666666667,12.25,0.34908136482939633,0.05421686746987952,0.05907172995780591,0.3491666666666667,4.556390977443609,0.016786188585917204,0.46616541353383456,0.24812030075187969,6.833333333333333,-0.16874456306363245,60.75,9.575,133,18.0,871.6999999999999,70,749.5,58,4,1,1,0,4.396470588235294,-0.09049195540045003,0.4,12.142857142857142,0.44525929806181247,3.4571428571428573,2.7285714285714286,0.11645813282001925,5.413223140495868,12.452857142857141,850.0,242.0
00-0036893,Najee Harris,2021,PIT,17,24.0,1.0,0,23.482546201232033,3,13.333333333333334,9.0,6.666666666666667,20.0,0.8,0.2076923076923077,0.24096385542168675,0.9666666666666667,3.075,-0.29095517625100925,0.15,0.15,5.518518518518518,0.05012552740662,90.66666666666667,17.733333333333334,40,27.0,17,18.058823529411764,5.529411764705882,4.352941176470588,22.41176470588235,0.7469586374695864,0.1439509954058193,0.17411764705882352,0.838235294117647,3.9087947882736156,-0.06313653667357559,0.3713355048859935,0.20195439739413681,4.968085106382978,-0.050768912924394116,98.05882352941177,17.688235294117646,307,94.0,890.46,70,637.16,54,4,3,0,1,3.970506912442396,-0.07462422257887756,0.3898617511520737,15.5,0.5387288977159881,2.9857142857142858,2.3285714285714287,0.09613615455381785,4.904306220095694,12.720857142857144,1085.0,209.0
00-0036906,Khalil Herbert,2021,CHI,16,217.0,6.0,0,23.364818617385353,3,1.0,0.0,0.0,1.0,0.038461538461538464,0.0,0.0,0.056666666666666664,2.3333333333333335,-0.44173391029471665,0.0,0.0,,,2.3333333333333335,0.2333333333333333,3,0.0,16,6.4375,1.0,0.875,7.3125,0.23356009070294784,0.031936127744510975,0.04416403785488959,0.2925,4.203883495145631,-0.02898251797972266,0.39805825242718446,0.23300970873786409,6.0,-0.04784501357676766,33.0625,4.93125,103,16.0,346.6,54,268.4,41,4,0,0,0,4.721549636803874,-0.005493967736945631,0.39951573849878935,7.648148148148148,0.26731391585760517,1.3703703703703705,1.0,0.04528763769889841,4.27027027027027,6.4185185185185185,413.0,74.0
00-0036919,Kenny Gainwell,2021,PHI,16,150.0,5.0,0,22.469541409993155,3,5.333333333333333,3.3333333333333335,2.3333333333333335,7.666666666666667,0.2222222222222222,0.10638297872340426,0.109375,0.33,3.3125,-0.23295448552504683,0.4375,0.1875,5.6,0.1645190111652486,36.333333333333336,8.633333333333333,16,10.0,16,4.25,3.125,2.0625,6.3125,0.136,0.11235955056179775,0.11224489795918367,0.28,4.279411764705882,0.04044954812305669,0.4852941176470588,0.27941176470588236,5.06,0.08827992077996873,34.0,7.7125,68,50.0,576.98,83,469.18000000000006,67,4,1,0,0,4.355670103092783,-0.03040450267148034,0.4072164948453608,4.674698795180723,0.15348101265822786,2.6867469879518073,2.0963855421686746,0.09314954051796157,5.260089686098655,6.951566265060241,388.0,223.0
00-0036924,Michael Carter,2021,NYJ,14,107.0,4.0,0,22.321697467488022,3,8.0,2.6666666666666665,1.6666666666666667,9.666666666666666,0.39344262295081966,0.0784313725490196,0.08620689655172414,0.37666666666666665,3.7083333333333335,-0.09266378748725408,0.3333333333333333,0.20833333333333334,6.0,-0.03495931903307739,45.666666666666664,6.233333333333334,24,8.0,14,10.5,3.9285714285714284,2.5714285714285716,13.071428571428571,0.47115384615384615,0.11410788381742738,0.11960132890365449,0.49571428571428566,4.346938775510204,-0.04344314215322608,0.3877551020408163,0.19727891156462585,5.909090909090909,-0.09629279258592237,68.85714285714286,11.02857142857143,147,55.0,455.3,58,319.59999999999997,47,4,0,0,0,4.068527918781726,-0.07645459286489467,0.3883248730964467,6.793103448275862,0.2920681986656783,3.2413793103448274,2.413793103448276,0.0935788949726232,5.26595744680851,7.8500000000000005,394.0,188.0
00-0036973,Travis Etienne,2022,JAX,17,25.0,1.0,0,23.59753593429158,3,8.666666666666666,3.3333333333333335,2.6666666666666665,11.333333333333334,0.2857142857142857,0.09433962264150944,0.1038961038961039,0.4366666666666667,4.3076923076923075,-0.10084784494224881,0.4230769230769231,0.23076923076923078,8.1,0.18673884595913398,64.33333333333333,9.1,26,10.0,17,12.941176470588236,2.6470588235294117,2.0588235294117645,15.0,0.49107142857142855,0.078397212543554,0.08883248730964467,0.5923529411764706,5.113636363636363,-0.039516129113815614,0.40454545454545454,0.23636363636363636,7.022222222222222,0.10515357885447447,84.76470588235294,12.064705882352943,220,45.0,875.1999999999999,66,666.5,49,3,2,2,1,4.2330743618202,-0.0937076509932262,0.3706992230854606,13.651515151515152,0.5205083766608897,3.409090909090909,2.590909090909091,0.10144274120829576,5.8133333333333335,13.26060606060606,901.0,225.0
00-0036984,Trey Sermon,2021,SF,6,88.0,3.0,0,22.587268993839835,3,10.0,1.0,0.6666666666666666,10.666666666666666,0.3409090909090909,0.028037383177570093,0.02857142857142857,0.36999999999999994,4.266666666666667,-0.01521087547395544,0.5,0.23333333333333334,1.0,0.098266446419681,43.666666666666664,7.033333333333334,30,3.0,6,6.833333333333333,0.6666666666666666,0.5,7.333333333333333,0.20297029702970298,0.022988505747126436,0.02586206896551724,0.2483333333333333,4.073170731707317,-0.04088860971032561,0.43902439024390244,0.21951219512195122,6.5,0.3970486730104308,32.166666666666664,4.716666666666667,41,4.0,83.2,30,76.0,27,4,0,0,0,3.625,-0.10839665675245855,0.3557692307692308,3.466666666666667,0.11594202898550725,0.8666666666666667,0.6666666666666666,0.028792912513842746,5.1923076923076925,2.7733333333333334,104.0,26.0
00-0036997,Javonte Williams,2021,DEN,17,35.0,2.0,0,21.352498288843258,3,13.0,2.0,1.6666666666666667,14.666666666666666,0.4105263157894737,0.06451612903225806,0.0684931506849315,0.4366666666666667,3.5384615384615383,-0.33170858947546256,0.3333333333333333,0.23076923076923078,6.5,0.26329036551760626,59.0,8.9,39,6.0,17,11.941176470588236,3.1176470588235294,2.5294117647058822,14.470588235294118,0.4461538461538462,0.10251450676982592,0.12146892655367232,0.5070588235294117,4.448275862068965,-0.0850359367621951,0.3891625615763547,0.2561576354679803,5.962264150943396,0.14192978528461864,71.70588235294117,12.052941176470588,203,53.0,850.5999999999999,70,621.9000000000001,53,4,1,1,1,4.206496519721577,-0.07352413076018531,0.39559164733178653,12.314285714285715,0.4639397201291712,3.7142857142857144,2.8285714285714287,0.11638316920322292,4.3076923076923075,12.15142857142857,862.0,260.0
00-0037087,Trestan Ebner,2022,CHI,11,203.0,6.0,0,23.66324435318275,3,2.3333333333333335,0.3333333333333333,0.0,2.3333333333333335,0.0673076923076923,0.022727272727272728,0.0,0.10333333333333333,3.2857142857142856,-0.2552411796558386,0.42857142857142855,0.14285714285714285,0.0,-0.57123872730881,7.666666666666667,0.7666666666666666,7,1.0,11,2.1818181818181817,0.7272727272727273,0.18181818181818182,2.3636363636363638,0.06593406593406594,0.03669724770642202,0.015037593984962405,0.11545454545454546,2.25,-0.34806123131662997,0.2916666666666667,0.08333333333333333,1.0,-0.5063176429003321,5.636363636363637,0.5636363636363636,24,8.0,3.8999999999999995,8,0.0,0,0,0,0,0,1.8235294117647058,-0.38628125258872054,0.23529411764705882,2.125,0.06538461538461539,0.875,0.25,0.040229885057471264,1.1428571428571428,0.48749999999999993,17.0,7.0
00-0037157,Bam Knight,2022,NYJ,7,,,1,21.39082819986311,3,15.333333333333334,3.3333333333333335,3.3333333333333335,18.666666666666668,0.5897435897435898,0.07874015748031496,0.12345679012345678,0.5,5.0,0.06281739470748868,0.43478260869565216,0.2608695652173913,6.8,0.238659597549122,99.33333333333333,15.266666666666666,46,10.0,7,12.142857142857142,2.0,1.8571428571428572,14.0,0.5414012738853503,0.05223880597014925,0.08176100628930817,0.41428571428571426,3.5294117647058822,-0.16276483865500824,0.32941176470588235,0.16470588235294117,7.142857142857143,0.28618457706345757,57.142857142857146,8.428571428571427,85,14.0,111.60000000000001,19,96.0,14,2,0,0,0,2.984126984126984,-0.27335852520515425,0.3253968253968254,6.631578947368421,0.302158273381295,1.894736842105263,1.368421052631579,0.05240174672489083,5.555555555555555,5.873684210526316,126.0,36.0
00-0037197,Isiah Pacheco,2022,KC,17,251.0,7.0,0,23.50171115674196,3,5.666666666666667,0.0,0.0,5.666666666666667,0.25,0.0,0.0,0.13333333333333333,4.529411764705882,-0.14315954645280723,0.4117647058823529,0.23529411764705882,,,25.666666666666668,4.566666666666666,17,0.0,17,10.0,0.8235294117647058,0.7647058823529411,10.764705882352942,0.407673860911271,0.02280130293159609,0.029885057471264367,0.3123529411764706,4.882352941176471,-0.022577758043827785,0.48823529411764705,0.21764705882352942,9.285714285714286,0.3795435879479293,56.470588235294116,7.9411764705882355,170,14.0,479.40000000000003,48,358.09999999999997,34,3,1,0,0,4.400715563506261,-0.05980725814940443,0.41144901610017887,11.645833333333334,0.46274834437086093,2.1875,1.8333333333333333,0.06340579710144928,5.276190476190476,9.9875,559.0,105.0
00-0037228,Jaylen Warren,2022,PIT,16,,,1,23.83299110198494,3,3.6666666666666665,1.0,0.6666666666666666,4.333333333333333,0.16666666666666666,0.0297029702970297,0.03225806451612903,0.2866666666666666,4.7272727272727275,0.14222978637553718,0.5454545454545454,0.2727272727272727,1.0,-0.8760626698977746,18.333333333333332,2.5,11,3.0,16,4.8125,2.0625,1.75,6.5625,0.16594827586206898,0.06346153846153846,0.08139534883720931,0.311875,4.922077922077922,0.1089635219122086,0.4155844155844156,0.2597402597402597,6.484848484848484,0.32155067102769547,37.0625,5.831250000000001,77,33.0,679.6,65,537.5999999999999,48,3,2,0,0,4.8069883527454245,-0.01735607940200004,0.40266222961730447,9.246153846153845,0.32913472070098576,3.3230769230769233,2.7384615384615385,0.11082606464853771,6.328703703703703,10.455384615384617,601.0,216.0
00-0037248,James Cook,2022,BUF,16,63.0,2.0,0,22.934976043805612,3,4.333333333333333,2.0,1.3333333333333333,5.666666666666667,0.18055555555555555,0.047244094488188976,0.0425531914893617,0.14333333333333334,4.461538461538462,-0.3010559270131544,0.38461538461538464,0.3076923076923077,6.166666666666667,0.4128079039995407,31.666666666666668,3.8333333333333335,13,6.0,16,5.5625,2.0,1.3125,6.875,0.2069767441860465,0.05807622504537205,0.05817174515235457,0.251875,5.696629213483146,0.07304354543795066,0.449438202247191,0.2696629213483146,5.625,0.12102301299283609,42.9375,6.606249999999999,89,32.0,946.0,66,801.6000000000001,50,3,3,3,0,5.126268320180383,0.027924476583349882,0.44419391206313413,13.43939393939394,0.45139949109414756,2.515151515151515,1.9696969696969697,0.08291708291708291,6.945783132530121,14.333333333333334,887.0,166.0
00-0037256,Rachaad White,2022,TB,17,91.0,3.0,0,23.63586584531143,3,2.6666666666666665,1.3333333333333333,0.6666666666666666,3.3333333333333335,0.1038961038961039,0.04,0.029850746268656716,0.16333333333333333,1.875,-0.2878049916398593,0.25,0.125,1.75,-0.5534236711391708,7.333333333333333,1.3999999999999997,8,4.0,17,7.588235294117647,3.411764705882353,2.9411764705882355,10.529411764705882,0.33419689119170987,0.08011049723756906,0.10020040080160321,0.37823529411764706,3.7286821705426356,-0.13920287321519662,0.35658914728682173,0.20930232558139536,5.0,0.12021391744000803,45.35294117647059,8.299999999999999,129,58.0,777.4999999999999,66,610.5,49,3,2,1,0,3.9667149059334297,-0.09650678761604613,0.3835021707670043,10.469696969696969,0.39873052510098095,3.5606060606060606,3.212121212121212,0.10199652777777778,6.357446808510638,11.78030303030303,691.0,235.0
00-0037258,Dameon Pierce,2022,HOU,13,107.0,4.0,0,22.532511978097194,3,15.333333333333334,1.3333333333333333,1.3333333333333333,16.666666666666668,0.6571428571428571,0.038461538461538464,0.06451612903225806,0.5,3.9565217391304346,-0.07726162244980793,0.4782608695652174,0.2826086956521739,8.75,0.5321087492047812,72.33333333333333,10.566666666666668,46,4.0,13,16.923076923076923,3.0,2.3076923076923075,19.23076923076923,0.7432432432432432,0.0924170616113744,0.11152416356877323,0.6438461538461537,4.2681818181818185,-0.12700177399124407,0.37727272727272726,0.24545454545454545,4.230769230769231,-0.2262597561639266,84.92307692307692,12.799999999999999,220,39.0,264.50000000000006,39,129.79999999999998,29,3,0,0,0,4.02680965147453,-0.16606313987429877,0.30294906166219837,9.564102564102564,0.3748743718592965,1.4615384615384615,1.0512820512820513,0.045636509207365894,4.087719298245614,6.782051282051284,373.0,57.0
00-0037263,Tyler Allgeier,2022,ATL,16,151.0,5.0,0,22.379192334017795,3,8.666666666666666,0.6666666666666666,0.6666666666666666,9.333333333333334,0.27956989247311825,0.03225806451612903,0.05405405405405406,0.3733333333333333,5.346153846153846,-0.04621260873764073,0.38461538461538464,0.15384615384615385,12.5,1.548325278359697,54.666666666666664,6.133333333333333,26,2.0,16,13.125,1.0625,1.0,14.125,0.40307101727447214,0.04619565217391304,0.06751054852320675,0.50875,4.928571428571429,0.05401228395570568,0.42857142857142855,0.2523809523809524,8.176470588235293,0.41913642513442434,73.375,9.9625,210,17.0,525.5999999999999,67,366.79999999999995,51,3,0,0,0,4.164688427299703,-0.0344755473948619,0.413946587537092,10.059701492537313,0.337,1.1194029850746268,1.0,0.037783375314861464,6.92,7.844776119402984,674.0,75.0
00-0037265,Snoop Conner,2022,JAX,5,154.0,5.0,0,22.083504449007528,3,1.6666666666666667,0.0,0.0,1.6666666666666667,0.07575757575757576,0.0,0.0,0.09000000000000001,4.0,-0.15032091084867719,0.2,0.2,,,6.666666666666667,0.6666666666666666,5,0.0,5,2.4,0.0,0.0,2.4,0.08955223880597014,0.0,0.0,0.10400000000000001,3.5,-0.17101905265493156,0.25,0.16666666666666666,,,8.4,2.04,12,0.0,8.2,2,0.0,0,0,0,0,0,3.142857142857143,-0.185803439659399,0.2857142857142857,3.5,0.10294117647058823,0.0,0.0,0.0,,4.1,7.0,0.0
00-0037267,Jerome Ford,2022,CLE,13,156.0,5.0,0,22.97056810403833,3,0.0,0.0,0.0,0.0,0.0,0.0,0.0,0.0,,,,,,,0.0,0.0,0,0.0,13,0.6153846153846154,0.0,0.0,0.6153846153846154,0.01927710843373494,0.0,0.0,0.01769230769230769,1.5,-0.4286372637389112,0.125,0.125,,,0.9230769230769231,0.0923076923076923,8,0.0,389.99999999999994,54,388.79999999999995,44,3,1,0,0,4.302941176470588,-0.11089231979918666,0.3323529411764706,6.296296296296297,0.23097826086956522,2.5555555555555554,1.9814814814814814,0.0754510661563696,4.688405797101449,7.222222222222221,340.0,138.0
00-0037286,Kevin Harris,2022,NE,5,183.0,6.0,0,21.78781656399726,3,4.0,0.0,0.0,4.0,0.1875,0.0,0.0,0.22666666666666666,2.5,-0.13123127164726575,0.3333333333333333,0.08333333333333333,,,10.0,3.0,12,0.0,5,3.6,0.0,0.0,3.6,0.16071428571428573,0.0,0.0,0.172,2.888888888888889,-0.1078303387653753,0.3333333333333333,0.16666666666666666,,,10.4,2.24,18,0.0,23.5,6,21.3,4,1,0,0,0,3.9545454545454546,-0.12029726782400975,0.36363636363636365,3.6666666666666665,0.16923076923076924,0.5,0.5,0.017045454545454544,19.333333333333332,3.9166666666666665,22.0,3.0
00-0037299,Keaontay Ingram,2022,ARI,11,201.0,6.0,0,22.850102669404517,3,4.0,0.6666666666666666,0.6666666666666666,4.666666666666667,0.1518987341772152,0.018518518518518517,0.02702702702702703,0.14333333333333334,1.75,-0.40461912949346407,0.25,0.16666666666666666,11.5,0.577684749790935,14.666666666666666,4.133333333333333,12,2.0,11,2.4545454545454546,0.45454545454545453,0.36363636363636365,2.8181818181818183,0.0989010989010989,0.01282051282051282,0.015037593984962405,0.14363636363636365,2.2222222222222223,-0.34190169135992476,0.18518518518518517,0.14814814814814814,4.2,-0.643910140264778,7.363636363636363,1.6454545454545453,27,5.0,19.7,16,14.0,8,2,0,0,0,2.26,-0.3138525430044134,0.18,3.125,0.11904761904761904,0.4375,0.375,0.01338432122370937,3.4285714285714284,1.23125,50.0,7.0
00-0037331,Zander Horvath,2022,LAC,8,260.0,7.0,0,23.72621492128679,3,0.3333333333333333,1.6666666666666667,1.0,1.3333333333333333,0.014925373134328358,0.04132231404958678,0.03571428571428571,0.12666666666666668,2.0,0.508119004080072,1.0,1.0,1.4,0.1517479036701842,3.0,5.3,1,5.0,8,0.5,1.0,0.625,1.125,0.020202020202020204,0.025806451612903226,0.02336448598130841,0.1275,2.0,0.05581447135045803,0.5,0.5,1.0,-0.07770259148674089,2.0,2.325,4,8.0,2.7,5,0.0,0,0,0,0,0,2.0,-0.09495370622607997,0.3333333333333333,0.6,0.022900763358778626,0.6,0.4,0.015873015873015872,0.3333333333333333,0.54,3.0,3.0
00-0037429,Raheem Blackshear,2022,CAR,13,,,1,24.240930869267626,3,0.6666666666666666,0.0,0.0,0.6666666666666666,0.03076923076923077,0.0,0.0,0.03333333333333333,-2.5,-1.068166612356435,0.0,0.0,,,-1.6666666666666667,-0.16666666666666666,2,0.0,13,1.7692307692307692,0.9230769230769231,0.7692307692307693,2.5384615384615383,0.05793450881612091,0.03821656050955414,0.04926108374384237,0.10153846153846155,3.347826086956522,0.05520950200709339,0.43478260869565216,0.30434782608695654,7.75,0.07672216705638403,13.076923076923077,3.4615384615384617,23,12.0,70.60000000000001,35,25.099999999999998,25,2,0,0,0,4.16,-0.01391013183565052,0.34,1.4285714285714286,0.05159958720330237,0.5428571428571428,0.45714285714285713,0.019114688128772636,7.2631578947368425,2.0171428571428573,50.0,19.0
00-0037456,Troy Hairston,2022,HOU,12,,,1,23.731690622861056,3,0.0,0.3333333333333333,0.3333333333333333,0.3333333333333333,0.0,0.01,0.014925373134328358,0.26,,,,,5.0,0.146766353398561,1.6666666666666667,0.5,0,1.0,12,0.0,0.6666666666666666,0.4166666666666667,0.4166666666666667,0.0,0.020356234096692113,0.02074688796680498,0.17166666666666666,,,,,2.375,-0.7731031658768188,1.5833333333333333,0.5750000000000001,0,8.0,5.4,11,0.0,2,1,0,0,0,,,,0.0,0.0,0.6363636363636364,0.36363636363636365,0.020114942528735632,2.0,0.49090909090909096,0.0,7.0
00-0037525,Jordan Mason,2022,SF,12,,,1,23.274469541409992,3,0.3333333333333333,0.0,0.0,0.3333333333333333,0.009900990099009901,0.0,0.0,0.03,7.0,0.218898967606947,1.0,0.0,,,2.3333333333333335,0.2333333333333333,1,0.0,12,3.5833333333333335,0.0,0.0,3.5833333333333335,0.11286089238845144,0.0,0.0,0.10333333333333333,6.0,0.06878243008260287,0.4883720930232558,0.23255813953488372,,,21.5,2.65,43,0.0,331.59999999999997,54,288.59999999999997,44,3,0,0,0,5.0440097799511,-0.014164892507439741,0.43276283618581907,7.574074074074074,0.2724850099933378,0.6296296296296297,0.5185185185185185,0.02236842105263158,5.088235294117647,6.14074074074074,409.0,34.0
00-0037563,Malik Davis,2022,DAL,6,,,1,23.76454483230664,3,6.666666666666667,1.6666666666666667,1.3333333333333333,8.0,0.2,0.05,0.05405405405405406,0.21333333333333335,3.7,-0.20227026484623697,0.3,0.15,8.0,0.825123786443146,38.0,5.133333333333333,20,5.0,6,6.333333333333333,1.1666666666666667,1.0,7.333333333333333,0.19689119170984457,0.033816425120772944,0.043795620437956206,0.18333333333333335,4.2368421052631575,-0.09216322097839683,0.3157894736842105,0.15789473684210525,9.0,0.9701460282043886,37.333333333333336,5.733333333333333,38,7.0,59.599999999999994,14,40.6,11,2,0,0,0,4.814285714285714,0.01937993206125342,0.38571428571428573,5.0,0.17326732673267325,0.5,0.2857142857142857,0.01417004048582996,5.571428571428571,4.257142857142857,70.0,7.0
00-0037594,Julius Chestnut,2022,TEN,6,,,1,21.848049281314168,3,1.6666666666666667,0.6666666666666666,0.6666666666666666,2.3333333333333335,0.07352941176470588,0.02247191011235955,0.03389830508474576,0.08333333333333333,2.6,-0.513587829878088,0.0,0.2,4.0,-0.609685156610795,7.0,1.3666666666666665,5,2.0,6,1.5,0.5,0.5,2.0,0.05555555555555555,0.017241379310344827,0.02654867256637168,0.07833333333333332,1.3333333333333333,-0.55409441284913,0.0,0.1111111111111111,13.666666666666666,0.26038431166671333,8.833333333333334,1.3833333333333335,9,3.0,21.5,34,17.300000000000004,29,3,0,0,0,3.810810810810811,-0.24417560415104456,0.3783783783783784,1.088235294117647,0.043683589138134596,0.17647058823529413,0.08823529411764706,0.005888125613346418,7.333333333333333,0.6323529411764706,37.0,6.0
00-0037617,Hassan Haskins,2022,TEN,14,131.0,4.0,0,22.765229295003422,3,3.0,0.3333333333333333,0.3333333333333333,3.3333333333333335,0.10975609756097561,0.014285714285714285,0.020833333333333332,0.19000000000000003,4.111111111111111,0.01779504675262922,0.5555555555555556,0.2222222222222222,0.0,-0.96288502914831,12.333333333333334,1.5666666666666667,9,1.0,14,1.7857142857142858,0.8571428571428571,0.7857142857142857,2.5714285714285716,0.05952380952380952,0.03508771929824561,0.049107142857142856,0.1692857142857143,3.72,-0.09810675957705836,0.32,0.2,4.75,-0.3034434955140265,10.714285714285714,1.8571428571428574,25,12.0,64.1,34,42.79999999999999,23,2,0,0,0,2.8656716417910446,-0.13701217352767098,0.31343283582089554,1.9705882352941178,0.06914344685242518,0.5294117647058824,0.5,0.017664376840039256,6.611111111111111,1.8852941176470586,67.0,18.0
00-0037746,Brian Robinson,2022,WAS,12,98.0,3.0,0,23.446954140999317,3,15.333333333333334,0.6666666666666666,0.6666666666666666,16.0,0.5542168674698795,0.02197802197802198,0.03508771929824561,0.41,3.369565217391304,-0.07704270386982355,0.34782608695652173,0.1956521739130435,6.5,0.616420374659355,56.0,8.266666666666666,46,2.0,12,17.083333333333332,1.0,0.75,17.833333333333332,0.5137844611528822,0.03468208092485549,0.03982300884955752,0.42250000000000004,3.8878048780487804,-0.03041657131511683,0.4195121951219512,0.23902439024390243,5.0,-0.17170560224622092,71.41666666666667,9.391666666666666,205,12.0,531.1,58,420.4,46,3,1,0,0,4.188854489164087,-0.051898479021069796,0.4148606811145511,11.137931034482758,0.387987987987988,1.5862068965517242,1.2586206896551724,0.050190943807965085,6.684782608695652,9.156896551724138,646.0,92.0
00-0037827,Tyrion Davis-Price,2022,SF,5,93.0,3.0,0,21.856262833675565,3,8.333333333333334,0.6666666666666666,0.0,8.333333333333334,0.2717391304347826,0.02197802197802198,0.0,0.26666666666666666,2.68,-0.3342291763110552,0.2,0.12,0.0,-0.466419461328769,22.333333333333332,2.233333333333333,25,2.0,5,6.8,0.4,0.0,6.8,0.21794871794871795,0.013793103448275862,0.0,0.2,2.911764705882353,-0.39802238636441295,0.20588235294117646,0.14705882352941177,0.0,-0.466419461328769,19.8,1.9799999999999998,34,2.0,6.000000000000001,4,2.8,2,2,0,0,0,3.3333333333333335,-0.597918892664085,0.2777777777777778,4.5,0.12244897959183673,0.0,0.0,0.0,,1.5000000000000002,18.0,0.0
00-0037840,Kyren Williams,2022,LA,8,164.0,5.0,0,22.015058179329227,3,6.333333333333333,2.6666666666666665,2.3333333333333335,8.666666666666666,0.24358974358974358,0.09090909090909091,0.12727272727272726,0.5066666666666667,4.2105263157894735,-0.1511780296984795,0.42105263157894735,0.15789473684210525,7.875,0.4008845515365582,47.666666666666664,7.1000000000000005,19,8.0,8,4.375,1.5,1.125,5.5,0.1650943396226415,0.056338028169014086,0.06521739130434782,0.29625,3.9714285714285715,-0.12149244052564132,0.37142857142857144,0.17142857142857143,6.333333333333333,-0.1394004005838043,26.875,3.8125000000000004,35,12.0,852.6,53,790.4,45,3,3,3,0,4.630105017502917,0.002743456425609893,0.46557759626604434,16.169811320754718,0.5947258848022207,2.9056603773584904,2.169811320754717,0.08901734104046242,5.116883116883117,16.08679245283019,857.0,154.0
00-0038040,Zamir White,2022,LV,11,122.0,4.0,0,22.954140999315538,3,1.3333333333333333,0.0,0.0,1.3333333333333333,0.04819277108433735,0.0,0.0,0.06,4.75,0.00529231528344104,0.25,0.25,,,6.333333333333333,0.6333333333333334,4,0.0,11,1.5454545454545454,0.0,0.0,1.5454545454545454,0.05519480519480519,0.0,0.0,0.05,4.117647058823529,-0.08897357652826704,0.29411764705882354,0.23529411764705882,,,6.363636363636363,0.6363636363636365,17,0.0,117.89999999999999,34,112.8,26,3,0,0,0,3.695876288659794,-0.3251721524045952,0.27835051546391754,5.705882352941177,0.22823529411764706,0.9705882352941176,0.7352941176470589,0.03089887640449438,4.606060606060606,3.467647058823529,194.0,33.0
00-0038045,Isaiah Spiller,2022,LAC,5,123.0,4.0,0,21.062286105407257,3,4.0,0.0,0.0,4.0,0.21818181818181817,0.0,0.0,0.14,2.25,-0.3569613982108422,0.16666666666666666,0.08333333333333333,,,9.0,0.8999999999999999,12,0.0,5,3.6,0.6,0.6,4.2,0.1836734693877551,0.014634146341463415,0.02112676056338028,0.158,2.2777777777777777,-0.39500823286491316,0.16666666666666666,0.1111111111111111,4.333333333333333,-0.050344471683881,10.8,1.6800000000000002,18,3.0,24.7,11,19.0,9,1,0,0,0,2.558139534883721,-0.39971085143719526,0.18604651162790697,3.909090909090909,0.16412213740458015,0.8181818181818182,0.8181818181818182,0.022332506203473945,5.222222222222222,2.2454545454545456,43.0,9.0
00-0038098,Pierre Strong,2022,NE,10,127.0,4.0,0,23.72621492128679,3,0.3333333333333333,0.0,0.0,0.3333333333333333,0.010638297872340425,0.0,0.0,0.03333333333333333,5.0,0.22793570405338,1.0,0.0,,,1.6666666666666667,0.16666666666666666,1,0.0,10,1.0,0.7,0.7,1.7,0.0398406374501992,0.022292993630573247,0.03211009174311927,0.07500000000000001,10.0,0.573718278732849,0.7,0.5,6.0,0.1428884002795837,14.2,2.7199999999999998,10,7.0,104.7,36,78.00000000000001,29,2,0,0,0,5.040816326530612,-0.07024411100859063,0.41836734693877553,2.7222222222222223,0.10251046025104603,1.0277777777777777,0.7222222222222222,0.028861154446177848,5.216216216216216,2.908333333333333,98.0,37.0
00-0038120,Breece Hall,2022,NYJ,7,36.0,2.0,0,21.253935660506503,3,7.0,7.0,4.333333333333333,11.333333333333334,0.3684210526315789,0.14189189189189189,0.14130434782608695,0.41,5.333333333333333,0.046512711172302504,0.38095238095238093,0.19047619047619047,4.809523809523809,-0.22882162889172714,71.0,12.766666666666666,21,21.0,7,11.428571428571429,4.428571428571429,2.7142857142857144,14.142857142857142,0.45454545454545453,0.128099173553719,0.12582781456953643,0.4928571428571429,5.7875,0.17361387103592266,0.4125,0.25,7.032258064516129,-0.04621588080142316,97.28571428571429,16.442857142857143,80,31.0,858.36,56,739.0600000000001,49,3,3,1,0,4.393630573248408,-0.07610555449115813,0.3719745222929936,14.017857142857142,0.5742501828822238,4.267857142857143,3.3035714285714284,0.13641552511415525,6.874476987447698,15.327857142857143,785.0,239.0
00-0038134,Kenneth Walker III,2022,SEA,15,41.0,2.0,0,21.864476386036962,3,5.0,2.3333333333333335,2.0,7.0,0.21428571428571427,0.06796116504854369,0.0759493670886076,0.24666666666666667,3.8666666666666667,-0.2139281957604302,0.3333333333333333,0.26666666666666666,2.0,-0.48957504478416286,24.0,4.4,15,7.0,15,15.2,2.3333333333333335,1.8,17.0,0.5816326530612245,0.07142857142857142,0.07605633802816901,0.586,4.605263157894737,-0.06495842805997251,0.3333333333333333,0.2236842105263158,4.714285714285714,-0.34167464143995685,81.0,13.5,228,35.0,840.9999999999999,58,572.5,43,3,2,0,1,4.428243398392652,-0.04750604600830655,0.3823191733639495,15.017241379310345,0.5787375415282392,2.9655172413793105,2.3793103448275863,0.09560867148415786,6.238372093023256,14.499999999999998,871.0,172.0
00-0038389,Israel Abanikanda,2023,NYJ,6,143.0,5.0,0,20.906228610540726,3,2.6666666666666665,1.3333333333333333,1.0,3.6666666666666665,0.14285714285714285,0.041666666666666664,0.05,0.21,2.25,-0.3172276103896975,0.25,0.125,4.0,-0.086403059467557,11.333333333333334,2.1333333333333333,8,4.0,6,3.6666666666666665,1.8333333333333333,1.1666666666666667,4.833333333333333,0.14193548387096774,0.054187192118226604,0.05511811023622047,0.19166666666666668,3.1818181818181817,-0.13388788249360406,0.36363636363636365,0.13636363636363635,3.909090909090909,-0.11049888684647163,18.833333333333332,3.0500000000000003,22,11.0,11.9,3,0.0,0,0,0,0,0,3.7142857142857144,-0.029122323695836356,0.42857142857142855,4.666666666666667,0.1414141414141414,2.3333333333333335,1.3333333333333333,0.06542056074766354,3.857142857142857,3.966666666666667,14.0,7.0
00-0038396,Eric Gray,2023,NYG,10,172.0,5.0,0,23.824777549623544,3,0.0,0.0,0.0,0.0,0.0,0.0,0.0,0.0,,,,,,,0.0,0.0,0,0.0,10,1.7,0.7,0.6,2.3,0.06640625,0.021806853582554516,0.025974025974025976,0.09,2.823529411764706,-0.46435457875144087,0.23529411764705882,0.11764705882352941,3.142857142857143,-0.5356351592844086,7.0,1.3,17,7.0,32.300000000000004,22,19.3,15,2,0,0,0,2.5483870967741935,-0.7727065746890254,0.22580645161290322,1.4090909090909092,0.05344827586206897,0.8181818181818182,0.7272727272727273,0.02531645569620253,5.777777777777778,1.4681818181818185,31.0,18.0
00-0038454,Keaton Mitchell,2023,BAL,7,,,1,21.620807665982205,3,4.0,1.3333333333333333,1.0,5.0,0.13043478260869565,0.04819277108433735,0.05,0.15,14.333333333333334,0.9974817379406883,0.5833333333333334,0.5,9.25,0.009344976943429034,69.66666666666667,11.966666666666667,12,4.0,7,6.714285714285714,1.5714285714285714,1.2857142857142858,8.0,0.2079646017699115,0.05527638190954774,0.06818181818181818,0.27999999999999997,8.425531914893616,0.3702769057101948,0.5106382978723404,0.40425531914893614,8.454545454545455,0.23561241055808296,69.85714285714286,9.985714285714286,47,11.0,115.7,24,62.2,17,2,0,0,0,5.396825396825397,0.006849018673032936,0.3888888888888889,5.25,0.1662269129287599,1.0,0.8333333333333334,0.03915171288743882,6.541666666666667,4.820833333333334,126.0,24.0
00-0038488,Brady Russell,2023,SEA,6,,,1,25.00205338809035,3,0.0,0.0,0.0,0.0,0.0,0.0,0.0,0.030000000000000002,,,,,,,0.0,0.0,0,0.0,6,0.0,0.0,0.0,0.0,0.0,0.0,0.0,0.015000000000000001,,,,,,,0.0,0.0,0,0.0,7.0,23,0.0,18,2,0,0,0,,,,0.0,0.0,0.17391304347826086,0.13043478260869565,0.005517241379310344,10.0,0.30434782608695654,0.0,4.0
00-0038489,Ben VanSumeren,2023,PHI,5,,,1,23.32375085557837,3,0.0,0.0,0.0,0.0,0.0,0.0,0.0,0.0,,,,,,,0.0,0.0,0,0.0,5,0.0,0.0,0.0,0.0,0.0,0.0,0.0,0.0,,,,,,,0.0,0.0,0,0.0,1.0,7,1.0,3,1,0,0,0,,,,0.0,0.0,0.14285714285714285,0.14285714285714285,0.005555555555555556,0.0,0.14285714285714285,0.0,1.0
00-0038542,Bijan Robinson,2023,ATL,17,8.0,1.0,0,21.585215605749486,3,13.0,5.666666666666667,4.666666666666667,17.666666666666668,0.42857142857142855,0.19767441860465115,0.2545454545454545,0.7200000000000001,5.461538461538462,0.05756103044611,0.46153846153846156,0.3333333333333333,6.0,0.09575764698948805,105.0,17.166666666666668,39,17.0,17,12.588235294117647,5.0588235294117645,3.411764705882353,16.0,0.4099616858237548,0.16929133858267717,0.17737003058103976,0.68,4.5607476635514015,-0.1247956606641141,0.34579439252336447,0.2336448598130841,5.662790697674419,-0.150182520005292,86.05882352941177,14.488235294117645,214,86.0,984.9999999999999,51,712.5,34,2,2,2,1,4.862980769230769,-0.02224886785620183,0.43149038461538464,16.313725490196077,0.5520902455209025,5.098039215686274,3.8627450980392157,0.16741790083708952,6.746153846153846,19.313725490196077,832.0,260.0
00-0038551,Kendre Miller,2023,NO,7,71.0,3.0,0,21.22381930184805,3,7.333333333333333,2.0,2.0,9.333333333333334,0.26506024096385544,0.061855670103092786,0.09230769230769231,0.26,3.3636363636363638,-0.13783035304037528,0.36363636363636365,0.13636363636363635,9.666666666666666,0.27943582003354156,44.0,6.3999999999999995,22,6.0,7,5.857142857142857,1.5714285714285714,1.4285714285714286,7.285714285714286,0.19902912621359223,0.048034934497816595,0.060240963855421686,0.2285714285714286,3.8048780487804876,-0.07555668936792487,0.4146341463414634,0.24390243902439024,10.636363636363637,0.5094905213548129,39.0,6.185714285714285,41,11.0,99.4,19,62.400000000000006,13,2,0,0,0,3.957627118644068,-0.0663275893203425,0.423728813559322,6.2105263157894735,0.2443064182194617,1.105263157894737,0.8421052631578947,0.032208588957055216,6.0476190476190474,5.231578947368422,118.0,21.0
00-0038555,Tank Bigsby,2023,JAX,13,88.0,3.0,0,21.00479123887748,3,4.0,0.6666666666666666,0.0,4.0,0.1276595744680851,0.0196078431372549,0.0,0.15,2.75,-0.05059271761031883,0.5,0.4166666666666667,0.0,-4.1154550149221905,11.0,5.1000000000000005,12,2.0,13,3.8461538461538463,0.3076923076923077,0.07692307692307693,3.923076923076923,0.13262599469496023,0.009216589861751152,0.0033112582781456954,0.1430769230769231,2.64,-0.24672113883134458,0.34,0.24,1.5,-3.422173785656923,10.615384615384615,1.907692307692308,50,4.0,203.9,44,182.8,31,2,0,0,0,4.4416961130742045,-0.02604885919029029,0.38515901060070673,6.431818181818182,0.24044180118946473,0.4772727272727273,0.3181818181818182,0.01580135440180587,4.857142857142857,4.634090909090909,283.0,21.0
00-0038597,Chase Brown,2023,CIN,12,163.0,5.0,0,23.446954140999317,3,0.3333333333333333,0.3333333333333333,0.3333333333333333,0.6666666666666666,0.017857142857142856,0.008928571428571428,0.0136986301369863,0.016666666666666666,2.0,-0.377812642836943,0.0,0.0,-3.0,-1.13036462105811,-0.3333333333333333,0.3,1,1.0,12,3.6666666666666665,1.25,1.1666666666666667,4.833333333333333,0.16,0.03597122302158273,0.046511627906976744,0.11833333333333333,4.068181818181818,-0.20479582171093866,0.22727272727272727,0.13636363636363635,10.4,0.4290188154322097,27.916666666666668,4.458333333333333,44,15.0,629.1,45,537.5999999999999,33,2,2,2,0,4.3092224231464735,-0.03934075342545674,0.38155515370705245,12.28888888888889,0.5384615384615384,4.0,3.2444444444444445,0.11271133375078271,5.488888888888889,13.98,553.0,180.0
00-0038611,Chris Rodriguez Jr.,2023,WAS,9,193.0,6.0,0,23.9315537303217,3,4.666666666666667,0.0,0.0,4.666666666666667,0.2028985507246377,0.0,0.0,0.09666666666666668,4.357142857142857,-0.0643518772641462,0.42857142857142855,0.21428571428571427,,,20.333333333333332,2.033333333333333,14,0.0,9,5.666666666666667,0.2222222222222222,0.2222222222222222,5.888888888888889,0.22767857142857142,0.006578947368421052,0.010526315789473684,0.16444444444444445,4.8431372549019605,-0.06831686675044094,0.4117647058823529,0.27450980392156865,6.0,0.22716501960530885,28.77777777777778,4.211111111111111,51,2.0,168.60000000000002,28,123.5,19,2,0,0,0,4.568627450980392,0.059933267614338474,0.47058823529411764,7.285714285714286,0.2524752475247525,0.25,0.21428571428571427,0.00865265760197775,7.714285714285714,6.021428571428572,204.0,7.0
00-0038622,Deuce Vaughn,2023,DAL,6,212.0,6.0,0,21.828884325804243,3,5.666666666666667,1.3333333333333333,1.3333333333333333,7.0,0.16346153846153846,0.04081632653061224,0.05405405405405406,0.20000000000000004,1.9411764705882353,-0.5386913226547598,0.17647058823529413,0.058823529411764705,4.5,-0.3018486768414732,17.0,3.033333333333333,17,4.0,6,3.8333333333333335,1.1666666666666667,1.1666666666666667,5.0,0.12994350282485875,0.03414634146341464,0.04697986577181208,0.14666666666666667,1.7391304347826086,-0.5612717463417264,0.13043478260869565,0.043478260869565216,5.714285714285714,0.10645659721090646,13.333333333333334,2.5,23,7.0,17.700000000000003,8,11.8,5,1,0,0,0,3.347826086956522,-0.3410115763089499,0.13043478260869565,2.875,0.11979166666666667,1.0,0.75,0.02531645569620253,5.0,2.2125000000000004,23.0,8.0
00-0038636,Kenny McIntosh,2024,SEA,11,237.0,7.0,0,24.49828884325804,3,1.3333333333333333,0.0,0.0,1.3333333333333333,0.058823529411764705,0.0,0.0,0.06,4.0,-0.4450334911525715,0.25,0.25,,,5.333333333333333,0.5333333333333333,4,0.0,11,2.8181818181818183,0.36363636363636365,0.2727272727272727,3.090909090909091,0.124,0.0113314447592068,0.011450381679389313,0.11272727272727273,5.548387096774194,0.04800257355447909,0.41935483870967744,0.25806451612903225,5.5,-0.10101428483903899,17.636363636363637,2.036363636363636,31,4.0,20.8,8,0.0,0,0,0,0,0,5.777777777777778,0.12104495351107919,0.4444444444444444,3.375,0.14835164835164835,0.5,0.375,0.016736401673640166,5.5,2.6,27.0,4.0
00-0038685,Chris Brooks,2023,MIA,3,,,1,23.638603696098563,3,6.333333333333333,0.0,0.0,6.333333333333333,0.18811881188118812,0.0,0.0,0.13666666666666666,5.578947368421052,-0.17853711058667526,0.21052631578947367,0.10526315789473684,,,35.333333333333336,3.5333333333333328,19,0.0,3,6.333333333333333,0.0,0.0,6.333333333333333,0.18811881188118812,0.0,0.0,0.13666666666666666,5.578947368421052,-0.17853711058667526,0.21052631578947367,0.10526315789473684,,,35.333333333333336,3.5333333333333328,19,0.0,82.8,31,74.89999999999999,28,2,0,0,0,4.445945945945946,-0.02596381735779441,0.4189189189189189,2.3870967741935485,0.08231368186874305,1.096774193548387,0.8387096774193549,0.039627039627039624,5.264705882352941,2.670967741935484,74.0,34.0
00-0038705,Emari Demercado,2023,ARI,11,,,1,24.61327857631759,3,1.3333333333333333,2.0,1.6666666666666667,3.0,0.047619047619047616,0.06593406593406594,0.07575757575757576,0.21666666666666665,0.75,-0.4147557542675255,0.25,0.0,4.666666666666667,-0.4358039708449062,10.333333333333334,2.7000000000000006,4,6.0,11,5.2727272727272725,2.727272727272727,1.9090909090909092,7.181818181818182,0.19463087248322147,0.07936507936507936,0.08433734939759036,0.3763636363636364,4.896551724137931,-0.0913230162931917,0.39655172413793105,0.20689655172413793,3.966666666666667,-0.49821687700614475,36.63636363636363,6.663636363636365,58,30.0,179.7,35,113.00000000000001,25,2,0,0,0,6.543307086614173,0.005323340743479874,0.3858267716535433,3.6285714285714286,0.14614499424626007,1.8285714285714285,1.2857142857142858,0.054935622317596564,4.625,5.134285714285714,127.0,64.0
00-0038738,Hunter Luepke,2023,DAL,10,,,1,23.50718685831622,3,1.0,0.3333333333333333,0.3333333333333333,1.3333333333333333,0.028037383177570093,0.00909090909090909,0.011627906976744186,0.17,4.333333333333333,0.9970556818880131,0.6666666666666666,0.6666666666666666,12.0,0.798980928957462,8.333333333333334,3.1666666666666665,3,1.0,10,0.6,0.4,0.3,0.9,0.021505376344086023,0.0111731843575419,0.011764705882352941,0.126,3.1666666666666665,0.7827405207014323,0.8333333333333334,0.8333333333333334,4.5,-0.3096234870899926,3.7,1.27,6,4.0,67.89999999999999,37,63.89999999999999,28,2,0,0,0,3.727272727272727,0.03832286822152586,0.5757575757575758,0.8918918918918919,0.03363914373088685,0.918918918918919,0.7297297297297297,0.026438569206842923,6.647058823529412,1.8351351351351348,33.0,34.0
00-0038794,Jaleel McLaughlin,2023,DEN,17,,,1,22.965092402464066,3,2.0,0.3333333333333333,0.3333333333333333,2.3333333333333335,0.09230769230769231,0.010526315789473684,0.014705882352941176,0.11333333333333333,3.3333333333333335,-0.27885491984003835,0.16666666666666666,0.16666666666666666,-7.0,-1.3692477135919,4.333333333333333,2.766666666666667,6,1.0,17,4.470588235294118,2.1176470588235294,1.8235294117647058,6.294117647058823,0.16851441241685144,0.07547169811320754,0.09198813056379822,0.18588235294117644,5.394736842105263,0.07735743597502151,0.4473684210526316,0.21052631578947367,4.444444444444445,0.05475685316515038,33.529411764705884,6.235294117647058,76,36.0,235.39999999999998,40,128.6,24,2,0,0,0,4.972972972972973,0.04923839625120598,0.46396396396396394,5.55,0.20404411764705882,1.725,1.45,0.055915721231766614,3.9130434782608696,5.885,222.0,69.0
00-0038797,Emanuel Wilson,2023,GB,5,,,1,24.317590691307323,3,2.3333333333333335,1.0,1.0,3.3333333333333335,0.09210526315789473,0.03,0.05172413793103448,0.09333333333333334,4.285714285714286,-0.2502752324133839,0.2857142857142857,0.14285714285714285,4.666666666666667,0.13511113628434648,14.666666666666666,2.466666666666667,7,3.0,5,2.8,1.0,0.8,3.6,0.09859154929577464,0.03067484662576687,0.0380952380952381,0.094,6.071428571428571,0.04032379995416197,0.5,0.14285714285714285,4.6,0.17018057748791768,21.6,2.96,14,5.0,208.80000000000004,39,190.5,34,2,0,0,0,4.352059925093633,-0.019841761716000723,0.4681647940074906,6.846153846153846,0.22938144329896906,0.8717948717948718,0.6923076923076923,0.031423290203327174,4.588235294117647,5.353846153846155,267.0,34.0
00-0038951,Sean Tucker,2023,TB,3,,,1,21.8507871321013,3,5.0,0.6666666666666666,0.6666666666666666,5.666666666666667,0.17857142857142858,0.02247191011235955,0.03225806451612903,0.16,1.5333333333333334,-0.4139450006109354,0.13333333333333333,0.06666666666666667,4.5,-0.0858504589414225,10.666666666666666,1.7333333333333334,15,2.0,3,5.0,0.6666666666666666,0.6666666666666666,5.666666666666667,0.17857142857142858,0.02247191011235955,0.03225806451612903,0.16,1.5333333333333334,-0.4139450006109354,0.13333333333333333,0.06666666666666667,4.5,-0.0858504589414225,10.666666666666666,1.7333333333333334,15,2.0,160.1,34,160.1,34,2,0,0,0,4.617647058823529,0.04758154467933342,0.39705882352941174,4.0,0.1424083769633508,0.6764705882352942,0.5,0.020833333333333332,6.217391304347826,4.708823529411765,136.0,23.0
00-0039021,Roschon Johnson,2023,CHI,15,115.0,4.0,0,22.581793292265573,3,5.666666666666667,3.6666666666666665,3.3333333333333335,9.0,0.23943661971830985,0.13095238095238096,0.19607843137254902,0.42,5.294117647058823,0.1810271398314987,0.4117647058823529,0.29411764705882354,5.090909090909091,-0.01091273841501051,48.666666666666664,10.200000000000001,17,11.0,15,5.4,2.6666666666666665,2.2666666666666666,7.666666666666667,0.17608695652173914,0.09433962264150944,0.11971830985915492,0.39533333333333337,4.345679012345679,-0.08168103139335352,0.3950617283950617,0.19753086419753085,5.225,-0.15165687713490045,37.4,6.806666666666667,81,40.0,150.6,32,79.1,19,2,0,0,0,3.5454545454545454,-0.1056819286251381,0.4380165289256198,3.78125,0.12696747114375656,1.53125,1.25,0.05141657922350472,5.244897959183674,4.70625,121.0,49.0
00-0039032,Tyjae Spears,2023,TEN,17,81.0,3.0,0,22.21218343600274,3,5.0,3.3333333333333335,2.3333333333333335,7.333333333333333,0.2112676056338028,0.12345679012345678,0.14285714285714285,0.49000000000000005,5.466666666666667,0.11820362242869989,0.6,0.3333333333333333,1.0,-0.6163044976601375,30.666666666666668,5.400000000000001,15,10.0,17,5.882352941176471,4.117647058823529,3.0588235294117645,8.941176470588236,0.22522522522522523,0.14644351464435146,0.17105263157894737,0.5235294117647059,4.53,-0.007362318725697188,0.4,0.24,5.5,-0.01944224660144419,49.294117647058826,9.047058823529412,100,70.0,376.80000000000007,42,225.29999999999998,25,2,0,0,0,4.031496062992126,-0.04557205054324134,0.36220472440944884,6.0476190476190474,0.2497541789577188,3.5952380952380953,2.9523809523809526,0.1210906174819567,5.986754966887418,8.971428571428573,254.0,151.0
00-0039040,De'Von Achane,2023,MIA,11,84.0,3.0,0,21.883641341546884,3,9.0,3.3333333333333335,2.6666666666666665,11.666666666666666,0.29347826086956524,0.10989010989010989,0.11267605633802817,0.36999999999999994,11.444444444444445,0.755763744456798,0.6666666666666666,0.37037037037037035,5.3,0.244789279013639,120.66666666666667,26.73333333333333,27,10.0,11,9.363636363636363,3.3636363636363638,2.4545454545454546,11.818181818181818,0.3355048859934853,0.10946745562130178,0.10843373493975904,0.4318181818181817,7.766990291262136,0.32265995375422135,0.5533980582524272,0.2912621359223301,5.324324324324325,0.04031672776667495,90.63636363636364,17.336363636363632,103,37.0,757.8000000000001,44,622.7,33,2,2,2,1,5.217785843920145,0.017710248654816074,0.41197822141560797,12.522727272727273,0.4799651567944251,4.795454545454546,3.8863636363636362,0.1576980568011958,6.033175355450237,17.222727272727273,551.0,211.0
00-0039136,Zach Evans,2023,LA,4,215.0,6.0,0,22.255989048596852,3,2.6666666666666665,0.0,0.0,2.6666666666666665,0.09090909090909091,0.0,0.0,0.05333333333333334,2.0,-0.6304540130695628,0.0,0.0,,,5.333333333333333,0.5333333333333333,8,0.0,4,2.25,0.0,0.0,2.25,0.07258064516129033,0.0,0.0,0.0625,2.111111111111111,-0.5792017298550302,0.0,0.0,,,4.75,0.47500000000000003,9,0.0,0.3,1,0.0,0,0,0,0,0,3.0,-0.169183464138769,0.0,1.0,0.027777777777777776,0.0,0.0,0.0,,0.3,1.0,0.0
00-0039139,Jahmyr Gibbs,2023,DET,15,12.0,1.0,0,21.451060917180012,3,10.333333333333334,4.333333333333333,3.3333333333333335,13.666666666666666,0.33695652173913043,0.13402061855670103,0.1388888888888889,0.45,4.483870967741935,-0.1758502408770106,0.2903225806451613,0.1935483870967742,4.538461538461538,-0.44151572712434095,66.0,9.933333333333334,31,13.0,15,12.133333333333333,4.733333333333333,3.466666666666667,15.6,0.40625,0.14031620553359683,0.1452513966480447,0.5606666666666666,5.1923076923076925,-0.02846719632008918,0.37362637362637363,0.23076923076923078,4.450704225352113,-0.17042584615019224,84.06666666666666,16.14,182,71.0,1040.4,49,729.7999999999998,34,2,2,2,1,5.2863187588152325,0.04450929402954313,0.4231311706629055,14.46938775510204,0.5010600706713781,4.816326530612245,3.857142857142857,0.1485210824417873,6.5508474576271185,21.232653061224493,709.0,236.0
00-0039165,Zach Charbonnet,2023,SEA,16,52.0,2.0,0,22.64476386036961,3,5.333333333333333,1.3333333333333333,1.0,6.333333333333333,0.21052631578947367,0.041666666666666664,0.04225352112676056,0.31,4.5625,0.15980953674079504,0.4375,0.4375,3.25,-0.32386714637687025,28.666666666666668,3.8666666666666667,16,4.0,16,6.75,2.5,2.0625,8.8125,0.30857142857142855,0.07648183556405354,0.09348441926345609,0.48687499999999995,4.277777777777778,-0.0659413613393776,0.4166666666666667,0.2962962962962963,5.225,-0.11733028461319595,41.9375,6.63125,108,40.0,462.8,46,368.3,33,2,1,0,0,4.10705596107056,-0.05381127865871071,0.39902676399026765,8.934782608695652,0.363395225464191,2.4347826086956523,2.0,0.07826694619147449,6.071428571428571,10.060869565217391,411.0,112.0
00-0039244,Chris Collier,2024,BAL,6,,,1,24.44079397672827,3,0.0,0.0,0.0,0.0,0.0,0.0,0.0,0.0,,,,,,,0.0,0.0,0,0.0,6,0.8333333333333334,0.3333333333333333,0.16666666666666666,1.0,0.029585798816568046,0.010810810810810811,0.007874015748031496,0.056666666666666664,2.4,-0.6009438923792908,0.0,0.0,-2.0,-0.799092483590355,1.3333333333333333,0.3,5,2.0,1.7999999999999998,3,0.0,0,0,0,0,0,2.4,-0.6009438923792908,0.0,1.6666666666666667,0.05952380952380952,0.6666666666666666,0.3333333333333333,0.022727272727272728,-2.0,0.6,5.0,2.0
00-0039299,George Holani,2024,SEA,3,,,1,24.711841204654345,3,1.0,0.3333333333333333,0.3333333333333333,1.3333333333333333,0.041666666666666664,0.012195121951219513,0.01639344262295082,0.02666666666666667,3.3333333333333335,-0.25727614500404633,0.3333333333333333,0.3333333333333333,-1.0,-0.408696800936013,3.0,0.6333333333333333,3,1.0,3,1.0,0.3333333333333333,0.3333333333333333,1.3333333333333333,0.041666666666666664,0.012195121951219513,0.01639344262295082,0.02666666666666667,3.3333333333333335,-0.25727614500404633,0.3333333333333333,0.3333333333333333,-1.0,-0.408696800936013,3.0,0.6333333333333333,3,1.0,37.0,13,20.8,10,1,0,0,0,3.3783783783783785,-0.258800142236244,0.2702702702702703,2.8461538461538463,0.09560723514211886,0.6923076923076923,0.6153846153846154,0.025280898876404494,7.222222222222222,2.8461538461538463,37.0,9.0
00-0039325,Carson Steele,2024,KC,13,,,1,21.864476386036962,3,8.666666666666666,0.6666666666666666,0.3333333333333333,9.0,0.3058823529411765,0.023255813953488372,0.015625,0.31,3.8076923076923075,0.054774500083086736,0.6923076923076923,0.38461538461538464,1.0,-0.3957341681525575,33.666666666666664,3.033333333333333,26,2.0,13,4.3076923076923075,0.8461538461538461,0.5384615384615384,4.846153846153846,0.16374269005847952,0.026252983293556086,0.023178807947019868,0.22923076923076924,3.267857142857143,-0.21399304397740246,0.4642857142857143,0.25,2.3636363636363638,-0.26386255523274554,16.076923076923077,1.8384615384615384,56,11.0,14.8,10,0.0,0,0,0,0,0,2.8,-0.44692491549649305,0.26666666666666666,3.0,0.11673151750972763,0.9,0.6,0.02702702702702703,2.6666666666666665,1.48,30.0,9.0
00-0039344,Jonathon Brooks,2024,CAR,3,46.0,2.0,0,21.117043121149898,3,3.0,1.0,1.0,4.0,0.11842105263157894,0.028037383177570093,0.045454545454545456,0.10999999999999999,2.4444444444444446,-0.30865839681872753,0.2222222222222222,0.0,7.666666666666667,0.48554193818321,15.0,2.5,9,3.0,3,3.0,1.0,1.0,4.0,0.11842105263157894,0.028037383177570093,0.045454545454545456,0.10999999999999999,2.4444444444444446,-0.30865839681872753,0.2222222222222222,0.0,7.666666666666667,0.48554193818321,15.0,2.5,9,3.0,9.3,2,0.0,0,0,0,0,0,3.3333333333333335,-0.27421918418258406,0.2222222222222222,4.5,0.20454545454545456,1.5,1.0,0.045454545454545456,14.333333333333334,4.65,9.0,3.0
00-0039361,Bucky Irving,2024,TB,17,125.0,4.0,0,22.036960985626283,3,8.333333333333334,2.0,1.6666666666666667,10.0,0.36231884057971014,0.07407407407407407,0.08196721311475409,0.32666666666666666,6.16,0.15033336072810932,0.44,0.2,4.666666666666667,0.15631126402877274,60.666666666666664,7.733333333333334,25,6.0,17,12.176470588235293,3.0588235294117645,2.764705882352941,14.941176470588236,0.42857142857142855,0.09236234458259325,0.11519607843137254,0.4441176470588235,5.420289855072464,0.10085764289639589,0.4492753623188406,0.25120772946859904,7.538461538461538,0.2802124268108614,89.05882352941177,14.376470588235295,207,52.0,400.8,27,138.5,10,1,0,0,1,4.39493670886076,-0.04499040621636094,0.3949367088607595,14.62962962962963,0.5116580310880829,3.5555555555555554,3.1481481481481484,0.10810810810810811,7.3125,14.844444444444445,395.0,96.0
00-0039363,Isaac Guerendo,2024,SF,16,129.0,4.0,0,24.177960301163587,3,2.0,0.0,0.0,2.0,0.061855670103092786,0.0,0.0,0.06333333333333334,3.1666666666666665,-0.11876178517316784,0.5,0.0,,,6.333333333333333,0.6333333333333333,6,0.0,16,5.25,1.0,0.9375,6.1875,0.19134396355353075,0.03361344537815126,0.04643962848297214,0.22937500000000002,5.0,0.057762704232507935,0.36904761904761907,0.21428571428571427,9.5,0.4084077878542306,35.75,6.012499999999999,84,16.0,94.3,20,0.0,7,1,0,0,0,5.141025641025641,0.07134151110986761,0.358974358974359,3.9,0.13732394366197184,0.8,0.75,0.026272577996715927,9.5,4.715,78.0,16.0
00-0039373,Audric Estimé,2024,DEN,13,147.0,5.0,0,20.98836413415469,3,3.0,0.0,0.0,3.0,0.11538461538461539,0.0,0.0,0.056666666666666664,6.222222222222222,-0.36457189865824297,0.5555555555555556,0.4444444444444444,,,18.666666666666668,1.2,9,0.0,13,5.846153846153846,0.38461538461538464,0.38461538461538464,6.230769230769231,0.2140845070422535,0.01160092807424594,0.0165016501650165,0.16615384615384615,4.078947368421052,-0.09775944441469557,0.39473684210526316,0.19736842105263158,5.4,-0.15306559472810427,25.923076923076923,3.746153846153846,76,5.0,93.2,15,48.1,5,1,0,0,0,4.0,0.004775280046650154,0.39823008849557523,7.533333333333333,0.2769607843137255,1.2,1.1333333333333333,0.03665987780040733,7.222222222222222,6.213333333333334,113.0,18.0
00-0039384,Tyrone Tracy Jr.,2024,NYG,17,166.0,5.0,0,24.774811772758383,3,2.6666666666666665,1.6666666666666667,1.0,3.6666666666666665,0.10666666666666667,0.05102040816326531,0.04838709677419355,0.24333333333333332,3.375,-0.2953684313761188,0.25,0.125,4.4,-0.1975989208119922,16.333333333333332,2.6333333333333333,8,5.0,17,11.294117647058824,3.1176470588235294,2.235294117647059,13.529411764705882,0.4528301886792453,0.09566787003610108,0.10382513661202186,0.5735294117647057,4.369791666666667,-0.10788472028561387,0.3385416666666667,0.203125,5.3584905660377355,-0.11074812753034653,66.05882352941177,10.723529411764705,192,53.0,334.9,32,160.8,15,1,0,0,0,4.322314049586777,-0.08264466931435537,0.3581267217630854,11.34375,0.4125,3.0,2.21875,0.09775967413441955,5.729166666666667,10.465625,363.0,96.0
00-0039391,Kimani Vidal,2024,LAC,9,181.0,6.0,0,23.01163586584531,3,4.333333333333333,1.0,1.0,5.333333333333333,0.14606741573033707,0.030612244897959183,0.04411764705882353,0.22666666666666668,2.8461538461538463,-0.27382109326740295,0.23076923076923078,0.15384615384615385,16.333333333333332,1.194095908935801,28.666666666666668,5.866666666666667,13,3.0,9,4.777777777777778,1.0,0.5555555555555556,5.333333333333333,0.18777292576419213,0.03225806451612903,0.02564102564102564,0.30666666666666664,3.604651162790698,-0.19553535586486268,0.27906976744186046,0.16279069767441862,6.888888888888889,0.19573850204081575,24.11111111111111,3.6333333333333337,43,9.0,136.0,21,117.9,13,1,0,0,0,4.123655913978495,-0.09863570265602836,0.3548387096774194,8.857142857142858,0.3292035398230089,1.4761904761904763,0.9047619047619048,0.04791344667697063,5.258064516129032,6.476190476190476,186.0,31.0
00-0039405,Jawhar Jordan,2025,HOU,4,205.0,6.0,0,26.039698836413415,3,12.666666666666666,2.3333333333333335,2.3333333333333335,15.0,0.40860215053763443,0.08139534883720931,0.11475409836065574,0.35000000000000003,5.0,-0.1383239590870294,0.2894736842105263,0.21052631578947367,4.857142857142857,0.04762922653130114,74.66666666666667,9.8,38,7.0,4,10.75,1.75,1.75,12.5,0.344,0.06140350877192982,0.08974358974358974,0.3,4.488372093023256,-0.20918220328418852,0.2558139534883721,0.18604651162790697,4.857142857142857,0.04762922653130114,56.75,7.425000000000001,43,7.0,0.3,1,0.0,0,0,0,0,0,0.6,-0.747704859182598,0.0,5.0,0.15625,0.0,0.0,0.0,,0.3,5.0,0.0
00-0039407,Dylan Laube,2024,LV,6,208.0,6.0,0,24.71731690622861,3,0.3333333333333333,0.0,0.0,0.3333333333333333,0.016666666666666666,0.0,0.0,0.006666666666666667,0.0,-4.66817615873879,0.0,0.0,,,0.0,-0.6666666666666666,1,0.0,6,0.16666666666666666,0.0,0.0,0.16666666666666666,0.007575757575757576,0.0,0.0,0.006666666666666667,0.0,-4.66817615873879,0.0,0.0,,,0.0,-0.3333333333333333,1,0.0,5.700000000000001,23,5.7,17,1,0,0,0,1.2857142857142858,-0.7668273589723478,0.14285714285714285,0.30434782608695654,0.013108614232209739,0.17391304347826086,0.13043478260869565,0.00583941605839416,4.5,0.24782608695652178,7.0,4.0
00-0039738,Blake Corum,2024,LA,15,83.0,3.0,0,23.76728268309377,3,4.333333333333333,0.3333333333333333,0.3333333333333333,4.666666666666667,0.18309859154929578,0.008333333333333333,0.012195121951219513,0.09666666666666668,4.076923076923077,0.0446915372292723,0.5384615384615384,0.38461538461538464,8.0,0.486093069426715,20.333333333333332,2.3666666666666667,13,1.0,15,3.8666666666666667,0.5333333333333333,0.4666666666666667,4.333333333333333,0.1457286432160804,0.016359918200409,0.021148036253776436,0.12666666666666665,3.5689655172413794,-0.16799572648797667,0.3448275862068966,0.20689655172413793,7.25,0.32926305761793634,17.666666666666668,2.2333333333333334,58,8.0,167.7,32,122.2,17,1,0,0,0,4.807339449541284,0.030315957561219704,0.463302752293578,6.8125,0.25,0.8125,0.53125,0.02462121212121212,3.8076923076923075,5.240625,218.0,26.0
00-0039746,Will Shipley,2024,PHI,13,127.0,4.0,0,22.00958247775496,3,0.0,0.0,0.0,0.0,0.0,0.0,0.0,0.016666666666666666,,,,,,,0.0,0.0,0,0.0,13,2.3076923076923075,0.3076923076923077,0.3076923076923077,2.6153846153846154,0.06622516556291391,0.012307692307692308,0.01702127659574468,0.07384615384615385,2.7333333333333334,-0.27885895890870765,0.2,0.06666666666666667,8.75,0.5748493014789775,9.0,1.2076923076923076,30,4.0,44.400000000000006,27,19.5,14,1,0,0,0,3.0,-0.2704302285560796,0.24528301886792453,1.962962962962963,0.06575682382133995,0.7777777777777778,0.6296296296296297,0.03008595988538682,5.476190476190476,1.6444444444444446,53.0,21.0
00-0039794,Braelon Allen,2024,NYJ,17,134.0,4.0,0,20.61601642710472,3,6.333333333333333,2.6666666666666665,2.0,8.333333333333334,0.25,0.08695652173913043,0.09375,0.2833333333333334,5.052631578947368,0.1747198725443969,0.5263157894736842,0.2631578947368421,5.625,0.3680132224981209,47.0,10.700000000000001,19,8.0,17,5.411764705882353,1.588235294117647,1.1176470588235294,6.529411764705882,0.2534435261707989,0.04584040747028863,0.04935064935064935,0.26,3.630434782608696,-0.08278721297202818,0.44565217391304346,0.2391304347826087,5.481481481481482,0.17554907888363763,28.352941176470587,5.011764705882353,92,27.0,85.6,21,15.299999999999999,4,1,0,0,0,3.409090909090909,-0.21403392551470984,0.4,5.238095238095238,0.2277432712215321,1.2857142857142858,0.9047619047619048,0.03879310344827586,4.851851851851852,4.076190476190476,110.0,27.0
00-0039796,Rasheen Ali,2024,BAL,5,165.0,5.0,0,23.540041067761805,3,3.0,0.0,0.0,3.0,0.0891089108910891,0.0,0.0,0.10666666666666667,3.7777777777777777,0.01678430979760988,0.4444444444444444,0.2222222222222222,,,11.333333333333334,1.1333333333333335,9,0.0,5,2.0,0.4,0.0,2.0,0.055865921787709494,0.015625,0.0,0.094,3.1,-0.11565661543281709,0.4,0.2,0.0,-0.3980650261510165,6.2,0.6200000000000001,10,2.0,23.9,20,24.2,15,1,0,0,0,2.625,-0.628633939115389,0.25,0.4,0.013071895424836602,0.65,0.45,0.027196652719665274,5.230769230769231,1.1949999999999998,8.0,13.0
00-0039798,Isaiah Davis,2024,NYJ,13,173.0,5.0,0,22.527036276522928,3,1.0,0.0,0.0,1.0,0.04411764705882353,0.0,0.0,0.013333333333333334,2.0,-0.32412195477324235,0.3333333333333333,0.3333333333333333,,,2.0,0.19999999999999998,3,0.0,13,2.3076923076923075,0.9230769230769231,0.6923076923076923,3.0,0.10869565217391304,0.026200873362445413,0.029801324503311258,0.13076923076923078,5.8,0.14713472331059158,0.4666666666666667,0.3333333333333333,6.25,0.4401210804202247,19.153846153846153,3.5307692307692307,30,12.0,116.5,28,71.19999999999999,16,1,0,0,0,5.771428571428571,0.03074069747086993,0.4,2.5,0.10189228529839883,1.4285714285714286,1.0714285714285714,0.04645760743321719,6.525,4.160714285714286,70.0,40.0
00-0039874,Jaylen Wright,2024,MIA,13,120.0,4.0,0,21.420944558521562,3,5.333333333333333,0.3333333333333333,0.0,5.333333333333333,0.1951219512195122,0.011235955056179775,0.0,0.30666666666666664,3.3125,-0.15644265840819618,0.5,0.125,0.0,-0.430790229118429,17.666666666666668,1.7666666666666668,16,1.0,13,5.230769230769231,0.46153846153846156,0.23076923076923078,5.461538461538462,0.19318181818181818,0.013921113689095127,0.009708737864077669,0.19307692307692306,3.661764705882353,-0.29871257732327866,0.35294117647058826,0.16176470588235295,1.3333333333333333,-0.47793182185508104,19.76923076923077,2.0538461538461545,68,6.0,70.6,21,48.2,9,1,0,0,0,3.952,-0.1852188668370355,0.408,5.9523809523809526,0.21222410865874364,0.6666666666666666,0.38095238095238093,0.023255813953488372,3.7142857142857144,3.3619047619047615,125.0,14.0
00-0039875,Ray Davis,2024,BUF,17,128.0,4.0,0,24.78302532511978,3,6.333333333333333,1.0,1.0,7.333333333333333,0.2159090909090909,0.04225352112676056,0.05454545454545454,0.20000000000000004,3.3684210526315788,-0.21923929864332345,0.3157894736842105,0.21052631578947367,4.666666666666667,0.2145848703027403,26.0,5.6000000000000005,19,3.0,17,6.647058823529412,1.1176470588235294,1.0,7.647058823529412,0.23014256619144602,0.03838383838383838,0.05167173252279635,0.24352941176470586,3.911504424778761,-0.04943688911130835,0.3893805309734513,0.22123893805309736,9.947368421052632,0.7831014795351388,37.11764705882353,6.829411764705882,113,19.0,163.7,33,64.1,17,1,0,0,0,4.287581699346405,-0.001444943023992306,0.40522875816993464,4.636363636363637,0.1519364448857994,0.8787878787878788,0.7272727272727273,0.03023983315954119,9.0,4.96060606060606,153.0,29.0
00-0039921,Trey Benson,2024,ARI,12,66.0,3.0,0,22.11088295687885,3,5.333333333333333,0.6666666666666666,0.6666666666666666,6.0,0.1927710843373494,0.023255813953488372,0.03389830508474576,0.16333333333333333,1.9375,-0.3534039371588734,0.1875,0.125,6.0,0.07492882758378995,14.333333333333334,2.1,16,2.0,12,5.25,0.5,0.5,5.75,0.19090909090909092,0.016574585635359115,0.022813688212927757,0.17500000000000002,4.619047619047619,-0.07890492313936927,0.36507936507936506,0.25396825396825395,9.833333333333334,0.5173051955450011,29.166666666666668,3.9166666666666665,63,6.0,76.10000000000001,13,35.4,4,1,0,0,0,5.526315789473684,0.006253090370901379,0.3684210526315789,5.846153846153846,0.22287390029325513,1.5384615384615385,1.3076923076923077,0.04950495049504951,5.55,5.853846153846154,76.0,20.0
00-0040078,Brashard Smith,2025,KC,17,228.0,7.0,0,22.392881587953458,3,1.0,0.6666666666666666,0.0,1.0,0.04225352112676056,0.0196078431372549,0.0,0.10666666666666667,5.0,0.20509895779347667,0.6666666666666666,0.3333333333333333,0.0,-0.9977847164554979,5.0,0.5,3,2.0,17,2.588235294117647,2.0588235294117645,1.4705882352941178,4.0588235294117645,0.10232558139534884,0.06375227686703097,0.06887052341597796,0.16705882352941182,3.4318181818181817,-0.22145824773046624,0.29545454545454547,0.11363636363636363,4.914285714285715,-0.017628672758622697,19.0,3.7235294117647055,44,35.0,63.199999999999996,16,0.0,0,0,0,0,0,3.317073170731707,-0.2526697505736816,0.2682926829268293,2.5625,0.09927360774818401,2.125,1.625,0.06627680311890838,5.176470588235294,3.9499999999999997,41.0,34.0
00-0040122,Ashton Jeanty,2025,LV,17,6.0,1.0,0,21.749486652977414,3,15.666666666666666,2.0,1.6666666666666667,17.333333333333332,0.6619718309859155,0.05825242718446602,0.07462686567164178,0.6766666666666666,3.0638297872340425,-0.25606424089847224,0.3191489361702128,0.1702127659574468,0.5,-0.7285676417620066,49.0,8.566666666666666,47,6.0,17,15.647058823529411,4.294117647058823,3.235294117647059,18.88235294117647,0.7208672086720868,0.14777327935222673,0.16176470588235295,0.7788235294117647,3.6654135338345863,-0.24504149388137508,0.31954887218045114,0.16541353383458646,4.739726027397261,-0.162694736463311,77.70588235294117,14.417647058823531,266,73.0,274.70000000000005,17,0.0,0,0,0,0,1,3.6773049645390072,-0.2577934150230385,0.3120567375886525,16.58823529411765,0.7212276214833759,4.882352941176471,3.7058823529411766,0.1732776617954071,5.301204819277109,16.158823529411766,282.0,83.0
00-0040142,Kaleb Johnson,2025,PIT,10,83.0,3.0,0,22.050650239561943,3,2.6666666666666665,0.3333333333333333,0.0,2.6666666666666665,0.11428571428571428,0.012195121951219513,0.0,0.09333333333333334,2.625,-0.07530079766729614,0.375,0.125,0.0,-0.431072500883602,7.0,0.7000000000000001,8,1.0,10,2.8,0.2,0.1,2.9,0.1206896551724138,0.007017543859649123,0.005025125628140704,0.09100000000000001,2.4642857142857144,-0.2756227745787202,0.25,0.07142857142857142,4.5,0.12244296446442601,7.8,0.8800000000000001,28,2.0,12.499999999999998,10,0.0,0,0,0,0,0,2.6875,-0.3284181459803568,0.25,3.2,0.1523809523809524,0.4,0.2,0.01238390092879257,4.75,1.2499999999999998,32.0,4.0
00-0040162,Dylan Sampson,2025,CLE,15,126.0,4.0,0,20.9637234770705,3,5.666666666666667,3.6666666666666665,3.6666666666666665,9.333333333333334,0.26153846153846155,0.09482758620689655,0.1375,0.24666666666666667,2.176470588235294,-0.25265463775106023,0.23529411764705882,0.23529411764705882,7.0,0.6151946274542509,38.0,9.466666666666667,17,11.0,15,4.333333333333333,2.6666666666666665,2.2,6.533333333333333,0.17379679144385027,0.08620689655172414,0.11578947368421053,0.26466666666666666,2.6923076923076925,-0.2588099568317003,0.26153846153846155,0.18461538461538463,6.775,0.17248284149609408,29.733333333333334,5.840000000000001,65,40.0,59.199999999999996,13,0.0,0,0,0,0,0,2.875,-0.2609899656727604,0.2708333333333333,3.6923076923076925,0.14501510574018128,2.230769230769231,1.6923076923076923,0.07837837837837838,6.689655172413793,4.553846153846154,48.0,29.0
00-0040179,DJ Giddens,2025,IND,5,151.0,5.0,0,22.017796030116358,3,4.333333333333333,0.3333333333333333,0.0,4.333333333333333,0.13,0.011494252873563218,0.0,0.15333333333333335,3.3846153846153846,0.01844257639738946,0.38461538461538464,0.15384615384615385,0.0,-1.06808076075622,14.666666666666666,1.4666666666666666,13,1.0,5,5.2,0.4,0.0,5.2,0.16993464052287582,0.013245033112582781,0.0,0.18200000000000002,3.6923076923076925,0.0007859029260893811,0.4230769230769231,0.19230769230769232,0.0,-0.8288662426563405,19.2,1.92,26,2.0,5.2,2,0.0,0,0,0,0,0,4.0,-0.0168707705452107,0.46153846153846156,6.5,0.24528301886792453,0.5,0.0,0.015625,0.0,2.6,13.0,1.0
00-0040198,Ollie Gordon II,2025,MIA,17,179.0,6.0,0,21.6290212183436,3,4.0,0.6666666666666666,0.6666666666666666,4.666666666666667,0.23076923076923078,0.020833333333333332,0.029850746268656716,0.20666666666666667,4.166666666666667,0.2576818210751906,0.5,0.4166666666666667,2.0,-1.719009750551776,18.0,4.466666666666667,12,2.0,17,4.117647058823529,0.5294117647058824,0.4117647058823529,4.529411764705882,0.16203703703703703,0.01948051948051948,0.021739130434782608,0.2241176470588235,2.842857142857143,-0.1367311971378777,0.4,0.3,3.5555555555555554,-0.38293097186962943,13.588235294117647,3.182352941176471,70,9.0,55.9,16,0.0,0,0,0,0,0,2.5256410256410255,-0.23230913596137612,0.32051282051282054,4.875,0.17727272727272728,0.625,0.5,0.02358490566037736,4.2,3.49375,78.0,10.0
00-0040202,Devin Neal,2025,NO,9,184.0,6.0,0,22.05612594113621,3,1.0,1.0,1.0,2.0,0.05555555555555555,0.02459016393442623,0.0379746835443038,0.22333333333333336,3.3333333333333335,-0.19617288761461768,0.3333333333333333,0.0,3.6666666666666665,-0.9941003457255033,7.0,1.7,3,3.0,9,6.333333333333333,2.111111111111111,1.8888888888888888,8.222222222222221,0.2626728110599078,0.06333333333333334,0.0825242718446602,0.4444444444444444,3.6140350877192984,-0.138041950241977,0.3508771929824561,0.19298245614035087,5.473684210526316,-0.11723395211299983,34.44444444444444,6.666666666666667,57,19.0,54.89999999999999,6,0.0,0,0,0,0,0,3.6296296296296298,-0.1348124537212747,0.35185185185185186,9.0,0.3312883435582822,2.6666666666666665,2.3333333333333335,0.0898876404494382,5.8125,9.149999999999999,54.0,16.0
00-0040205,Kalel Mullings,2025,TEN,4,188.0,6.0,0,22.910335386721425,3,0.6666666666666666,0.0,0.0,0.6666666666666666,0.024390243902439025,0.0,0.0,0.036666666666666674,1.5,-0.5552728128386666,0.5,0.5,,,1.0,0.09999999999999999,2,0.0,4,0.75,0.0,0.0,0.75,0.02727272727272727,0.0,0.0,0.030000000000000002,2.3333333333333335,-0.17936761638460072,0.6666666666666666,0.6666666666666666,,,1.75,0.175,3,0.0,0.4,1,0.0,0,0,0,0,0,4.0,0.572442776523531,1.0,1.0,0.03571428571428571,0.0,0.0,0.0,,0.4,1.0,0.0
00-0040208,Tahj Brooks,2025,CIN,12,193.0,6.0,0,23.304585900068446,3,1.6666666666666667,0.0,0.0,1.6666666666666667,0.08196721311475409,0.0,0.0,0.06,3.4,-0.19926668005064122,0.4,0.0,,,5.666666666666667,0.5666666666666667,5,0.0,12,1.3333333333333333,0.16666666666666666,0.08333333333333333,1.4166666666666667,0.058823529411764705,0.004878048780487805,0.0035842293906810036,0.06,2.8125,-0.25444892898667615,0.25,0.0625,4.5,-4.015119389165195,4.5,0.5333333333333333,16,2.0,4.7,11,0.0,0,0,0,0,0,2.5454545454545454,-0.27953176941214664,0.18181818181818182,1.0,0.04296875,0.18181818181818182,0.09090909090909091,0.005141388174807198,4.5,0.4272727272727273,11.0,2.0
00-0040236,Kyle Monangai,2025,CHI,17,233.0,7.0,0,23.238877481177276,3,4.333333333333333,1.6666666666666667,1.0,5.333333333333333,0.15853658536585366,0.05263157894736842,0.04918032786885246,0.27666666666666667,3.3846153846153846,-0.43843480223754,0.23076923076923078,0.23076923076923078,4.6,-0.003335187688936003,22.333333333333332,3.233333333333333,13,5.0,17,9.941176470588236,1.7647058823529411,1.0588235294117647,11.0,0.3346534653465347,0.05639097744360902,0.05389221556886228,0.4088235294117647,4.633136094674557,0.02172474103901378,0.4556213017751479,0.23668639053254437,5.466666666666667,-0.24223293153963663,55.705882352941174,8.629411764705884,169,30.0,168.29999999999998,17,0.0,0,0,0,0,0,4.93010752688172,0.06345076036188375,0.45698924731182794,10.941176470588236,0.3522727272727273,1.7058823529411764,1.1176470588235294,0.05502846299810247,6.068965517241379,9.899999999999999,186.0,29.0
00-0040238,LeQuint Allen Jr.,2025,JAX,16,236.0,7.0,0,21.073237508555785,3,1.0,0.6666666666666666,0.6666666666666666,1.6666666666666667,0.03614457831325301,0.018518518518518517,0.031746031746031744,0.19666666666666668,6.666666666666667,0.615756304604777,0.6666666666666666,0.6666666666666666,6.5,-0.6120764886528696,11.0,1.7666666666666668,3,2.0,16,1.4375,0.6875,0.625,2.0625,0.04946236559139785,0.02131782945736434,0.03125,0.22875,4.086956521739131,-0.14062224864281508,0.2608695652173913,0.21739130434782608,4.909090909090909,-0.35098177648706064,9.25,1.5500000000000003,23,11.0,22.400000000000002,15,0.0,0,0,0,0,0,3.7,-0.2540790316299539,0.2,1.3333333333333333,0.045871559633027525,0.8,0.6666666666666666,0.02591792656587473,4.166666666666667,1.4933333333333334,20.0,12.0
00-0040242,Jacory Croskey-Merritt,2025,WAS,17,245.0,7.0,0,24.38877481177276,3,7.333333333333333,1.0,0.3333333333333333,7.666666666666667,0.26506024096385544,0.034482758620689655,0.017241379310344827,0.3166666666666667,5.681818181818182,0.1761976555862931,0.5,0.3181818181818182,1.6666666666666667,-0.605848995386623,43.333333333333336,8.666666666666666,22,3.0,17,10.294117647058824,0.7647058823529411,0.5294117647058824,10.823529411764707,0.3615702479338843,0.03009259259259259,0.0313588850174216,0.39470588235294124,4.6,-0.03731874138125088,0.42857142857142855,0.2342857142857143,5.230769230769231,0.07955487036647707,51.35294117647059,8.252941176470587,175,13.0,138.0,17,0.0,0,0,0,0,0,4.11,-0.08369854861470176,0.395,11.764705882352942,0.4024144869215292,0.7647058823529411,0.6470588235294118,0.02968036529680365,5.230769230769231,8.117647058823529,200.0,13.0
00-0040466,Raheim Sanders,2025,CLE,4,,,1,23.23340177960301,3,7.333333333333333,1.0,0.6666666666666666,8.0,0.275,0.03260869565217391,0.029411764705882353,0.25333333333333335,3.0,0.10219763491874226,0.45454545454545453,0.2727272727272727,4.666666666666667,-0.009078410066043327,26.666666666666668,5.333333333333333,22,3.0,4,6.75,1.0,0.75,7.5,0.25961538461538464,0.035398230088495575,0.0379746835443038,0.2575,3.4074074074074074,0.03336477737132184,0.4074074074074074,0.25925925925925924,5.25,0.2975518649327575,28.25,5.074999999999999,27,4.0,24.7,5,0.0,0,0,0,0,0,5.181818181818182,-0.14568530273655556,0.2727272727272727,2.2,0.0873015873015873,2.4,2.2,0.08823529411764706,6.666666666666667,4.9399999999999995,11.0,12.0
00-0040556,Corey Kiner,2025,ARI,4,,,1,23.61122518822724,3,3.0,0.0,0.0,3.0,0.15789473684210525,0.0,0.0,0.09333333333333332,5.0,0.14397168248089867,0.5555555555555556,0.3333333333333333,,,15.0,1.5000000000000002,9,0.0,4,3.0,0.75,0.5,3.5,0.16666666666666666,0.023076923076923078,0.022988505747126436,0.1325,4.833333333333333,0.157321925473904,0.5,0.3333333333333333,5.0,-0.144132003944833,18.25,2.325,12,3.0,9.600000000000001,4,0.0,0,0,0,0,0,2.4705882352941178,-0.19645754497169557,0.23529411764705882,4.25,0.17,1.0,0.75,0.03636363636363636,6.0,2.4000000000000004,17.0,4.0
00-0040583,Woody Marks,2025,HOU,16,116.0,4.0,0,24.673511293634498,3,4.0,1.0,0.6666666666666666,4.666666666666667,0.18461538461538463,0.03488372093023256,0.03508771929824561,0.2866666666666667,3.6666666666666665,-0.38453577366696373,0.08333333333333333,0.0,15.333333333333334,0.7376022137544024,30.0,3.6666666666666665,12,3.0,16,12.25,2.25,1.5,13.75,0.4365256124721604,0.06936416184971098,0.07038123167155426,0.515,3.586734693877551,-0.1488696042691606,0.3622448979591837,0.1989795918367347,5.777777777777778,0.20082348311130516,56.9375,9.068750000000001,196,36.0,156.7,16,0.0,0,0,0,0,0,3.5145631067961167,-0.13782685549172383,0.3737864077669903,12.875,0.45274725274725275,2.5625,1.8125,0.07522935779816514,4.7073170731707314,9.79375,206.0,41.0
00-0040586,Jaydon Blue,2025,DAL,5,149.0,5.0,0,21.648186173853524,3,4.666666666666667,0.3333333333333333,0.3333333333333333,5.0,0.17721518987341772,0.010869565217391304,0.015625,0.16333333333333333,2.5714285714285716,-0.34880427275285353,0.14285714285714285,0.14285714285714285,5.0,-0.119361729361117,13.666666666666666,1.7000000000000002,14,1.0,5,7.6,0.2,0.2,7.8,0.2714285714285714,0.006666666666666667,0.01,0.25599999999999995,3.3947368421052633,-0.19704303832565367,0.2894736842105263,0.18421052631578946,5.0,-0.119361729361117,26.8,4.08,38,1.0,15.3,2,0.0,0,0,0,0,0,3.875,-0.10851565157645375,0.375,12.0,0.39344262295081966,0.0,0.0,0.0,,7.65,24.0,0.0
00-0040644,Trevor Etienne,2025,CAR,17,114.0,4.0,0,21.14715947980835,3,0.3333333333333333,0.3333333333333333,0.3333333333333333,0.6666666666666666,0.013513513513513514,0.009009009009009009,0.014492753623188406,0.02666666666666667,4.0,-0.0755558335222304,0.0,0.0,2.0,-0.657253467245027,2.0,0.5333333333333333,1,1.0,17,1.1764705882352942,0.17647058823529413,0.17647058823529413,1.3529411764705883,0.04338394793926247,0.00625,0.00911854103343465,0.05588235294117648,4.7,-0.07851518890238404,0.35,0.3,4.333333333333333,-0.19391987042035894,6.294117647058823,0.8058823529411764,20,3.0,12.1,14,0.0,0,0,0,0,0,4.7368421052631575,-0.07867094444870794,0.3684210526315789,1.3571428571428572,0.04909560723514212,0.14285714285714285,0.14285714285714285,0.005420054200542005,5.5,0.8642857142857142,19.0,2.0
00-0040666,Omarion Hampton,2025,LAC,9,22.0,1.0,0,22.46406570841889,3,14.0,3.6666666666666665,3.0,17.0,0.5316455696202531,0.10377358490566038,0.125,0.7366666666666667,3.380952380952381,-0.12382863174698225,0.35714285714285715,0.23809523809523808,6.636363636363637,0.13019289684862925,71.66666666666667,12.166666666666666,42,11.0,9,13.777777777777779,3.888888888888889,3.5555555555555554,17.333333333333332,0.5145228215767634,0.12323943661971831,0.1641025641025641,0.6344444444444446,4.395161290322581,-0.006255959060231525,0.41935483870967744,0.25,5.485714285714286,-0.016898636671248798,81.88888888888889,15.077777777777776,124,35.0,130.6,9,0.0,0,0,0,0,0,4.515151515151516,-0.08810136169078772,0.4318181818181818,14.666666666666666,0.5432098765432098,3.0,2.7777777777777777,0.10227272727272728,5.185185185185185,14.511111111111111,132.0,27.0
00-0040715,Cam Skattebo,2025,NYG,8,105.0,4.0,0,23.57015742642026,3,7.666666666666667,4.333333333333333,3.3333333333333335,11.0,0.323943661971831,0.12745098039215685,0.15384615384615385,0.41,4.434782608695652,0.03581373922213014,0.43478260869565216,0.30434782608695654,6.6923076923076925,-0.0330343427351462,63.0,13.633333333333335,23,13.0,8,12.625,4.0,3.0,15.625,0.43162393162393164,0.1322314049586777,0.15894039735099338,0.5225,4.0594059405940595,-0.11977056090631963,0.40594059405940597,0.26732673267326734,6.46875,0.10494861856022901,77.125,15.9625,101,32.0,123.4,8,0.0,0,0,0,0,0,3.7890625,-0.16428394928802895,0.375,16.0,0.5039370078740157,3.375,2.625,0.12162162162162163,6.62962962962963,15.425,128.0,27.0
00-0040719,Bhayshul Tuten,2025,JAX,15,104.0,4.0,0,23.54551676933607,3,5.666666666666667,1.0,0.6666666666666666,6.333333333333333,0.20481927710843373,0.027777777777777776,0.031746031746031744,0.16,4.352941176470588,0.0009937698298182343,0.6470588235294118,0.17647058823529413,10.666666666666666,1.1325795117494042,35.333333333333336,8.200000000000001,17,3.0,15,5.533333333333333,0.9333333333333333,0.6666666666666666,6.2,0.19168591224018475,0.029473684210526315,0.03355704697986577,0.21133333333333332,3.6987951807228914,-0.122750944569292,0.46987951807228917,0.27710843373493976,5.642857142857143,0.39252971324770364,25.733333333333334,5.906666666666666,83,14.0,105.0,15,0.0,0,0,0,0,0,4.009174311926605,-0.06917551654343365,0.45871559633027525,7.266666666666667,0.25,1.0666666666666667,0.8666666666666667,0.03611738148984198,5.1875,7.0,109.0,16.0
00-0040730,RJ Harvey,2025,DEN,17,60.0,2.0,0,24.57221081451061,3,4.333333333333333,2.0,1.6666666666666667,6.0,0.17333333333333334,0.06666666666666667,0.08196721311475409,0.3033333333333333,6.153846153846154,-0.08676809249804,0.23076923076923078,0.07692307692307693,4.833333333333333,-0.38523273522150786,36.333333333333336,5.3,13,6.0,17,8.588235294117647,3.411764705882353,2.764705882352941,11.352941176470589,0.3201754385964912,0.09931506849315068,0.1211340206185567,0.4211764705882353,3.6986301369863015,-0.1567614043214484,0.363013698630137,0.1917808219178082,6.137931034482759,0.32888779772057025,52.705882352941174,12.15294117647059,146,58.0,209.5,16,0.0,0,0,0,0,1,3.5072463768115942,-0.1553648989175309,0.38405797101449274,8.625,0.32779097387173395,3.9375,3.25,0.11413043478260869,6.2063492063492065,13.09375,138.0,63.0
00-0040734,TreVeyon Henderson,2025,NE,17,38.0,2.0,0,22.861054072553046,3,6.333333333333333,3.6666666666666665,3.6666666666666665,10.0,0.25,0.10576923076923077,0.14285714285714285,0.37666666666666665,3.4210526315789473,-0.017260739368411052,0.3157894736842105,0.21052631578947367,6.636363636363637,0.06002015484060277,46.0,8.266666666666667,19,11.0,17,10.588235294117647,2.4705882352941178,2.0588235294117645,12.647058823529411,0.3643724696356275,0.08713692946058091,0.09695290858725762,0.4588235294117647,5.061111111111111,0.04685741553992191,0.4166666666666667,0.25,5.261904761904762,0.06378495772593443,66.58823529411765,12.129411764705884,180,42.0,198.9,16,0.0,0,0,0,0,1,5.108108108108108,0.02590201008470683,0.41081081081081083,11.5625,0.3919491525423729,2.0,1.5625,0.07459207459207459,4.8125,12.43125,185.0,32.0
00-0040784,Quinshon Judkins,2025,CLE,14,36.0,2.0,0,21.842573579739906,3,16.333333333333332,3.0,2.6666666666666665,19.0,0.7205882352941176,0.08333333333333333,0.12307692307692308,0.4666666666666666,4.836734693877551,0.1162299996141549,0.3673469387755102,0.30612244897959184,4.888888888888889,-0.09684857001735003,93.66666666666667,16.033333333333335,49,9.0,14,16.428571428571427,2.5714285714285716,1.8571428571428572,18.285714285714285,0.6609195402298851,0.08256880733944955,0.09848484848484848,0.505,3.5956521739130434,-0.1091429170804427,0.33043478260869563,0.21739130434782608,4.75,-0.20255491773423262,71.28571428571429,12.128571428571428,230,36.0,170.0,15,0.0,0,0,0,0,0,3.1958333333333333,-0.1993457321696643,0.30833333333333335,16.0,0.6282722513089005,2.8666666666666667,2.2,0.09706546275395034,5.186046511627907,11.333333333333334,240.0,43.0
00-0040878,Mike Washington Jr.,2026,LV,3,122.0,4.0,0,23.16495550992471,3,5.0,0.3333333333333333,0.0,5.0,0.16129032258064516,0.011363636363636364,0.0,0.18000000000000002,6.8,0.12810826541390252,0.4,0.26666666666666666,0.0,-0.539872482419014,34.0,5.3999999999999995,15,1.0,3,5.0,0.3333333333333333,0.0,5.0,0.16129032258064516,0.011363636363636364,0.0,0.18000000000000002,6.8,0.12810826541390252,0.4,0.26666666666666666,0.0,-0.539872482419014,34.0,5.3999999999999995,15,1.0,0.0,0,0.0,0,0,0,0,0,,,,,,,,,,,,
00-0041013,Emmett Johnson,2026,KC,3,161.0,5.0,0,22.89390828199863,3,5.333333333333333,1.3333333333333333,1.3333333333333333,6.666666666666667,0.17391304347826086,0.04395604395604396,0.05970149253731343,0.27,3.5,-0.01302363799889425,0.5,0.1875,16.0,1.2745045551855592,40.0,5.333333333333333,16,4.0,3,5.333333333333333,1.3333333333333333,1.3333333333333333,6.666666666666667,0.17391304347826086,0.04395604395604396,0.05970149253731343,0.27,3.5,-0.01302363799889425,0.5,0.1875,16.0,1.2745045551855592,40.0,5.333333333333333,16,4.0,0.0,0,0.0,0,0,0,0,0,,,,,,,,,,,,
00-0041027,Jeremiyah Love,2026,ARI,3,3.0,1.0,0,21.253935660506503,3,13.666666666666666,4.0,3.3333333333333335,17.0,0.5256410256410257,0.10619469026548672,0.12195121951219512,0.49000000000000005,3.902439024390244,-0.009772750008113047,0.4634146341463415,0.14634146341463414,3.6666666666666665,-0.060579505312755084,68.0,14.133333333333333,41,12.0,3,13.666666666666666,4.0,3.3333333333333335,17.0,0.5256410256410257,0.10619469026548672,0.12195121951219512,0.49000000000000005,3.902439024390244,-0.009772750008113047,0.4634146341463415,0.14634146341463414,3.6666666666666665,-0.060579505312755084,68.0,14.133333333333333,41,12.0,0.0,0,0.0,0,0,0,0,1,,,,,,,,,,,,
00-0041052,Kaelon Black,2026,SF,3,90.0,3.0,0,24.87337440109514,3,8.333333333333334,0.6666666666666666,0.3333333333333333,8.666666666666666,0.3125,0.024691358024691357,0.016666666666666666,0.30333333333333334,4.28,-0.09148329426068813,0.4,0.16,2.5,-0.16934809833765052,37.333333333333336,4.066666666666666,25,2.0,3,8.333333333333334,0.6666666666666666,0.3333333333333333,8.666666666666666,0.3125,0.024691358024691357,0.016666666666666666,0.30333333333333334,4.28,-0.09148329426068813,0.4,0.16,2.5,-0.16934809833765052,37.333333333333336,4.066666666666666,25,2.0,0.0,0,0.0,0,0,0,0,0,,,,,,,,,,,,
00-0041125,Seth McGowan,2026,IND,3,237.0,7.0,0,24.856947296372347,3,2.0,0.3333333333333333,0.3333333333333333,2.3333333333333335,0.07228915662650602,0.010638297872340425,0.015384615384615385,0.10666666666666665,2.3333333333333335,-0.2317052412060245,0.16666666666666666,0.16666666666666666,0.0,-1.75167942097931,4.666666666666667,0.7999999999999999,6,1.0,3,2.0,0.3333333333333333,0.3333333333333333,2.3333333333333335,0.07228915662650602,0.010638297872340425,0.015384615384615385,0.10666666666666665,2.3333333333333335,-0.2317052412060245,0.16666666666666666,0.16666666666666666,0.0,-1.75167942097931,4.666666666666667,0.7999999999999999,6,1.0,0.0,0,0.0,0,0,0,0,0,,,,,,,,,,,,
00-0041326,CJ Donaldson,2026,NO,3,,,1,22.146475017111566,3,1.3333333333333333,0.6666666666666666,0.3333333333333333,1.6666666666666667,0.05,0.016129032258064516,0.01098901098901099,0.20666666666666667,2.75,0.433294170870795,1.0,0.75,-1.0,-0.64314121118514,3.0,0.6333333333333333,4,2.0,3,1.3333333333333333,0.6666666666666666,0.3333333333333333,1.6666666666666667,0.05,0.016129032258064516,0.01098901098901099,0.20666666666666667,2.75,0.433294170870795,1.0,0.75,-1.0,-0.64314121118514,3.0,0.6333333333333333,4,2.0,0.0,0,0.0,0,0,0,0,0,,,,,,,,,,,,
00-0041512,Jadarian Price,2026,SEA,3,32.0,1.0,0,22.89664613278576,3,9.333333333333334,2.3333333333333335,1.3333333333333333,10.666666666666666,0.35,0.07368421052631578,0.058823529411764705,0.3666666666666667,4.25,-0.4448760784632343,0.35714285714285715,0.2857142857142857,3.0,-0.0803237783007457,46.666666666666664,4.666666666666667,28,7.0,3,9.333333333333334,2.3333333333333335,1.3333333333333333,10.666666666666666,0.35,0.07368421052631578,0.058823529411764705,0.3666666666666667,4.25,-0.4448760784632343,0.35714285714285715,0.2857142857142857,3.0,-0.0803237783007457,46.666666666666664,4.666666666666667,28,7.0,0.0,0,0.0,0,0,0,0,0,,,,,,,,,,,,
