season,week,sleeper_id,player,position,team,a_pts_ppr,p_pts_ppr,resid,pred_change,verdict,why,snap_share,level,d_targets,d_carries,d_tds,injury_status,injury_part,left_early,cuts
2026,1,5849,Kyler Murray,QB,MIN,0.62,18.05,-17.43,-5.123667857709572,INJURED,2 carries against 5.9 expected. 5 attempts against 33.0 expected. 17% of the snaps. 0 touchdowns against 1.7 expected.,0.16923076923076924,18.05,0.0,-3.91,-1.67,Out,Concussion,True,"{""resid_lo"": -5.550000000000001, ""resid_hi"": 5.849999999999998, ""sell_cut"": 0.8203429152366721, ""buy_cut"": -1.6236237306997519}"
2026,1,7564,Ja'Marr Chase,WR,CIN,3.2,20.36,-17.16,-5.069537735219777,HOLD,4 targets against 9.4 expected. 94% of the snaps. 0 touchdowns against 0.8 expected.,0.9375,20.36,-5.43,-0.24,-0.78,,,False,"{""resid_lo"": -5.550000000000001, ""resid_hi"": 5.849999999999998, ""sell_cut"": 0.8203429152366721, ""buy_cut"": -1.6236237306997519}"
2026,1,4943,Sam Darnold,QB,SEA,0.52,17.11,-16.59,-4.863762654927011,INJURED,2 attempts against 32.6 expected. 10% of the snaps. 0 touchdowns against 1.8 expected.,0.1,17.11,0.0,-2.92,-1.81,Out,Hip,True,"{""resid_lo"": -5.550000000000001, ""resid_hi"": 5.849999999999998, ""sell_cut"": 0.8203429152366721, ""buy_cut"": -1.6236237306997519}"
2026,1,12517,Colston Loveland,TE,CHI,0.0,13.78,-13.78,-2.8420916477282643,HOLD,2 targets against 7.1 expected. 87% of the snaps.,0.8666666666666667,13.78,-5.08,-0.05,-0.42,,,False,"{""resid_lo"": -5.550000000000001, ""resid_hi"": 5.849999999999998, ""sell_cut"": 0.8203429152366721, ""buy_cut"": -1.6236237306997519}"
2026,1,421,Matthew Stafford,QB,LAR,5.1,18.23,-13.13,-3.8878804998908776,HOLD,25 attempts against 32.6 expected. 84% of the snaps. 0 touchdowns against 2.2 expected.,0.8360655737704918,18.23,0.0,0.69,-2.1799999999999997,,,False,"{""resid_lo"": -5.550000000000001, ""resid_hi"": 5.849999999999998, ""sell_cut"": 0.8203429152366721, ""buy_cut"": -1.6236237306997519}"
2026,1,7526,Jaylen Waddle,WR,DEN,1.2,14.22,-13.020000000000001,-3.2158543018633705,HOLD,3 targets against 7.6 expected. 75% of the snaps.,0.7450980392156863,14.22,-4.6,-0.22,-0.37,,,False,"{""resid_lo"": -5.550000000000001, ""resid_hi"": 5.849999999999998, ""sell_cut"": 0.8203429152366721, ""buy_cut"": -1.6236237306997519}"
2026,1,9756,Jordan Addison,WR,MIN,0.0,11.71,-11.71,-2.182605414687161,HOLD,2 targets against 6.1 expected. 83% of the snaps.,0.8307692307692308,11.71,-4.13,-0.27,-0.44,,,False,"{""resid_lo"": -5.550000000000001, ""resid_hi"": 5.849999999999998, ""sell_cut"": 0.8203429152366721, ""buy_cut"": -1.6236237306997519}"
2026,1,5859,A.J. Brown,WR,NE,5.6,16.84,-11.24,-4.201685754011097,INJURED,4 targets against 8.0 expected. 44% of the snaps.,0.43661971830985913,16.84,-4.02,-0.04,-0.57,IR,Ankle,False,"{""resid_lo"": -5.550000000000001, ""resid_hi"": 5.849999999999998, ""sell_cut"": 0.8203429152366721, ""buy_cut"": -1.6236237306997519}"
2026,1,8121,Romeo Doubs,WR,NE,0.0,10.57,-10.57,-2.0882223474278807,HOLD,3 targets against 5.8 expected. 56% of the snaps.,0.5633802816901409,10.57,-2.7800000000000002,0.0,-0.32,,,False,"{""resid_lo"": -5.550000000000001, ""resid_hi"": 5.849999999999998, ""sell_cut"": 0.8203429152366721, ""buy_cut"": -1.6236237306997519}"
2026,1,11563,Bo Nix,QB,DEN,6.44,17.0,-10.559999999999999,-3.523220457588549,HOLD,3 carries against 4.3 expected. 28 attempts against 35.2 expected. 100% of the snaps. 1 touchdown against 1.6 expected.,1.0,17.0,0.0,-1.33,-0.6199999999999999,,,False,"{""resid_lo"": -5.550000000000001, ""resid_hi"": 5.849999999999998, ""sell_cut"": 0.8203429152366721, ""buy_cut"": -1.6236237306997519}"
2026,1,8137,George Pickens,WR,DAL,5.8,15.55,-9.75,-3.1013782135770254,HOLD,6 targets against 8.3 expected. 84% of the snaps.,0.8448275862068966,15.55,-2.2699999999999996,-0.06,-0.36,,,False,"{""resid_lo"": -5.550000000000001, ""resid_hi"": 5.849999999999998, ""sell_cut"": 0.8203429152366721, ""buy_cut"": -1.6236237306997519}"
2026,1,7553,Kyle Pitts,TE,ATL,0.0,9.7,-9.7,-1.6283667004816893,HOLD,1 targets against 5.9 expected. 63% of the snaps.,0.6333333333333333,9.7,-4.89,0.0,-0.21,,,False,"{""resid_lo"": -5.550000000000001, ""resid_hi"": 5.849999999999998, ""sell_cut"": 0.8203429152366721, ""buy_cut"": -1.6236237306997519}"
2026,1,7567,Kenny Gainwell,RB,TB,2.8,12.25,-9.45,-1.8207824311505003,HOLD,1 targets against 3.1 expected. 5 carries against 9.1 expected. 46% of the snaps.,0.45614035087719296,12.25,-2.12,-4.140000000000001,-0.51,,,False,"{""resid_lo"": -5.550000000000001, ""resid_hi"": 5.849999999999998, ""sell_cut"": 0.8203429152366721, ""buy_cut"": -1.6236237306997519}"
2026,1,8112,Drake London,WR,ATL,5.5,14.17,-8.67,-2.392187848305177,HOLD,4 targets against 8.2 expected. 98% of the snaps.,0.9833333333333333,14.17,-4.23,0.94,-0.4,,,False,"{""resid_lo"": -5.550000000000001, ""resid_hi"": 5.849999999999998, ""sell_cut"": 0.8203429152366721, ""buy_cut"": -1.6236237306997519}"
2026,1,5927,Terry McLaurin,WR,WAS,3.4,12.05,-8.65,-1.9448286174981493,HOLD,4 targets against 7.3 expected. 87% of the snaps.,0.8714285714285714,12.05,-3.3099999999999996,-0.05,-0.32,,,False,"{""resid_lo"": -5.550000000000001, ""resid_hi"": 5.849999999999998, ""sell_cut"": 0.8203429152366721, ""buy_cut"": -1.6236237306997519}"
2026,1,9493,Puka Nacua,WR,LAR,12.4,20.96,-8.56,-4.612968963341306,HOLD,"9 targets, about what was expected. 70% of the snaps. 0 touchdowns against 0.6 expected.",0.7049180327868853,20.96,-0.6600000000000001,-0.45,-0.61,,,False,"{""resid_lo"": -5.550000000000001, ""resid_hi"": 5.849999999999998, ""sell_cut"": 0.8203429152366721, ""buy_cut"": -1.6236237306997519}"
2026,1,7021,Rico Dowdle,RB,PIT,4.1,12.54,-8.44,-1.6031612456962077,BUY LOW,5 targets against 3.0 expected. 8 carries against 13.1 expected. 58% of the snaps.,0.582089552238806,12.54,1.98,-5.050000000000001,-0.38,,,False,"{""resid_lo"": -5.550000000000001, ""resid_hi"": 5.849999999999998, ""sell_cut"": 0.8203429152366721, ""buy_cut"": -1.6236237306997519}"
2026,1,7049,Jauan Jennings,WR,MIN,0.0,8.41,-8.41,-1.4004440314198847,BUY LOW,1 targets against 4.4 expected. 48% of the snaps.,0.47692307692307695,8.41,-3.38,0.0,-0.33,,,False,"{""resid_lo"": -5.550000000000001, ""resid_hi"": 5.849999999999998, ""sell_cut"": 0.8203429152366721, ""buy_cut"": -1.6236237306997519}"
2026,1,4981,Calvin Ridley,WR,TEN,0.0,8.23,-8.23,-1.1836324574113073,BUY LOW,0 targets against 4.7 expected. 64% of the snaps.,0.64,8.23,-4.65,-0.04,-0.3,,,False,"{""resid_lo"": -5.550000000000001, ""resid_hi"": 5.849999999999998, ""sell_cut"": 0.8203429152366721, ""buy_cut"": -1.6236237306997519}"
2026,1,7571,Rashod Bateman,WR,BAL,0.0,7.92,-7.92,-0.8354618578183621,BUY LOW,1 targets against 4.5 expected. 78% of the snaps.,0.7794117647058824,7.92,-3.54,-0.06,-0.23,,,False,"{""resid_lo"": -5.550000000000001, ""resid_hi"": 5.849999999999998, ""sell_cut"": 0.8203429152366721, ""buy_cut"": -1.6236237306997519}"
2026,1,12507,Omarion Hampton,RB,LAC,8.3,16.0,-7.699999999999999,-2.8350170772885224,HOLD,0 targets against 4.0 expected. 12 carries against 14.6 expected. 58% of the snaps.,0.5818181818181818,16.0,-3.97,-2.58,0.5,,,False,"{""resid_lo"": -5.550000000000001, ""resid_hi"": 5.849999999999998, ""sell_cut"": 0.8203429152366721, ""buy_cut"": -1.6236237306997519}"
2026,1,8676,Rashid Shaheed,WR,SEA,1.4,9.07,-7.67,-1.247199208862749,BUY LOW,3 targets against 4.7 expected. 66% of the snaps.,0.66,9.07,-1.7199999999999998,-0.62,-0.27,,,False,"{""resid_lo"": -5.550000000000001, ""resid_hi"": 5.849999999999998, ""sell_cut"": 0.8203429152366721, ""buy_cut"": -1.6236237306997519}"
2026,1,7525,DeVonta Smith,WR,PHI,8.3,15.73,-7.43,-2.6992659012732148,HOLD,6 targets against 7.0 expected. 95% of the snaps.,0.9454545454545454,15.73,-1.04,-0.05,-0.46,,,False,"{""resid_lo"": -5.550000000000001, ""resid_hi"": 5.849999999999998, ""sell_cut"": 0.8203429152366721, ""buy_cut"": -1.6236237306997519}"
2026,1,4866,Saquon Barkley,RB,PHI,9.0,16.34,-7.34,-2.3250294435599503,HOLD,2 targets against 3.0 expected. 15 carries against 17.2 expected. 71% of the snaps.,0.7090909090909091,16.34,-1.04,-2.25,-0.59,,,False,"{""resid_lo"": -5.550000000000001, ""resid_hi"": 5.849999999999998, ""sell_cut"": 0.8203429152366721, ""buy_cut"": -1.6236237306997519}"
2026,1,9754,Quentin Johnston,WR,LAC,3.7,11.0,-7.3,-1.4773399001724012,BUY LOW,"6 targets, about what was expected. 78% of the snaps.",0.7818181818181819,11.0,0.15000000000000036,-0.19,-0.39,,,False,"{""resid_lo"": -5.550000000000001, ""resid_hi"": 5.849999999999998, ""sell_cut"": 0.8203429152366721, ""buy_cut"": -1.6236237306997519}"
2026,1,4892,Baker Mayfield,QB,TB,11.64,18.92,-7.280000000000001,-3.4005540073191574,HOLD,5 carries against 3.2 expected. 28 attempts against 32.1 expected. 100% of the snaps. 1 touchdown against 2.2 expected.,1.0,18.92,0.0,1.75,-1.2199999999999998,,,False,"{""resid_lo"": -5.550000000000001, ""resid_hi"": 5.849999999999998, ""sell_cut"": 0.8203429152366721, ""buy_cut"": -1.6236237306997519}"
2026,1,6801,Tee Higgins,WR,CIN,8.9,16.13,-7.229999999999999,-3.0325442587817117,HOLD,6 targets against 7.4 expected. 72% of the snaps. 0 touchdowns against 0.7 expected.,0.71875,16.13,-1.4000000000000004,-0.05,-0.72,,,False,"{""resid_lo"": -5.550000000000001, ""resid_hi"": 5.849999999999998, ""sell_cut"": 0.8203429152366721, ""buy_cut"": -1.6236237306997519}"
2026,1,5045,Courtland Sutton,WR,DEN,3.1,10.22,-7.120000000000001,-1.3170867236307735,BUY LOW,"5 targets, about what was expected. 76% of the snaps.",0.7647058823529411,10.22,-0.9000000000000004,0.0,-0.3,,,False,"{""resid_lo"": -5.550000000000001, ""resid_hi"": 5.849999999999998, ""sell_cut"": 0.8203429152366721, ""buy_cut"": -1.6236237306997519}"
2026,1,10222,Jayden Reed,WR,GB,5.0,12.08,-7.08,-2.0595579267535107,HOLD,7 targets against 6.0 expected. 57% of the snaps.,0.5735294117647058,12.08,1.0499999999999998,-0.93,-0.38,,,False,"{""resid_lo"": -5.550000000000001, ""resid_hi"": 5.849999999999998, ""sell_cut"": 0.8203429152366721, ""buy_cut"": -1.6236237306997519}"
2026,1,2133,Davante Adams,WR,LAR,5.6,12.62,-7.02,-2.239191774210338,HOLD,"6 targets, about what was expected. 54% of the snaps.",0.5409836065573771,12.62,-0.79,0.0,-0.55,,,False,"{""resid_lo"": -5.550000000000001, ""resid_hi"": 5.849999999999998, ""sell_cut"": 0.8203429152366721, ""buy_cut"": -1.6236237306997519}"
2026,1,5967,Tony Pollard,RB,TEN,4.4,11.37,-6.969999999999999,-1.1843887474794352,BUY LOW,7 carries against 11.3 expected. 52% of the snaps.,0.52,11.37,-0.18000000000000016,-4.32,-0.47000000000000003,,,False,"{""resid_lo"": -5.550000000000001, ""resid_hi"": 5.849999999999998, ""sell_cut"": 0.8203429152366721, ""buy_cut"": -1.6236237306997519}"
2026,1,4217,George Kittle,TE,SF,3.2,10.09,-6.89,-1.4438374432635759,BUY LOW,"5 targets, about what was expected. 46% of the snaps.",0.46153846153846156,10.09,0.5,0.0,-0.37,,,False,"{""resid_lo"": -5.550000000000001, ""resid_hi"": 5.849999999999998, ""sell_cut"": 0.8203429152366721, ""buy_cut"": -1.6236237306997519}"
2026,1,13417,De'Zhaun Stribling,WR,SF,0.0,6.88,-6.88,-1.0871638663152652,INJURED,0 targets against 3.8 expected. 32% of the snaps.,0.3230769230769231,6.88,-3.82,-0.17,-0.24,Out,Ankle,False,"{""resid_lo"": -5.550000000000001, ""resid_hi"": 5.849999999999998, ""sell_cut"": 0.8203429152366721, ""buy_cut"": -1.6236237306997519}"
2026,1,11564,Drake Maye,QB,NE,12.82,19.67,-6.850000000000001,-3.941152359081282,HOLD,"7 carries against 5.3 expected. 33 attempts, about what was expected. 100% of the snaps. 1 touchdown against 1.9 expected.",1.0,19.67,0.0,1.6500000000000004,-0.8599999999999999,,,False,"{""resid_lo"": -5.550000000000001, ""resid_hi"": 5.849999999999998, ""sell_cut"": 0.8203429152366721, ""buy_cut"": -1.6236237306997519}"
2026,1,11655,Tyrone Tracy,RB,NYG,-0.6,6.13,-6.7299999999999995,-0.45169100271451096,BUY LOW,2 carries against 6.2 expected. 3% of the snaps.,0.028985507246376812,6.13,-1.19,-4.22,-0.25,,,False,"{""resid_lo"": -5.550000000000001, ""resid_hi"": 5.849999999999998, ""sell_cut"": 0.8203429152366721, ""buy_cut"": -1.6236237306997519}"
2026,1,8138,James Cook,RB,BUF,9.9,16.47,-6.5699999999999985,-2.187048058661793,HOLD,"4 targets, about what was expected. 13 carries against 16.3 expected. 72% of the snaps. 0 touchdowns against 0.8 expected.",0.7241379310344828,16.47,0.79,-3.2699999999999996,-0.81,,,False,"{""resid_lo"": -5.550000000000001, ""resid_hi"": 5.849999999999998, ""sell_cut"": 0.8203429152366721, ""buy_cut"": -1.6236237306997519}"
2026,1,1373,Geno Smith,QB,NYJ,9.3,15.79,-6.489999999999998,-2.2598762103854195,HOLD,6 carries against 3.0 expected. 24 attempts against 29.8 expected. 100% of the snaps. 0 touchdowns against 1.6 expected.,1.0,15.79,0.0,3.0,-1.6099999999999999,,,False,"{""resid_lo"": -5.550000000000001, ""resid_hi"": 5.849999999999998, ""sell_cut"": 0.8203429152366721, ""buy_cut"": -1.6236237306997519}"
2026,1,8110,Jake Ferguson,TE,DAL,2.6,9.06,-6.460000000000001,-0.8996712693747897,BUY LOW,2 targets against 5.3 expected. 76% of the snaps.,0.7586206896551724,9.06,-3.29,0.0,-0.25,,,False,"{""resid_lo"": -5.550000000000001, ""resid_hi"": 5.849999999999998, ""sell_cut"": 0.8203429152366721, ""buy_cut"": -1.6236237306997519}"
2026,1,6806,J.K. Dobbins,RB,DEN,3.6,10.06,-6.460000000000001,-0.8803583570761515,BUY LOW,8 carries against 11.1 expected. 43% of the snaps.,0.43137254901960786,10.06,-2.05,-3.09,-0.42,,,False,"{""resid_lo"": -5.550000000000001, ""resid_hi"": 5.849999999999998, ""sell_cut"": 0.8203429152366721, ""buy_cut"": -1.6236237306997519}"
2026,1,12506,Harold Fannin,TE,CLE,4.1,10.54,-6.4399999999999995,-1.2348230039749395,BUY LOW,3 targets against 6.5 expected. 82% of the snaps.,0.8235294117647058,10.54,-3.5,-0.2,-0.33,,,False,"{""resid_lo"": -5.550000000000001, ""resid_hi"": 5.849999999999998, ""sell_cut"": 0.8203429152366721, ""buy_cut"": -1.6236237306997519}"
2026,1,9500,Josh Downs,WR,IND,5.7,12.09,-6.39,-1.7218843553614593,HOLD,4 targets against 6.9 expected. 89% of the snaps.,0.8888888888888888,12.09,-2.91,-0.18,-0.29000000000000004,,,False,"{""resid_lo"": -5.550000000000001, ""resid_hi"": 5.849999999999998, ""sell_cut"": 0.8203429152366721, ""buy_cut"": -1.6236237306997519}"
2026,1,11603,AJ Barner,TE,SEA,3.3,9.32,-6.0200000000000005,-0.7743414440042051,BUY LOW,2 targets against 4.7 expected. 88% of the snaps.,0.88,9.32,-2.67,-0.57,-0.32,,,False,"{""resid_lo"": -5.550000000000001, ""resid_hi"": 5.849999999999998, ""sell_cut"": 0.8203429152366721, ""buy_cut"": -1.6236237306997519}"
2026,1,9226,De'Von Achane,RB,MIA,10.6,16.57,-5.970000000000001,-2.0752770962145055,HOLD,5 targets against 3.7 expected. 11 carries against 14.6 expected. 86% of the snaps.,0.8571428571428571,16.57,1.33,-3.59,-0.5599999999999999,,,False,"{""resid_lo"": -5.550000000000001, ""resid_hi"": 5.849999999999998, ""sell_cut"": 0.8203429152366721, ""buy_cut"": -1.6236237306997519}"
2026,1,12469,Dylan Sampson,RB,CLE,0.0,5.96,-5.96,-0.4108723976061731,INJURED,0 carries against 5.6 expected. 0% of the snaps.,0.0,5.96,-2.35,-5.58,-0.14,Out,Knee,False,"{""resid_lo"": -5.550000000000001, ""resid_hi"": 5.849999999999998, ""sell_cut"": 0.8203429152366721, ""buy_cut"": -1.6236237306997519}"
2026,1,9504,Kayshon Boutte,WR,HOU,3.1,9.05,-5.950000000000001,-1.454152523843589,BUY LOW,2 targets against 4.9 expected. 46% of the snaps.,0.45569620253164556,9.05,-2.92,0.0,-0.28,,,False,"{""resid_lo"": -5.550000000000001, ""resid_hi"": 5.849999999999998, ""sell_cut"": 0.8203429152366721, ""buy_cut"": -1.6236237306997519}"
2026,1,12485,Tez Johnson,WR,TB,-0.4,5.54,-5.94,-0.5542752534604278,BUY LOW,23% of the snaps.,0.22807017543859648,5.54,-1.83,0.91,-0.24,,,False,"{""resid_lo"": -5.550000000000001, ""resid_hi"": 5.849999999999998, ""sell_cut"": 0.8203429152366721, ""buy_cut"": -1.6236237306997519}"
2026,1,9511,Keaton Mitchell,RB,LAC,0.9,6.73,-5.83,-0.08346983420547835,BUY LOW,4 carries against 5.5 expected. 31% of the snaps.,0.3090909090909091,6.73,-1.52,-1.46,-0.21,,,False,"{""resid_lo"": -5.550000000000001, ""resid_hi"": 5.849999999999998, ""sell_cut"": 0.8203429152366721, ""buy_cut"": -1.6236237306997519}"
2026,1,11581,MarShawn Lloyd,RB,GB,3.7,9.52,-5.819999999999999,-0.5223566859664213,BUY LOW,13 carries against 11.6 expected. 44% of the snaps.,0.4411764705882353,9.52,-1.38,1.3800000000000008,-0.4,,,False,"{""resid_lo"": -5.550000000000001, ""resid_hi"": 5.849999999999998, ""sell_cut"": 0.8203429152366721, ""buy_cut"": -1.6236237306997519}"
2026,1,10213,Tre Tucker,WR,LV,4.7,10.5,-5.8,-1.3933359844426247,BUY LOW,4 targets against 5.7 expected. 71% of the snaps.,0.7058823529411765,10.5,-1.7300000000000004,-0.25,-0.36,,,False,"{""resid_lo"": -5.550000000000001, ""resid_hi"": 5.849999999999998, ""sell_cut"": 0.8203429152366721, ""buy_cut"": -1.6236237306997519}"
2026,1,4034,Christian McCaffrey,RB,SF,13.8,19.58,-5.779999999999998,-3.291189059950745,HOLD,8 targets against 5.5 expected. 10 carries against 17.6 expected. 55% of the snaps. 0 touchdowns against 0.7 expected.,0.5538461538461539,19.58,2.4699999999999998,-7.640000000000001,-0.74,,,False,"{""resid_lo"": -5.550000000000001, ""resid_hi"": 5.849999999999998, ""sell_cut"": 0.8203429152366721, ""buy_cut"": -1.6236237306997519}"
2026,1,6770,Joe Burrow,QB,CIN,15.16,20.92,-5.760000000000002,-3.8051290136249394,HOLD,5 carries against 2.5 expected. 35 attempts against 36.9 expected. 100% of the snaps. 1 touchdown against 2.5 expected.,1.0,20.92,0.0,2.51,-1.54,,,False,"{""resid_lo"": -5.550000000000001, ""resid_hi"": 5.849999999999998, ""sell_cut"": 0.8203429152366721, ""buy_cut"": -1.6236237306997519}"
2026,1,8148,Jameson Williams,WR,DET,8.5,14.15,-5.65,-2.076945648296157,HOLD,9 targets against 6.9 expected. 84% of the snaps.,0.8441558441558441,14.15,2.09,-0.55,-0.5,,,False,"{""resid_lo"": -5.550000000000001, ""resid_hi"": 5.849999999999998, ""sell_cut"": 0.8203429152366721, ""buy_cut"": -1.6236237306997519}"
2026,1,11199,Emari Demercado,RB,DAL,0.7,6.08,-5.38,-0.210207702986646,HOLD,2 carries against 4.3 expected. 9% of the snaps.,0.08620689655172414,6.08,-1.29,-2.29,-0.22000000000000003,,,False,"{""resid_lo"": -5.550000000000001, ""resid_hi"": 5.849999999999998, ""sell_cut"": 0.8203429152366721, ""buy_cut"": -1.6236237306997519}"
2026,1,11628,Marvin Harrison,WR,ARI,4.3,9.65,-5.3500000000000005,-1.1045243680844592,HOLD,3 targets against 6.6 expected. 79% of the snaps.,0.7866666666666666,9.65,-3.6100000000000003,0.0,-0.26,,,False,"{""resid_lo"": -5.550000000000001, ""resid_hi"": 5.849999999999998, ""sell_cut"": 0.8203429152366721, ""buy_cut"": -1.6236237306997519}"
2026,1,11571,Isaiah Davis,RB,NYJ,0.0,5.29,-5.29,-0.10639275355816144,HOLD,0 carries against 3.3 expected. 0% of the snaps.,0.0,5.29,-1.57,-3.3,-0.24,,,False,"{""resid_lo"": -5.550000000000001, ""resid_hi"": 5.849999999999998, ""sell_cut"": 0.8203429152366721, ""buy_cut"": -1.6236237306997519}"
2026,1,10219,Chris Rodriguez,RB,JAX,2.3,7.52,-5.22,-0.052657336587872666,HOLD,6 carries against 9.6 expected. 40% of the snaps.,0.40350877192982454,7.52,-0.67,-3.58,-0.43,,,False,"{""resid_lo"": -5.550000000000001, ""resid_hi"": 5.849999999999998, ""sell_cut"": 0.8203429152366721, ""buy_cut"": -1.6236237306997519}"
2026,1,9508,Tyjae Spears,RB,TEN,4.4,9.6,-5.199999999999999,-0.5093304632549243,HOLD,"4 targets, about what was expected. 3 carries against 6.7 expected. 50% of the snaps.",0.5,9.6,0.94,-3.74,-0.36,,,False,"{""resid_lo"": -5.550000000000001, ""resid_hi"": 5.849999999999998, ""sell_cut"": 0.8203429152366721, ""buy_cut"": -1.6236237306997519}"
2026,1,9225,Tank Bigsby,RB,PHI,0.3,5.43,-5.13,-0.003372369255771751,HOLD,1 carries against 5.1 expected. 11% of the snaps.,0.10909090909090909,5.43,-1.05,-4.12,-0.21,,,False,"{""resid_lo"": -5.550000000000001, ""resid_hi"": 5.849999999999998, ""sell_cut"": 0.8203429152366721, ""buy_cut"": -1.6236237306997519}"
2026,1,12535,Isaac TeSlaa,WR,DET,0.0,5.13,-5.13,0.16343513142238647,HOLD,68% of the snaps.,0.6753246753246753,5.13,-1.92,-0.05,-0.19,,,False,"{""resid_lo"": -5.550000000000001, ""resid_hi"": 5.849999999999998, ""sell_cut"": 0.8203429152366721, ""buy_cut"": -1.6236237306997519}"
2026,1,12523,Jimmy Horn,WR,CAR,-2.0,3.12,-5.12,0.1512455308880311,HOLD,21% of the snaps.,0.20588235294117646,3.12,-0.5700000000000001,-0.4,-0.09999999999999999,,,False,"{""resid_lo"": -5.550000000000001, ""resid_hi"": 5.849999999999998, ""sell_cut"": 0.8203429152366721, ""buy_cut"": -1.6236237306997519}"
2026,1,12522,Cam Ward,QB,TEN,11.7,16.79,-5.09,-2.9293096354441444,HOLD,4 carries against 2.7 expected. 32 attempts against 34.8 expected. 100% of the snaps. 1 touchdown against 1.7 expected.,1.0,16.79,0.0,1.2999999999999998,-0.7200000000000002,,,False,"{""resid_lo"": -5.550000000000001, ""resid_hi"": 5.849999999999998, ""sell_cut"": 0.8203429152366721, ""buy_cut"": -1.6236237306997519}"
2026,1,9494,Marvin Mims,WR,DEN,0.0,4.8,-4.8,-0.48613684823696796,HOLD,18% of the snaps.,0.17647058823529413,4.8,-2.55,-0.44,-0.13999999999999999,Questionable,Hip,False,"{""resid_lo"": -5.550000000000001, ""resid_hi"": 5.849999999999998, ""sell_cut"": 0.8203429152366721, ""buy_cut"": -1.6236237306997519}"
2026,1,11575,Ray Davis,RB,BUF,0.3,5.0,-4.7,0.13462930134353152,HOLD,1 carries against 5.3 expected. 9% of the snaps.,0.08620689655172414,5.0,-1.43,-4.3,-0.18,,,False,"{""resid_lo"": -5.550000000000001, ""resid_hi"": 5.849999999999998, ""sell_cut"": 0.8203429152366721, ""buy_cut"": -1.6236237306997519}"
2026,1,13274,Germie Bernard,WR,PIT,0.0,4.63,-4.63,-0.5937641689007302,HOLD,4% of the snaps.,0.04477611940298507,4.63,-2.67,-0.1,-0.16,,,False,"{""resid_lo"": -5.550000000000001, ""resid_hi"": 5.849999999999998, ""sell_cut"": 0.8203429152366721, ""buy_cut"": -1.6236237306997519}"
2026,1,11626,Xavier Legette,WR,CAR,0.0,4.57,-4.57,0.26580430489510504,HOLD,53% of the snaps.,0.5294117647058824,4.57,-0.7799999999999998,0.0,-0.17,,,False,"{""resid_lo"": -5.550000000000001, ""resid_hi"": 5.849999999999998, ""sell_cut"": 0.8203429152366721, ""buy_cut"": -1.6236237306997519}"
2026,1,8136,Rachaad White,RB,WAS,4.7,9.17,-4.47,-0.4352095502529026,HOLD,2 targets against 3.3 expected. 7 carries against 8.0 expected. 41% of the snaps.,0.4142857142857143,9.17,-1.2799999999999998,-1.0199999999999996,-0.26,,,False,"{""resid_lo"": -5.550000000000001, ""resid_hi"": 5.849999999999998, ""sell_cut"": 0.8203429152366721, ""buy_cut"": -1.6236237306997519}"
2026,1,12487,Terrance Ferguson,TE,LAR,0.0,4.45,-4.45,0.33365320128950043,HOLD,51% of the snaps.,0.5081967213114754,4.45,-1.98,0.0,-0.18,,,False,"{""resid_lo"": -5.550000000000001, ""resid_hi"": 5.849999999999998, ""sell_cut"": 0.8203429152366721, ""buy_cut"": -1.6236237306997519}"
2026,1,12526,Tetairoa McMillan,WR,CAR,10.5,14.9,-4.4,-2.240839989889797,HOLD,"8 targets, about what was expected. 82% of the snaps.",0.8235294117647058,14.9,0.1200000000000001,-0.08,-0.48,,,False,"{""resid_lo"": -5.550000000000001, ""resid_hi"": 5.849999999999998, ""sell_cut"": 0.8203429152366721, ""buy_cut"": -1.6236237306997519}"
2026,1,12498,Mason Taylor,TE,NYJ,1.8,6.2,-4.4,0.10606953634779015,HOLD,"3 targets, about what was expected. 66% of the snaps.",0.6567164179104478,6.2,-0.6699999999999999,0.0,-0.16,,,False,"{""resid_lo"": -5.550000000000001, ""resid_hi"": 5.849999999999998, ""sell_cut"": 0.8203429152366721, ""buy_cut"": -1.6236237306997519}"
2026,1,8210,Chig Okonkwo,TE,WAS,3.6,7.98,-4.380000000000001,-0.6538778506696726,HOLD,3 targets against 5.4 expected. 56% of the snaps.,0.5571428571428572,7.98,-2.3899999999999997,0.0,-0.15,Questionable,Hamstring,False,"{""resid_lo"": -5.550000000000001, ""resid_hi"": 5.849999999999998, ""sell_cut"": 0.8203429152366721, ""buy_cut"": -1.6236237306997519}"
2026,1,8188,Tyquan Thornton,WR,KC,0.0,4.12,-4.12,0.5570168860241791,HOLD,68% of the snaps.,0.6811594202898551,4.12,-1.71,0.0,-0.13,,,False,"{""resid_lo"": -5.550000000000001, ""resid_hi"": 5.849999999999998, ""sell_cut"": 0.8203429152366721, ""buy_cut"": -1.6236237306997519}"
2026,1,5870,Daniel Jones,QB,IND,10.04,14.08,-4.040000000000001,-2.282111635920204,HOLD,1 carries against 3.2 expected. 31 attempts against 34.2 expected. 100% of the snaps.,1.0,14.08,0.0,-2.25,0.06000000000000005,,,False,"{""resid_lo"": -5.550000000000001, ""resid_hi"": 5.849999999999998, ""sell_cut"": 0.8203429152366721, ""buy_cut"": -1.6236237306997519}"
2026,1,8127,Charlie Kolar,TE,LAC,0.0,4.0,-4.0,0.462133174811827,HOLD,55% of the snaps.,0.5454545454545454,4.0,-2.29,-0.11,-0.09,,,False,"{""resid_lo"": -5.550000000000001, ""resid_hi"": 5.849999999999998, ""sell_cut"": 0.8203429152366721, ""buy_cut"": -1.6236237306997519}"
2026,1,13294,Makai Lemon,WR,PHI,2.5,6.47,-3.9699999999999998,-0.015056917478885434,HOLD,"4 targets, about what was expected. 64% of the snaps.",0.6363636363636364,6.47,0.73,-0.11,-0.2,,,False,"{""resid_lo"": -5.550000000000001, ""resid_hi"": 5.849999999999998, ""sell_cut"": 0.8203429152366721, ""buy_cut"": -1.6236237306997519}"
2026,1,11620,Rome Odunze,WR,CHI,7.2,11.17,-3.9699999999999998,-1.8426811416463813,HOLD,3 targets against 6.6 expected. 48% of the snaps.,0.48,11.17,-3.63,-0.05,-0.38,,,False,"{""resid_lo"": -5.550000000000001, ""resid_hi"": 5.849999999999998, ""sell_cut"": 0.8203429152366721, ""buy_cut"": -1.6236237306997519}"
2026,1,10859,Sam LaPorta,TE,DET,9.8,13.77,-3.969999999999999,-1.7069085944053397,HOLD,8 targets against 6.7 expected. 81% of the snaps.,0.8051948051948052,13.77,1.3399999999999999,-0.06,-0.5,,,False,"{""resid_lo"": -5.550000000000001, ""resid_hi"": 5.849999999999998, ""sell_cut"": 0.8203429152366721, ""buy_cut"": -1.6236237306997519}"
2026,1,13434,Will Kacmarek,TE,MIA,0.0,3.96,-3.96,0.17274277046650321,HOLD,25% of the snaps.,0.25,3.96,-1.2200000000000002,0.0,-0.09,,,False,"{""resid_lo"": -5.550000000000001, ""resid_hi"": 5.849999999999998, ""sell_cut"": 0.8203429152366721, ""buy_cut"": -1.6236237306997519}"
2026,1,13293,Ja'Kobi Lane,WR,BAL,2.1,6.06,-3.9599999999999995,-0.32787475134696037,INJURED,"3 targets, about what was expected. 40% of the snaps.",0.39705882352941174,6.06,-0.6499999999999999,0.0,-0.15,Out,Wrist,False,"{""resid_lo"": -5.550000000000001, ""resid_hi"": 5.849999999999998, ""sell_cut"": 0.8203429152366721, ""buy_cut"": -1.6236237306997519}"
2026,1,6865,Colby Parkinson,TE,LAR,1.6,5.56,-3.9599999999999995,0.4789528443655389,HOLD,77% of the snaps.,0.7704918032786885,5.56,-0.8500000000000001,0.0,-0.21,,,False,"{""resid_lo"": -5.550000000000001, ""resid_hi"": 5.849999999999998, ""sell_cut"": 0.8203429152366721, ""buy_cut"": -1.6236237306997519}"
2026,1,8180,Jalen Nailor,WR,LV,5.7,9.65,-3.95,-1.0466339701615697,HOLD,"5 targets, about what was expected. 60% of the snaps.",0.6029411764705882,9.65,-0.13999999999999968,-0.12,-0.3,,,False,"{""resid_lo"": -5.550000000000001, ""resid_hi"": 5.849999999999998, ""sell_cut"": 0.8203429152366721, ""buy_cut"": -1.6236237306997519}"
2026,1,12521,Elijah Arroyo,TE,SEA,0.0,3.9,-3.9,0.05550562826822231,HOLD,22% of the snaps.,0.22,3.9,-2.36,0.0,-0.12,,,False,"{""resid_lo"": -5.550000000000001, ""resid_hi"": 5.849999999999998, ""sell_cut"": 0.8203429152366721, ""buy_cut"": -1.6236237306997519}"
2026,1,12512,Quinshon Judkins,RB,CLE,7.0,10.85,-3.8499999999999996,-0.48165519829888687,HOLD,12 carries against 14.5 expected. 65% of the snaps.,0.6470588235294118,10.85,-0.45999999999999996,-2.5299999999999994,-0.44999999999999996,,,False,"{""resid_lo"": -5.550000000000001, ""resid_hi"": 5.849999999999998, ""sell_cut"": 0.8203429152366721, ""buy_cut"": -1.6236237306997519}"
2026,1,12474,Woody Marks,RB,HOU,5.0,8.84,-3.84,-0.06775455829449442,HOLD,"9 carries, about what was expected. 51% of the snaps.",0.5063291139240507,8.84,-0.9199999999999999,-0.02999999999999936,-0.42000000000000004,,,False,"{""resid_lo"": -5.550000000000001, ""resid_hi"": 5.849999999999998, ""sell_cut"": 0.8203429152366721, ""buy_cut"": -1.6236237306997519}"
2026,1,3214,Hunter Henry,TE,NE,5.6,9.41,-3.8100000000000005,-0.7126107729471391,HOLD,3 targets against 4.8 expected. 76% of the snaps.,0.7605633802816901,9.41,-1.75,0.0,-0.3,,,False,"{""resid_lo"": -5.550000000000001, ""resid_hi"": 5.849999999999998, ""sell_cut"": 0.8203429152366721, ""buy_cut"": -1.6236237306997519}"
2026,1,2505,Darren Waller,TE,CAR,4.8,8.47,-3.670000000000001,-1.0481940162334797,HOLD,2 targets against 4.1 expected. 35% of the snaps.,0.35294117647058826,8.47,-2.1100000000000003,0.0,-0.34,,,False,"{""resid_lo"": -5.550000000000001, ""resid_hi"": 5.849999999999998, ""sell_cut"": 0.8203429152366721, ""buy_cut"": -1.6236237306997519}"
2026,1,12519,Luther Burden,WR,CHI,9.5,13.12,-3.619999999999999,-1.8788323371875228,HOLD,5 targets against 6.5 expected. 73% of the snaps.,0.7333333333333333,13.12,-1.46,0.47,-0.31,,,False,"{""resid_lo"": -5.550000000000001, ""resid_hi"": 5.849999999999998, ""sell_cut"": 0.8203429152366721, ""buy_cut"": -1.6236237306997519}"
2026,1,8172,Greg Dulcich,TE,MIA,3.8,7.3,-3.5,-0.13354850328045792,HOLD,2 targets against 4.1 expected. 77% of the snaps.,0.7678571428571429,7.3,-2.1100000000000003,0.0,-0.15,,,False,"{""resid_lo"": -5.550000000000001, ""resid_hi"": 5.849999999999998, ""sell_cut"": 0.8203429152366721, ""buy_cut"": -1.6236237306997519}"
2026,1,8225,Daniel Bellinger,TE,TEN,1.7,5.18,-3.4799999999999995,-0.18183233232660517,HOLD,28% of the snaps.,0.28,5.18,-1.5899999999999999,0.0,-0.15,,,False,"{""resid_lo"": -5.550000000000001, ""resid_hi"": 5.849999999999998, ""sell_cut"": 0.8203429152366721, ""buy_cut"": -1.6236237306997519}"
2026,1,4037,Chris Godwin,WR,TB,8.3,11.78,-3.4799999999999986,-1.3021912686510435,HOLD,4 targets against 6.2 expected. 86% of the snaps.,0.8596491228070176,11.78,-2.1900000000000004,0.95,-0.37,,,False,"{""resid_lo"": -5.550000000000001, ""resid_hi"": 5.849999999999998, ""sell_cut"": 0.8203429152366721, ""buy_cut"": -1.6236237306997519}"
2026,1,12540,Chimere Dike,WR,TEN,-0.3,3.16,-3.46,0.043861576992051426,HOLD,8% of the snaps.,0.08,3.16,-0.76,-0.41,-0.11,,,False,"{""resid_lo"": -5.550000000000001, ""resid_hi"": 5.849999999999998, ""sell_cut"": 0.8203429152366721, ""buy_cut"": -1.6236237306997519}"
2026,1,12518,Tyler Warren,TE,IND,10.3,13.76,-3.459999999999999,-2.0029122324839106,HOLD,5 targets against 7.7 expected. 93% of the snaps. 1 touchdown against 0.4 expected.,0.9259259259259259,13.76,-2.7199999999999998,-0.27,0.63,,,False,"{""resid_lo"": -5.550000000000001, ""resid_hi"": 5.849999999999998, ""sell_cut"": 0.8203429152366721, ""buy_cut"": -1.6236237306997519}"
2026,1,11631,Brian Thomas,WR,JAX,7.0,10.45,-3.4499999999999993,-1.7455596441815542,HOLD,3 targets against 5.9 expected. 35% of the snaps.,0.3508771929824561,10.45,-2.87,-0.21,-0.35000000000000003,Questionable,Shoulder,False,"{""resid_lo"": -5.550000000000001, ""resid_hi"": 5.849999999999998, ""sell_cut"": 0.8203429152366721, ""buy_cut"": -1.6236237306997519}"
2026,1,11624,Xavier Worthy,WR,KC,4.8,8.21,-3.410000000000001,-0.37202069724435255,HOLD,"6 targets, about what was expected. 77% of the snaps.",0.7681159420289855,8.21,0.21999999999999975,-1.06,-0.2,,,False,"{""resid_lo"": -5.550000000000001, ""resid_hi"": 5.849999999999998, ""sell_cut"": 0.8203429152366721, ""buy_cut"": -1.6236237306997519}"
2026,1,13285,Malachi Fields,WR,NYG,4.5,7.86,-3.3600000000000003,-0.2929024747574503,HOLD,"4 targets, about what was expected. 72% of the snaps.",0.7246376811594203,7.86,-0.16000000000000014,-0.06,-0.26,,,False,"{""resid_lo"": -5.550000000000001, ""resid_hi"": 5.849999999999998, ""sell_cut"": 0.8203429152366721, ""buy_cut"": -1.6236237306997519}"
2026,1,5846,DK Metcalf,WR,PIT,8.0,11.34,-3.34,-0.7683400205332718,HOLD,10 targets against 6.1 expected. 96% of the snaps.,0.9552238805970149,11.34,3.8899999999999997,-0.16,-0.45,,,False,"{""resid_lo"": -5.550000000000001, ""resid_hi"": 5.849999999999998, ""sell_cut"": 0.8203429152366721, ""buy_cut"": -1.6236237306997519}"
2026,1,2078,Odell Beckham,WR,NYG,0.0,3.34,-3.34,0.06693308562419267,HOLD,16% of the snaps.,0.15942028985507245,3.34,-1.78,0.0,-0.11,,,False,"{""resid_lo"": -5.550000000000001, ""resid_hi"": 5.849999999999998, ""sell_cut"": 0.8203429152366721, ""buy_cut"": -1.6236237306997519}"
2026,1,11637,Keon Coleman,WR,BUF,1.1,4.41,-3.31,0.29538106389995405,HOLD,50% of the snaps.,0.5,4.41,-1.63,-0.04,-0.16,,,False,"{""resid_lo"": -5.550000000000001, ""resid_hi"": 5.849999999999998, ""sell_cut"": 0.8203429152366721, ""buy_cut"": -1.6236237306997519}"
2026,1,11586,Blake Corum,RB,LAR,5.4,8.64,-3.24,-0.33148951413214656,HOLD,"10 carries, about what was expected. 23% of the snaps.",0.22950819672131148,8.64,-1.06,-0.7200000000000006,-0.44,,,False,"{""resid_lo"": -5.550000000000001, ""resid_hi"": 5.849999999999998, ""sell_cut"": 0.8203429152366721, ""buy_cut"": -1.6236237306997519}"
2026,1,11627,Troy Franklin,WR,DEN,0.5,3.72,-3.22,0.3725824531706085,HOLD,33% of the snaps.,0.3333333333333333,3.72,-1.31,0.89,-0.13,,,False,"{""resid_lo"": -5.550000000000001, ""resid_hi"": 5.849999999999998, ""sell_cut"": 0.8203429152366721, ""buy_cut"": -1.6236237306997519}"
2026,1,6797,Justin Herbert,QB,LAC,14.26,17.47,-3.209999999999999,-2.819460958719958,HOLD,"5 carries, about what was expected. 27 attempts against 32.3 expected. 100% of the snaps.",1.0,17.47,0.0,0.54,-0.52,,,False,"{""resid_lo"": -5.550000000000001, ""resid_hi"": 5.849999999999998, ""sell_cut"": 0.8203429152366721, ""buy_cut"": -1.6236237306997519}"
2026,1,8228,Jaylen Warren,RB,PIT,10.3,13.46,-3.16,-1.5518965291827855,HOLD,6 targets against 3.4 expected. 10 carries against 13.2 expected. 37% of the snaps.,0.373134328358209,13.46,2.64,-3.2200000000000006,-0.35,,,False,"{""resid_lo"": -5.550000000000001, ""resid_hi"": 5.849999999999998, ""sell_cut"": 0.8203429152366721, ""buy_cut"": -1.6236237306997519}"
2026,1,13411,Zavion Thomas,WR,CHI,0.0,3.16,-3.16,-0.08830733600468271,HOLD,0% of the snaps.,0.0,3.16,-1.92,-0.11,-0.09,,,False,"{""resid_lo"": -5.550000000000001, ""resid_hi"": 5.849999999999998, ""sell_cut"": 0.8203429152366721, ""buy_cut"": -1.6236237306997519}"
2026,1,4574,Cooper Rush,QB,ATL,7.72,10.85,-3.13,-0.9954545583922398,HOLD,22 attempts against 30.4 expected. 100% of the snaps.,1.0,10.85,0.0,-1.93,-0.06000000000000005,,,False,"{""resid_lo"": -5.550000000000001, ""resid_hi"": 5.849999999999998, ""sell_cut"": 0.8203429152366721, ""buy_cut"": -1.6236237306997519}"
2026,1,11237,Jacob Saylors,RB,DET,0.0,3.13,-3.13,0.7197645933307213,HOLD,0 carries against 4.3 expected. 0% of the snaps.,0.0,3.13,-0.46,-4.3,-0.13999999999999999,,,False,"{""resid_lo"": -5.550000000000001, ""resid_hi"": 5.849999999999998, ""sell_cut"": 0.8203429152366721, ""buy_cut"": -1.6236237306997519}"
2026,1,11592,Erick All,TE,CIN,0.0,3.12,-3.12,0.4971462875372821,HOLD,31% of the snaps.,0.3125,3.12,-1.67,0.0,-0.1,,,False,"{""resid_lo"": -5.550000000000001, ""resid_hi"": 5.849999999999998, ""sell_cut"": 0.8203429152366721, ""buy_cut"": -1.6236237306997519}"
2026,1,12504,Kaleb Johnson,RB,GB,0.0,3.04,-3.04,0.7576457892719022,HOLD,0 carries against 4.6 expected. 0% of the snaps.,0.0,3.04,-0.65,-4.64,-0.14,,,False,"{""resid_lo"": -5.550000000000001, ""resid_hi"": 5.849999999999998, ""sell_cut"": 0.8203429152366721, ""buy_cut"": -1.6236237306997519}"
2026,1,13533,Barion Brown,WR,NO,0.3,3.22,-2.9200000000000004,0.10573983509118806,HOLD,8% of the snaps.,0.07777777777777778,3.22,-2.06,1.0,-0.1,,,False,"{""resid_lo"": -5.550000000000001, ""resid_hi"": 5.849999999999998, ""sell_cut"": 0.8203429152366721, ""buy_cut"": -1.6236237306997519}"
2026,1,10229,Rashee Rice,WR,KC,9.9,12.8,-2.9000000000000004,-2.0917323025022156,HOLD,2 targets against 8.2 expected. 83% of the snaps. 1 touchdown against 0.3 expected.,0.8260869565217391,12.8,-6.210000000000001,-0.45,0.6699999999999999,,,False,"{""resid_lo"": -5.550000000000001, ""resid_hi"": 5.849999999999998, ""sell_cut"": 0.8203429152366721, ""buy_cut"": -1.6236237306997519}"
2026,1,13305,Mike Washington,RB,LV,4.1,6.98,-2.880000000000001,0.10114586934309694,HOLD,"7 carries, about what was expected. 19% of the snaps.",0.19117647058823528,6.98,-1.62,0.5099999999999998,-0.3,,,False,"{""resid_lo"": -5.550000000000001, ""resid_hi"": 5.849999999999998, ""sell_cut"": 0.8203429152366721, ""buy_cut"": -1.6236237306997519}"
2026,1,10231,Elijah Higgins,TE,ARI,0.0,2.86,-2.86,0.5241396938366392,HOLD,27% of the snaps.,0.26666666666666666,2.86,-1.75,0.0,-0.06,,,False,"{""resid_lo"": -5.550000000000001, ""resid_hi"": 5.849999999999998, ""sell_cut"": 0.8203429152366721, ""buy_cut"": -1.6236237306997519}"
2026,1,13279,Carnell Tate,WR,TEN,7.8,10.6,-2.8,-0.826747712012085,HOLD,"6 targets, about what was expected. 88% of the snaps.",0.88,10.6,-0.34999999999999964,-0.09,-0.33,,,False,"{""resid_lo"": -5.550000000000001, ""resid_hi"": 5.849999999999998, ""sell_cut"": 0.8203429152366721, ""buy_cut"": -1.6236237306997519}"
2026,1,5906,Dawson Knox,TE,BUF,1.7,4.47,-2.7699999999999996,0.6515662811726199,HOLD,67% of the snaps.,0.6724137931034483,4.47,-1.5299999999999998,0.0,-0.16,,,False,"{""resid_lo"": -5.550000000000001, ""resid_hi"": 5.849999999999998, ""sell_cut"": 0.8203429152366721, ""buy_cut"": -1.6236237306997519}"
2026,1,6271,Olamide Zaccheaus,WR,ATL,1.5,4.27,-2.7699999999999996,0.05479683331140964,HOLD,30% of the snaps.,0.3,4.27,-1.8399999999999999,-0.21,-0.12,,,False,"{""resid_lo"": -5.550000000000001, ""resid_hi"": 5.849999999999998, ""sell_cut"": 0.8203429152366721, ""buy_cut"": -1.6236237306997519}"
2026,1,12544,LeQuint Allen,RB,JAX,0.0,2.73,-2.73,0.9142697504633117,HOLD,2% of the snaps.,0.017543859649122806,2.73,-1.25,-1.31,-0.1,,,False,"{""resid_lo"": -5.550000000000001, ""resid_hi"": 5.849999999999998, ""sell_cut"": 0.8203429152366721, ""buy_cut"": -1.6236237306997519}"
2026,1,13477,Colbie Young,WR,CIN,0.0,2.73,-2.73,0.28016071433620043,HOLD,14% of the snaps.,0.140625,2.73,-1.62,0.0,-0.09,,,False,"{""resid_lo"": -5.550000000000001, ""resid_hi"": 5.849999999999998, ""sell_cut"": 0.8203429152366721, ""buy_cut"": -1.6236237306997519}"
2026,1,11583,Jonathon Brooks,RB,CAR,7.2,9.92,-2.7199999999999998,-0.8332248248876377,HOLD,4 carries against 8.8 expected. 19% of the snaps.,0.19117647058823528,9.92,-0.4900000000000002,-4.789999999999999,-0.39,,,False,"{""resid_lo"": -5.550000000000001, ""resid_hi"": 5.849999999999998, ""sell_cut"": 0.8203429152366721, ""buy_cut"": -1.6236237306997519}"
2026,1,11643,Jaylen Wright,RB,MIA,-0.1,2.61,-2.71,1.0768755408334496,HOLD,7% of the snaps.,0.07142857142857142,2.61,-0.85,-1.73,-0.08,,,False,"{""resid_lo"": -5.550000000000001, ""resid_hi"": 5.849999999999998, ""sell_cut"": 0.8203429152366721, ""buy_cut"": -1.6236237306997519}"
2026,1,12048,George Holani,RB,SEA,2.9,5.6,-2.6999999999999997,1.0344516747125767,HOLD,8 carries against 5.0 expected. 46% of the snaps.,0.46,5.6,-0.48,3.01,-0.27,,,False,"{""resid_lo"": -5.550000000000001, ""resid_hi"": 5.849999999999998, ""sell_cut"": 0.8203429152366721, ""buy_cut"": -1.6236237306997519}"
2026,1,13338,Kevin Coleman,WR,MIA,0.0,2.67,-2.67,0.7646839871128144,HOLD,29% of the snaps.,0.2857142857142857,2.67,0.3799999999999999,0.0,-0.06,,,False,"{""resid_lo"": -5.550000000000001, ""resid_hi"": 5.849999999999998, ""sell_cut"": 0.8203429152366721, ""buy_cut"": -1.6236237306997519}"
2026,1,13345,Jonah Coleman,RB,DEN,0.0,2.65,-2.65,0.9948309749021831,HOLD,6% of the snaps.,0.058823529411764705,2.65,-0.94,-2.24,-0.1,,,False,"{""resid_lo"": -5.550000000000001, ""resid_hi"": 5.849999999999998, ""sell_cut"": 0.8203429152366721, ""buy_cut"": -1.6236237306997519}"
2026,1,11783,Ryan Flournoy,WR,DAL,4.2,6.85,-2.6499999999999995,0.03826617263121826,HOLD,"4 targets, about what was expected. 71% of the snaps.",0.7068965517241379,6.85,0.14000000000000012,-0.24,-0.18000000000000002,,,False,"{""resid_lo"": -5.550000000000001, ""resid_hi"": 5.849999999999998, ""sell_cut"": 0.8203429152366721, ""buy_cut"": -1.6236237306997519}"
2026,1,8111,Cade Otton,TE,TB,5.6,8.19,-2.59,0.22048607400204284,HOLD,"5 targets, about what was expected. 98% of the snaps.",0.9824561403508771,8.19,0.46999999999999975,0.0,-0.26,,,False,"{""resid_lo"": -5.550000000000001, ""resid_hi"": 5.849999999999998, ""sell_cut"": 0.8203429152366721, ""buy_cut"": -1.6236237306997519}"
2026,1,6427,Ashton Dulin,WR,IND,0.0,2.52,-2.52,0.5277016974128812,HOLD,19% of the snaps.,0.18518518518518517,2.52,-0.43999999999999995,-0.44,-0.060000000000000005,,,False,"{""resid_lo"": -5.550000000000001, ""resid_hi"": 5.849999999999998, ""sell_cut"": 0.8203429152366721, ""buy_cut"": -1.6236237306997519}"
2026,1,3163,Jared Goff,QB,DET,16.44,18.96,-2.5199999999999996,-3.6310294296352206,HOLD,39 attempts against 35.2 expected. 100% of the snaps.,1.0,18.96,0.0,0.3799999999999999,-0.1599999999999997,,,False,"{""resid_lo"": -5.550000000000001, ""resid_hi"": 5.849999999999998, ""sell_cut"": 0.8203429152366721, ""buy_cut"": -1.6236237306997519}"
2026,1,10226,Andrei Iosivas,WR,CIN,3.2,5.66,-2.46,0.2779850440576172,HOLD,"3 targets, about what was expected. 61% of the snaps.",0.609375,5.66,-0.029999999999999805,-0.16,-0.22,,,False,"{""resid_lo"": -5.550000000000001, ""resid_hi"": 5.849999999999998, ""sell_cut"": 0.8203429152366721, ""buy_cut"": -1.6236237306997519}"
2026,1,3294,Dak Prescott,QB,DAL,15.4,17.85,-2.450000000000001,-3.359541178704928,HOLD,34 attempts against 35.7 expected. 100% of the snaps.,1.0,17.85,0.0,-0.3700000000000001,0.33000000000000007,,,False,"{""resid_lo"": -5.550000000000001, ""resid_hi"": 5.849999999999998, ""sell_cut"": 0.8203429152366721, ""buy_cut"": -1.6236237306997519}"
2026,1,12495,Ollie Gordon,RB,MIA,0.0,2.43,-2.43,1.1073135715130482,HOLD,7% of the snaps.,0.07142857142857142,2.43,-0.76,-2.4,-0.11,,,False,"{""resid_lo"": -5.550000000000001, ""resid_hi"": 5.849999999999998, ""sell_cut"": 0.8203429152366721, ""buy_cut"": -1.6236237306997519}"
2026,1,96,Aaron Rodgers,QB,PIT,12.54,14.96,-2.4200000000000017,-2.226555960799701,HOLD,3 carries against 1.4 expected. 40 attempts against 29.8 expected. 100% of the snaps. 1 touchdown against 1.8 expected.,1.0,14.96,0.0,1.65,-0.8300000000000001,,,False,"{""resid_lo"": -5.550000000000001, ""resid_hi"": 5.849999999999998, ""sell_cut"": 0.8203429152366721, ""buy_cut"": -1.6236237306997519}"
2026,1,4039,Cooper Kupp,WR,SEA,5.5,7.91,-2.41,-0.2432311758022982,HOLD,3 targets against 4.3 expected. 78% of the snaps.,0.78,7.91,-1.2599999999999998,-0.06,-0.24,,,False,"{""resid_lo"": -5.550000000000001, ""resid_hi"": 5.849999999999998, ""sell_cut"": 0.8203429152366721, ""buy_cut"": -1.6236237306997519}"
2026,1,11597,Theo Johnson,TE,NYG,1.9,4.31,-2.4099999999999997,0.42717375629741977,HOLD,46% of the snaps.,0.463768115942029,4.31,-1.25,0.0,-0.14,,,False,"{""resid_lo"": -5.550000000000001, ""resid_hi"": 5.849999999999998, ""sell_cut"": 0.8203429152366721, ""buy_cut"": -1.6236237306997519}"
2026,1,8126,Wan'Dale Robinson,WR,TEN,8.8,11.2,-2.3999999999999986,-1.070147153712686,HOLD,"6 targets, about what was expected. 82% of the snaps.",0.82,11.2,-0.6299999999999999,-0.31,-0.31,,,False,"{""resid_lo"": -5.550000000000001, ""resid_hi"": 5.849999999999998, ""sell_cut"": 0.8203429152366721, ""buy_cut"": -1.6236237306997519}"
2026,1,3202,Austin Hooper,TE,ATL,0.0,2.39,-2.39,0.6655925220136298,HOLD,23% of the snaps.,0.23333333333333334,2.39,-1.38,0.0,-0.06,,,False,"{""resid_lo"": -5.550000000000001, ""resid_hi"": 5.849999999999998, ""sell_cut"": 0.8203429152366721, ""buy_cut"": -1.6236237306997519}"
2026,1,13320,Zachariah Branch,WR,ATL,0.0,2.31,-2.31,0.6560240611205961,HOLD,30% of the snaps.,0.3,2.31,-1.45,-0.14,-0.05,,,False,"{""resid_lo"": -5.550000000000001, ""resid_hi"": 5.849999999999998, ""sell_cut"": 0.8203429152366721, ""buy_cut"": -1.6236237306997519}"
2026,1,8698,Jake Tonges,TE,SF,0.0,2.17,-2.17,0.6074227881937835,HOLD,12% of the snaps.,0.12307692307692308,2.17,-1.22,0.0,-0.08,Questionable,Knee,False,"{""resid_lo"": -5.550000000000001, ""resid_hi"": 5.849999999999998, ""sell_cut"": 0.8203429152366721, ""buy_cut"": -1.6236237306997519}"
2026,1,11435,Emanuel Wilson,RB,SEA,0.3,2.42,-2.12,1.2285659651237586,HOLD,2 carries against 3.0 expected. 6% of the snaps.,0.06,2.42,-0.34,-1.02,-0.11,,,False,"{""resid_lo"": -5.550000000000001, ""resid_hi"": 5.849999999999998, ""sell_cut"": 0.8203429152366721, ""buy_cut"": -1.6236237306997519}"
2026,1,7828,Noah Gray,TE,KC,1.5,3.61,-2.11,0.7960341516942977,HOLD,55% of the snaps.,0.5507246376811594,3.61,-1.58,0.0,-0.07,,,False,"{""resid_lo"": -5.550000000000001, ""resid_hi"": 5.849999999999998, ""sell_cut"": 0.8203429152366721, ""buy_cut"": -1.6236237306997519}"
2026,1,4995,Ian Thomas,TE,LV,0.0,2.06,-2.06,1.1066119799014404,HOLD,46% of the snaps.,0.45588235294117646,2.06,-1.18,0.0,-0.06,,,False,"{""resid_lo"": -5.550000000000001, ""resid_hi"": 5.849999999999998, ""sell_cut"": 0.8203429152366721, ""buy_cut"": -1.6236237306997519}"
2026,1,6783,Jerry Jeudy,WR,CLE,4.6,6.63,-2.0300000000000002,-0.021464892416753034,HOLD,4 targets against 5.1 expected. 63% of the snaps.,0.6274509803921569,6.63,-1.0599999999999996,-0.06,-0.11,,,False,"{""resid_lo"": -5.550000000000001, ""resid_hi"": 5.849999999999998, ""sell_cut"": 0.8203429152366721, ""buy_cut"": -1.6236237306997519}"
2026,1,10212,Josh Whyle,TE,GB,0.0,2.02,-2.02,0.7121785738723267,HOLD,16% of the snaps.,0.16176470588235295,2.02,-1.24,0.0,-0.05,Questionable,Neck,False,"{""resid_lo"": -5.550000000000001, ""resid_hi"": 5.849999999999998, ""sell_cut"": 0.8203429152366721, ""buy_cut"": -1.6236237306997519}"
2026,1,12658,Jackson Hawes,TE,BUF,0.0,2.0,-2.0,1.0962561052151716,HOLD,43% of the snaps.,0.43103448275862066,2.0,-1.16,0.0,-0.06,,,False,"{""resid_lo"": -5.550000000000001, ""resid_hi"": 5.849999999999998, ""sell_cut"": 0.8203429152366721, ""buy_cut"": -1.6236237306997519}"
2026,1,8917,KaVontae Turpin,WR,DAL,1.8,3.8,-1.9999999999999998,0.01977603644183737,HOLD,14% of the snaps.,0.13793103448275862,3.8,-0.53,-1.22,-0.13,,,False,"{""resid_lo"": -5.550000000000001, ""resid_hi"": 5.849999999999998, ""sell_cut"": 0.8203429152366721, ""buy_cut"": -1.6236237306997519}"
2026,1,13286,Jadarian Price,RB,SEA,7.8,9.78,-1.9799999999999995,-0.2154771613093943,HOLD,10 carries against 12.8 expected. 48% of the snaps.,0.48,9.78,0.69,-2.7799999999999994,-0.42,,,False,"{""resid_lo"": -5.550000000000001, ""resid_hi"": 5.849999999999998, ""sell_cut"": 0.8203429152366721, ""buy_cut"": -1.6236237306997519}"
2026,1,11157,Brycen Tremayne,WR,CAR,0.0,1.93,-1.93,0.6446840695461364,HOLD,18% of the snaps.,0.17647058823529413,1.93,-1.06,0.0,-0.06,,,False,"{""resid_lo"": -5.550000000000001, ""resid_hi"": 5.849999999999998, ""sell_cut"": 0.8203429152366721, ""buy_cut"": -1.6236237306997519}"
2026,1,7611,Rhamondre Stevenson,RB,NE,14.5,16.43,-1.9299999999999997,-1.4617625813520123,HOLD,6 targets against 3.3 expected. 18 carries against 16.7 expected. 85% of the snaps. 0 touchdowns against 0.7 expected.,0.8450704225352113,16.43,2.72,1.3399999999999999,-0.71,,,False,"{""resid_lo"": -5.550000000000001, ""resid_hi"": 5.849999999999998, ""sell_cut"": 0.8203429152366721, ""buy_cut"": -1.6236237306997519}"
2026,1,11610,Malik Washington,WR,MIA,6.3,8.22,-1.9200000000000008,0.2610338372606504,HOLD,8 targets against 4.6 expected. 98% of the snaps.,0.9821428571428571,8.22,3.3600000000000003,-1.17,-0.19,,,False,"{""resid_lo"": -5.550000000000001, ""resid_hi"": 5.849999999999998, ""sell_cut"": 0.8203429152366721, ""buy_cut"": -1.6236237306997519}"
2026,1,12503,Isaiah Bond,WR,CLE,0.0,1.9,-1.9,0.5974468715643562,HOLD,14% of the snaps.,0.13725490196078433,1.9,-1.2,-0.16,-0.07,,,False,"{""resid_lo"": -5.550000000000001, ""resid_hi"": 5.849999999999998, ""sell_cut"": 0.8203429152366721, ""buy_cut"": -1.6236237306997519}"
2026,1,13322,Sam Roush,TE,CHI,0.0,1.9,-1.9,0.7568469417032744,HOLD,16% of the snaps.,0.16,1.9,-1.17,0.0,-0.05,,,False,"{""resid_lo"": -5.550000000000001, ""resid_hi"": 5.849999999999998, ""sell_cut"": 0.8203429152366721, ""buy_cut"": -1.6236237306997519}"
2026,1,12496,Tai Felton,WR,MIN,0.0,1.89,-1.89,0.4779245943490084,HOLD,5% of the snaps.,0.046153846153846156,1.89,-1.03,-0.04,-0.05,,,False,"{""resid_lo"": -5.550000000000001, ""resid_hi"": 5.849999999999998, ""sell_cut"": 0.8203429152366721, ""buy_cut"": -1.6236237306997519}"
2026,1,4314,Johnny Mundt,TE,PHI,0.0,1.83,-1.83,1.0686943781372693,HOLD,36% of the snaps.,0.36363636363636365,1.83,-0.95,0.0,-0.06,,,False,"{""resid_lo"": -5.550000000000001, ""resid_hi"": 5.849999999999998, ""sell_cut"": 0.8203429152366721, ""buy_cut"": -1.6236237306997519}"
2026,1,12718,Konata Mumpfield,WR,LAR,0.0,1.83,-1.83,0.9659737369027899,HOLD,26% of the snaps.,0.26229508196721313,1.83,-0.30000000000000004,-0.04,-0.07,,,False,"{""resid_lo"": -5.550000000000001, ""resid_hi"": 5.849999999999998, ""sell_cut"": 0.8203429152366721, ""buy_cut"": -1.6236237306997519}"
2026,1,11168,Xavier Smith,WR,LAR,0.0,1.7,-1.7,0.8485035530533387,HOLD,26% of the snaps.,0.26229508196721313,1.7,-0.86,-0.09,-0.05,,,False,"{""resid_lo"": -5.550000000000001, ""resid_hi"": 5.849999999999998, ""sell_cut"": 0.8203429152366721, ""buy_cut"": -1.6236237306997519}"
2026,1,11370,Chris Brooks,RB,GB,2.9,4.5,-1.6,1.6061799598248483,HOLD,7 carries against 3.4 expected. 56% of the snaps.,0.5588235294117647,4.5,-0.79,3.58,-0.16,,,False,"{""resid_lo"": -5.550000000000001, ""resid_hi"": 5.849999999999998, ""sell_cut"": 0.8203429152366721, ""buy_cut"": -1.6236237306997519}"
2026,1,12514,Emeka Egbuka,WR,TB,11.3,12.86,-1.5599999999999987,-1.387220751728332,HOLD,6 targets against 7.1 expected. 86% of the snaps.,0.8596491228070176,12.86,-1.12,-0.24,-0.52,,,False,"{""resid_lo"": -5.550000000000001, ""resid_hi"": 5.849999999999998, ""sell_cut"": 0.8203429152366721, ""buy_cut"": -1.6236237306997519}"
2026,1,12489,RJ Harvey,RB,DEN,8.1,9.61,-1.5099999999999998,-0.12838270022380924,HOLD,"4 targets, about what was expected. 3 carries against 7.5 expected. 51% of the snaps.",0.5098039215686274,9.61,0.79,-4.47,-0.43,,,False,"{""resid_lo"": -5.550000000000001, ""resid_hi"": 5.849999999999998, ""sell_cut"": 0.8203429152366721, ""buy_cut"": -1.6236237306997519}"
2026,1,8154,Brian Robinson,RB,ATL,3.1,4.58,-1.48,1.1058029617894067,HOLD,9 carries against 6.2 expected. 25% of the snaps.,0.25,4.58,-0.9,2.83,-0.19,,,False,"{""resid_lo"": -5.550000000000001, ""resid_hi"": 5.849999999999998, ""sell_cut"": 0.8203429152366721, ""buy_cut"": -1.6236237306997519}"
2026,1,6819,Michael Pittman,WR,PIT,8.8,10.23,-1.4299999999999997,-0.7696835257141421,HOLD,3 targets against 5.8 expected. 88% of the snaps.,0.8805970149253731,10.23,-2.84,-0.05,-0.31,,,False,"{""resid_lo"": -5.550000000000001, ""resid_hi"": 5.849999999999998, ""sell_cut"": 0.8203429152366721, ""buy_cut"": -1.6236237306997519}"
2026,1,12491,Corey Kiner,RB,NE,1.1,2.51,-1.4099999999999997,1.6584532598865875,HOLD,6 carries against 2.5 expected. 11% of the snaps.,0.11267605633802817,2.51,-0.54,3.53,-0.11,,,False,"{""resid_lo"": -5.550000000000001, ""resid_hi"": 5.849999999999998, ""sell_cut"": 0.8203429152366721, ""buy_cut"": -1.6236237306997519}"
2026,1,13413,Cyrus Allen,WR,KC,0.0,1.4,-1.4,0.8183672357897545,HOLD,1% of the snaps.,0.014492753623188406,1.4,-0.07000000000000006,0.0,-0.03,,,False,"{""resid_lo"": -5.550000000000001, ""resid_hi"": 5.849999999999998, ""sell_cut"": 0.8203429152366721, ""buy_cut"": -1.6236237306997519}"
2026,1,5012,Mark Andrews,TE,BAL,8.9,10.28,-1.379999999999999,-0.6065977224727747,HOLD,6 targets against 4.8 expected. 72% of the snaps.,0.7205882352941176,10.28,1.1600000000000001,-0.37,-0.34,,,False,"{""resid_lo"": -5.550000000000001, ""resid_hi"": 5.849999999999998, ""sell_cut"": 0.8203429152366721, ""buy_cut"": -1.6236237306997519}"
2026,1,8119,Jahan Dotson,WR,ATL,2.9,4.27,-1.3699999999999997,0.8282180118142506,HOLD,"3 targets, about what was expected. 63% of the snaps.",0.6333333333333333,4.27,0.08000000000000007,-0.03,-0.14,,,False,"{""resid_lo"": -5.550000000000001, ""resid_hi"": 5.849999999999998, ""sell_cut"": 0.8203429152366721, ""buy_cut"": -1.6236237306997519}"
2026,1,11647,Kimani Vidal,RB,LAC,0.0,1.36,-1.36,1.508081407773746,HOLD,7% of the snaps.,0.07272727272727272,1.36,-0.26,-1.68,-0.04,,,False,"{""resid_lo"": -5.550000000000001, ""resid_hi"": 5.849999999999998, ""sell_cut"": 0.8203429152366721, ""buy_cut"": -1.6236237306997519}"
2026,1,5995,Justice Hill,RB,BAL,3.8,5.11,-1.3100000000000005,1.2870701690361737,HOLD,6 carries against 3.0 expected. 46% of the snaps.,0.45588235294117646,5.11,-0.8200000000000001,2.96,-0.21000000000000002,,,False,"{""resid_lo"": -5.550000000000001, ""resid_hi"": 5.849999999999998, ""sell_cut"": 0.8203429152366721, ""buy_cut"": -1.6236237306997519}"
2026,1,8134,Khalil Shakir,WR,BUF,9.0,10.3,-1.3000000000000007,-1.0583707949177317,HOLD,"6 targets, about what was expected. 53% of the snaps.",0.5344827586206896,10.3,0.15000000000000036,-0.1,-0.23,,,False,"{""resid_lo"": -5.550000000000001, ""resid_hi"": 5.849999999999998, ""sell_cut"": 0.8203429152366721, ""buy_cut"": -1.6236237306997519}"
2026,1,13380,Brenen Thompson,WR,LAC,0.0,1.3,-1.3,0.8933690006444519,HOLD,18% of the snaps.,0.18181818181818182,1.3,-0.85,0.0,-0.04,,,False,"{""resid_lo"": -5.550000000000001, ""resid_hi"": 5.849999999999998, ""sell_cut"": 0.8203429152366721, ""buy_cut"": -1.6236237306997519}"
2026,1,13333,Deion Burks,WR,IND,0.0,1.29,-1.29,0.6432208754122339,HOLD,0% of the snaps.,0.0,1.29,-0.82,0.0,-0.03,,,False,"{""resid_lo"": -5.550000000000001, ""resid_hi"": 5.849999999999998, ""sell_cut"": 0.8203429152366721, ""buy_cut"": -1.6236237306997519}"
2026,1,12505,Jalen Royals,WR,KC,0.0,1.28,-1.28,0.6454860308504449,HOLD,0% of the snaps.,0.0,1.28,-1.05,-0.04,-0.03,,,False,"{""resid_lo"": -5.550000000000001, ""resid_hi"": 5.849999999999998, ""sell_cut"": 0.8203429152366721, ""buy_cut"": -1.6236237306997519}"
2026,1,11034,Jalen Brooks,WR,ARI,0.0,1.28,-1.28,0.7205706762934894,HOLD,5% of the snaps.,0.05333333333333334,1.28,-0.95,0.0,-0.03,,,False,"{""resid_lo"": -5.550000000000001, ""resid_hi"": 5.849999999999998, ""sell_cut"": 0.8203429152366721, ""buy_cut"": -1.6236237306997519}"
2026,1,8527,Dareke Young,WR,LV,0.0,1.27,-1.27,0.8587634222476388,HOLD,15% of the snaps.,0.14705882352941177,1.27,-0.71,-0.05,-0.04,,,False,"{""resid_lo"": -5.550000000000001, ""resid_hi"": 5.849999999999998, ""sell_cut"": 0.8203429152366721, ""buy_cut"": -1.6236237306997519}"
2026,1,5001,Dalton Schultz,TE,HOU,7.5,8.77,-1.2699999999999996,-0.1751921070130572,HOLD,8 targets against 5.3 expected. 66% of the snaps.,0.6582278481012658,8.77,2.66,0.0,-0.2,,,False,"{""resid_lo"": -5.550000000000001, ""resid_hi"": 5.849999999999998, ""sell_cut"": 0.8203429152366721, ""buy_cut"": -1.6236237306997519}"
2026,1,4054,Mo Alie-Cox,TE,IND,0.0,1.25,-1.25,1.146409259417212,HOLD,26% of the snaps.,0.25925925925925924,1.25,-0.76,0.0,-0.03,,,False,"{""resid_lo"": -5.550000000000001, ""resid_hi"": 5.849999999999998, ""sell_cut"": 0.8203429152366721, ""buy_cut"": -1.6236237306997519}"
2026,1,7891,Brock Wright,TE,DET,1.5,2.7,-1.2000000000000002,1.1639236994221056,HOLD,51% of the snaps.,0.5064935064935064,2.7,-0.53,0.0,-0.09,,,False,"{""resid_lo"": -5.550000000000001, ""resid_hi"": 5.849999999999998, ""sell_cut"": 0.8203429152366721, ""buy_cut"": -1.6236237306997519}"
2026,1,12543,Tahj Brooks,RB,CIN,0.0,1.2,-1.2,1.5321866986476602,HOLD,3% of the snaps.,0.03125,1.2,-0.32,-1.22,-0.07,,,False,"{""resid_lo"": -5.550000000000001, ""resid_hi"": 5.849999999999998, ""sell_cut"": 0.8203429152366721, ""buy_cut"": -1.6236237306997519}"
2026,1,11608,Isaiah Williams,WR,NYJ,1.7,2.88,-1.18,1.0591740216450922,HOLD,60% of the snaps.,0.5970149253731343,2.88,-0.6100000000000001,-0.17,-0.06999999999999999,,,False,"{""resid_lo"": -5.550000000000001, ""resid_hi"": 5.849999999999998, ""sell_cut"": 0.8203429152366721, ""buy_cut"": -1.6236237306997519}"
2026,1,13424,Seth McGowan,RB,IND,1.0,2.17,-1.17,1.407780878297212,HOLD,11% of the snaps.,0.1111111111111111,2.17,0.55,-2.74,-0.08,,,False,"{""resid_lo"": -5.550000000000001, ""resid_hi"": 5.849999999999998, ""sell_cut"": 0.8203429152366721, ""buy_cut"": -1.6236237306997519}"
2026,1,3271,Tyler Higbee,TE,LAR,1.2,2.34,-1.14,1.0475830583999906,HOLD,20% of the snaps.,0.19672131147540983,2.34,0.7,0.0,-0.08,,,False,"{""resid_lo"": -5.550000000000001, ""resid_hi"": 5.849999999999998, ""sell_cut"": 0.8203429152366721, ""buy_cut"": -1.6236237306997519}"
2026,1,12481,Cam Skattebo,RB,NYG,14.1,15.23,-1.1300000000000008,-1.6538456009341032,HOLD,0 targets against 3.1 expected. 18 carries against 12.3 expected. 61% of the snaps.,0.6086956521739131,15.23,-3.14,5.73,0.27,,,False,"{""resid_lo"": -5.550000000000001, ""resid_hi"": 5.849999999999998, ""sell_cut"": 0.8203429152366721, ""buy_cut"": -1.6236237306997519}"
2026,1,7090,Darnell Mooney,WR,NYG,4.7,5.82,-1.12,0.11451110033580819,HOLD,2 targets against 3.3 expected. 57% of the snaps.,0.5652173913043478,5.82,-1.33,-0.06,-0.15,,,False,"{""resid_lo"": -5.550000000000001, ""resid_hi"": 5.849999999999998, ""sell_cut"": 0.8203429152366721, ""buy_cut"": -1.6236237306997519}"
2026,1,7543,Travis Etienne,RB,NO,14.8,15.92,-1.1199999999999992,-1.7449322831323693,HOLD,9 targets against 4.3 expected. 9 carries against 16.0 expected. 59% of the snaps.,0.5888888888888889,15.92,4.68,-6.99,-0.5800000000000001,,,False,"{""resid_lo"": -5.550000000000001, ""resid_hi"": 5.849999999999998, ""sell_cut"": 0.8203429152366721, ""buy_cut"": -1.6236237306997519}"
2026,1,11596,Ben Sinnott,TE,WAS,0.0,1.04,-1.04,1.2296891251141664,HOLD,26% of the snaps.,0.2571428571428571,1.04,-0.66,0.0,-0.03,,,False,"{""resid_lo"": -5.550000000000001, ""resid_hi"": 5.849999999999998, ""sell_cut"": 0.8203429152366721, ""buy_cut"": -1.6236237306997519}"
2026,1,9484,Tucker Kraft,TE,GB,9.5,10.51,-1.0099999999999998,-0.6792459585858863,HOLD,6 targets against 5.0 expected. 66% of the snaps.,0.6617647058823529,10.51,1.04,0.0,-0.4,,,False,"{""resid_lo"": -5.550000000000001, ""resid_hi"": 5.849999999999998, ""sell_cut"": 0.8203429152366721, ""buy_cut"": -1.6236237306997519}"
2026,1,8146,Garrett Wilson,WR,NYJ,13.9,14.82,-0.9199999999999999,-2.035586880450307,HOLD,7 targets against 8.1 expected. 75% of the snaps.,0.746268656716418,14.82,-1.1300000000000008,-0.17,-0.52,,,False,"{""resid_lo"": -5.550000000000001, ""resid_hi"": 5.849999999999998, ""sell_cut"": 0.8203429152366721, ""buy_cut"": -1.6236237306997519}"
2026,1,12509,Tre' Harris,WR,LAC,5.0,5.89,-0.8899999999999997,0.6950226854229744,HOLD,6 targets against 3.5 expected. 75% of the snaps.,0.7454545454545455,5.89,2.49,-0.13,-0.11,,,False,"{""resid_lo"": -5.550000000000001, ""resid_hi"": 5.849999999999998, ""sell_cut"": 0.8203429152366721, ""buy_cut"": -1.6236237306997519}"
2026,1,11599,Cade Stover,TE,HOU,0.8,1.66,-0.8599999999999999,1.336525769563522,HOLD,30% of the snaps.,0.3037974683544304,1.66,0.020000000000000018,-0.11,-0.05,,,False,"{""resid_lo"": -5.550000000000001, ""resid_hi"": 5.849999999999998, ""sell_cut"": 0.8203429152366721, ""buy_cut"": -1.6236237306997519}"
2026,1,12502,Gunnar Helm,TE,TEN,6.8,7.63,-0.8300000000000001,0.2917291966587771,HOLD,5 targets against 3.9 expected. 76% of the snaps.,0.76,7.63,1.1099999999999999,0.0,-0.27,,,False,"{""resid_lo"": -5.550000000000001, ""resid_hi"": 5.849999999999998, ""sell_cut"": 0.8203429152366721, ""buy_cut"": -1.6236237306997519}"
2026,1,12490,Bhayshul Tuten,RB,JAX,9.8,10.62,-0.8199999999999985,-0.12668312461334605,HOLD,15 carries against 11.7 expected. 49% of the snaps.,0.49122807017543857,10.62,-1.4300000000000002,3.26,-0.5900000000000001,,,False,"{""resid_lo"": -5.550000000000001, ""resid_hi"": 5.849999999999998, ""sell_cut"": 0.8203429152366721, ""buy_cut"": -1.6236237306997519}"
2026,1,13298,KC Concepcion,WR,CLE,7.8,8.6,-0.7999999999999998,-0.16853154110917618,HOLD,"5 targets, about what was expected. 3 carries against 0.7 expected. 69% of the snaps.",0.6862745098039216,8.6,-0.1900000000000004,2.31,-0.26,,,False,"{""resid_lo"": -5.550000000000001, ""resid_hi"": 5.849999999999998, ""sell_cut"": 0.8203429152366721, ""buy_cut"": -1.6236237306997519}"
2026,1,6786,CeeDee Lamb,WR,DAL,15.4,16.06,-0.6599999999999984,-2.6100312595033253,HOLD,"8 targets, about what was expected. 81% of the snaps. 1 touchdown against 0.4 expected.",0.8103448275862069,16.06,-0.9199999999999999,0.8200000000000001,0.62,,,False,"{""resid_lo"": -5.550000000000001, ""resid_hi"": 5.849999999999998, ""sell_cut"": 0.8203429152366721, ""buy_cut"": -1.6236237306997519}"
2026,1,9479,Darnell Washington,TE,PIT,3.8,4.43,-0.6299999999999999,0.9052144451600037,HOLD,64% of the snaps.,0.6417910447761194,4.43,-0.52,0.0,-0.14,,,False,"{""resid_lo"": -5.550000000000001, ""resid_hi"": 5.849999999999998, ""sell_cut"": 0.8203429152366721, ""buy_cut"": -1.6236237306997519}"
2026,1,13311,Chris Bell,WR,MIA,3.5,4.04,-0.54,0.7064068117578335,HOLD,52% of the snaps.,0.5178571428571429,4.04,-0.43000000000000016,0.0,-0.1,,,False,"{""resid_lo"": -5.550000000000001, ""resid_hi"": 5.849999999999998, ""sell_cut"": 0.8203429152366721, ""buy_cut"": -1.6236237306997519}"
2026,1,12641,Jaylin Lane,WR,WAS,1.4,1.92,-0.52,0.997667976764615,HOLD,26% of the snaps.,0.2571428571428571,1.92,-0.25,-0.2,-0.08,,,False,"{""resid_lo"": -5.550000000000001, ""resid_hi"": 5.849999999999998, ""sell_cut"": 0.8203429152366721, ""buy_cut"": -1.6236237306997519}"
2026,1,13329,Malik Benson,WR,LV,0.8,1.32,-0.52,1.654732974194365,HOLD,10% of the snaps.,0.10294117647058823,1.32,1.26,0.95,-0.04,,,False,"{""resid_lo"": -5.550000000000001, ""resid_hi"": 5.849999999999998, ""sell_cut"": 0.8203429152366721, ""buy_cut"": -1.6236237306997519}"
2026,1,11576,Braelon Allen,RB,NYJ,4.0,4.46,-0.45999999999999996,1.6570187419581712,HOLD,10 carries against 4.8 expected. 40% of the snaps.,0.40298507462686567,4.46,0.30000000000000004,5.25,-0.24000000000000002,,,False,"{""resid_lo"": -5.550000000000001, ""resid_hi"": 5.849999999999998, ""sell_cut"": 0.8203429152366721, ""buy_cut"": -1.6236237306997519}"
2026,1,13276,Omar Cooper,WR,NYJ,4.0,4.28,-0.28000000000000025,-0.23238302213462086,INJURED,7% of the snaps.,0.07462686567164178,4.28,-1.29,-0.17,-0.15000000000000002,Out,Ankle,False,"{""resid_lo"": -5.550000000000001, ""resid_hi"": 5.849999999999998, ""sell_cut"": 0.8203429152366721, ""buy_cut"": -1.6236237306997519}"
2026,1,11632,Malik Nabers,WR,NYG,12.9,12.9,0.0,-1.5859503537078976,HOLD,9 targets against 7.0 expected. 52% of the snaps.,0.5217391304347826,12.9,2.0199999999999996,-0.16,-0.42,,,False,"{""resid_lo"": -5.550000000000001, ""resid_hi"": 5.849999999999998, ""sell_cut"": 0.8203429152366721, ""buy_cut"": -1.6236237306997519}"
2026,1,5008,Durham Smythe,TE,BAL,1.4,1.37,0.029999999999999805,1.9650796967752044,HOLD,62% of the snaps.,0.6176470588235294,1.37,0.24,0.0,-0.03,,,False,"{""resid_lo"": -5.550000000000001, ""resid_hi"": 5.849999999999998, ""sell_cut"": 0.8203429152366721, ""buy_cut"": -1.6236237306997519}"
2026,1,13307,Marlin Klein,TE,HOU,2.6,2.57,0.03000000000000025,0.6654901460838523,HOLD,11% of the snaps.,0.11392405063291139,2.57,-0.5700000000000001,0.0,-0.07,,,False,"{""resid_lo"": -5.550000000000001, ""resid_hi"": 5.849999999999998, ""sell_cut"": 0.8203429152366721, ""buy_cut"": -1.6236237306997519}"
2026,1,1166,Kirk Cousins,QB,LV,15.8,15.66,0.14000000000000057,-2.660652581737564,HOLD,"5 carries against 1.7 expected. 30 attempts, about what was expected. 100% of the snaps. 3 touchdowns against 1.8 expected.",1.0,15.66,0.0,3.2800000000000002,1.21,,,False,"{""resid_lo"": -5.550000000000001, ""resid_hi"": 5.849999999999998, ""sell_cut"": 0.8203429152366721, ""buy_cut"": -1.6236237306997519}"
2026,1,10232,Michael Wilson,WR,ARI,10.6,10.36,0.2400000000000002,-0.46327691826351225,HOLD,"7 targets, about what was expected. 85% of the snaps.",0.8533333333333334,10.36,0.7199999999999998,-0.05,-0.25,,,False,"{""resid_lo"": -5.550000000000001, ""resid_hi"": 5.849999999999998, ""sell_cut"": 0.8203429152366721, ""buy_cut"": -1.6236237306997519}"
2026,1,10214,Davis Allen,TE,LAR,2.3,1.97,0.32999999999999985,1.2793637142849044,HOLD,34% of the snaps.,0.3442622950819672,1.97,-0.1100000000000001,0.0,-0.07,Questionable,Head,False,"{""resid_lo"": -5.550000000000001, ""resid_hi"": 5.849999999999998, ""sell_cut"": 0.8203429152366721, ""buy_cut"": -1.6236237306997519}"
2026,1,8132,Tyler Allgeier,RB,ARI,9.0,8.66,0.33999999999999986,0.7049712103931616,HOLD,17 carries against 10.9 expected. 59% of the snaps.,0.5866666666666667,8.66,0.6299999999999999,6.07,-0.39999999999999997,,,False,"{""resid_lo"": -5.550000000000001, ""resid_hi"": 5.849999999999998, ""sell_cut"": 0.8203429152366721, ""buy_cut"": -1.6236237306997519}"
2026,1,12493,Oronde Gadsden,TE,LAC,5.2,4.8,0.40000000000000036,0.2002058844838548,HOLD,18% of the snaps.,0.18181818181818182,4.8,-0.3999999999999999,0.0,-0.12,,,False,"{""resid_lo"": -5.550000000000001, ""resid_hi"": 5.849999999999998, ""sell_cut"": 0.8203429152366721, ""buy_cut"": -1.6236237306997519}"
2026,1,13299,Nate Boerkircher,TE,JAX,1.9,1.46,0.43999999999999995,1.971917810996243,HOLD,67% of the snaps.,0.6666666666666666,1.46,0.13,0.0,-0.05,,,False,"{""resid_lo"": -5.550000000000001, ""resid_hi"": 5.849999999999998, ""sell_cut"": 0.8203429152366721, ""buy_cut"": -1.6236237306997519}"
2026,1,11623,Jordan Whittington,WR,LAR,1.8,1.34,0.45999999999999996,1.5484135022383725,HOLD,41% of the snaps.,0.4098360655737705,1.34,0.25,-0.07,-0.04,,,False,"{""resid_lo"": -5.550000000000001, ""resid_hi"": 5.849999999999998, ""sell_cut"": 0.8203429152366721, ""buy_cut"": -1.6236237306997519}"
2026,1,13324,Matt Hibner,TE,BAL,2.3,1.82,0.47999999999999976,1.3372632729592717,HOLD,34% of the snaps.,0.3382352941176471,1.82,-0.020000000000000018,0.0,-0.05,,,False,"{""resid_lo"": -5.550000000000001, ""resid_hi"": 5.849999999999998, ""sell_cut"": 0.8203429152366721, ""buy_cut"": -1.6236237306997519}"
2026,1,9501,DeMario Douglas,WR,NE,7.0,6.5,0.5,0.5177541395253047,HOLD,7 targets against 3.3 expected. 62% of the snaps.,0.6197183098591549,6.5,3.66,-0.47,-0.15000000000000002,,,False,"{""resid_lo"": -5.550000000000001, ""resid_hi"": 5.849999999999998, ""sell_cut"": 0.8203429152366721, ""buy_cut"": -1.6236237306997519}"
2026,1,11566,Jayden Daniels,QB,WAS,17.66,17.13,0.5300000000000011,-2.9851416869773404,HOLD,5 carries against 7.1 expected. 34 attempts against 32.9 expected. 100% of the snaps. 2 touchdowns against 1.3 expected.,1.0,17.13,0.0,-2.0999999999999996,0.73,,,False,"{""resid_lo"": -5.550000000000001, ""resid_hi"": 5.849999999999998, ""sell_cut"": 0.8203429152366721, ""buy_cut"": -1.6236237306997519}"
2026,1,1466,Travis Kelce,TE,KC,10.1,9.48,0.6199999999999992,-0.30466341537368347,HOLD,"5 targets, about what was expected. 71% of the snaps.",0.7101449275362319,9.48,-0.9199999999999999,0.0,-0.21,,,False,"{""resid_lo"": -5.550000000000001, ""resid_hi"": 5.849999999999998, ""sell_cut"": 0.8203429152366721, ""buy_cut"": -1.6236237306997519}"
2026,1,9482,Michael Mayer,TE,LV,9.2,8.5,0.6999999999999993,0.25462377666432306,HOLD,7 targets against 5.1 expected. 81% of the snaps.,0.8088235294117647,8.5,1.8600000000000003,0.0,-0.22,,,False,"{""resid_lo"": -5.550000000000001, ""resid_hi"": 5.849999999999998, ""sell_cut"": 0.8203429152366721, ""buy_cut"": -1.6236237306997519}"
2026,1,8142,Alec Pierce,WR,IND,10.1,9.32,0.7799999999999994,-0.4530961065905119,HOLD,6 targets against 4.7 expected. 59% of the snaps.,0.5925925925925926,9.32,1.29,-0.05,-0.23,Questionable,Hand,False,"{""resid_lo"": -5.550000000000001, ""resid_hi"": 5.849999999999998, ""sell_cut"": 0.8203429152366721, ""buy_cut"": -1.6236237306997519}"
2026,1,10871,Luke Schoonmaker,TE,DAL,2.2,1.41,0.7900000000000003,1.362715073250342,HOLD,22% of the snaps.,0.22413793103448276,1.41,0.08999999999999997,0.0,-0.03,,,False,"{""resid_lo"": -5.550000000000001, ""resid_hi"": 5.849999999999998, ""sell_cut"": 0.8203429152366721, ""buy_cut"": -1.6236237306997519}"
2026,1,12473,Mitchell Evans,TE,CAR,1.9,1.1,0.7999999999999998,2.299342167180248,HOLD,40% of the snaps.,0.39705882352941174,1.1,1.44,0.0,-0.03,,,False,"{""resid_lo"": -5.550000000000001, ""resid_hi"": 5.849999999999998, ""sell_cut"": 0.8203429152366721, ""buy_cut"": -1.6236237306997519}"
2026,1,8150,Kyren Williams,RB,LAR,15.5,14.59,0.9100000000000001,-1.348640463396718,HOLD,"3 targets, about what was expected. 11 carries against 14.9 expected. 64% of the snaps.",0.639344262295082,14.59,0.45999999999999996,-3.9299999999999997,0.21999999999999997,,,False,"{""resid_lo"": -5.550000000000001, ""resid_hi"": 5.849999999999998, ""sell_cut"": 0.8203429152366721, ""buy_cut"": -1.6236237306997519}"
2026,1,1479,Keenan Allen,WR,IND,9.2,8.29,0.9100000000000001,-0.06417999943858904,HOLD,6 targets against 5.0 expected. 67% of the snaps.,0.6666666666666666,8.29,1.04,0.0,-0.16,,,False,"{""resid_lo"": -5.550000000000001, ""resid_hi"": 5.849999999999998, ""sell_cut"": 0.8203429152366721, ""buy_cut"": -1.6236237306997519}"
2026,1,6869,Adam Trautman,TE,DEN,3.0,2.06,0.94,1.8324812070065555,HOLD,3 targets against 1.1 expected. 37% of the snaps.,0.37254901960784315,2.06,1.89,0.0,-0.07,,,False,"{""resid_lo"": -5.550000000000001, ""resid_hi"": 5.849999999999998, ""sell_cut"": 0.8203429152366721, ""buy_cut"": -1.6236237306997519}"
2026,1,11577,Will Shipley,RB,PHI,2.2,1.25,0.9500000000000002,2.3774138084010814,HOLD,18% of the snaps.,0.18181818181818182,1.25,0.55,1.1099999999999999,-0.05,,,False,"{""resid_lo"": -5.550000000000001, ""resid_hi"": 5.849999999999998, ""sell_cut"": 0.8203429152366721, ""buy_cut"": -1.6236237306997519}"
2026,1,9758,C.J. Stroud,QB,HOU,16.46,15.49,0.9700000000000006,-2.2538468791984756,HOLD,38 attempts against 32.8 expected. 100% of the snaps. 2 touchdowns against 1.3 expected.,1.0,15.49,0.0,-0.6099999999999999,0.6699999999999999,,,False,"{""resid_lo"": -5.550000000000001, ""resid_hi"": 5.849999999999998, ""sell_cut"": 0.8203429152366721, ""buy_cut"": -1.6236237306997519}"
2026,1,4199,Aaron Jones,RB,MIN,10.0,8.95,1.0500000000000007,0.08157719488562748,HOLD,12 carries against 8.1 expected. 46% of the snaps. 1 touchdown against 0.3 expected.,0.46153846153846156,8.95,-1.67,3.8599999999999994,0.6699999999999999,,,False,"{""resid_lo"": -5.550000000000001, ""resid_hi"": 5.849999999999998, ""sell_cut"": 0.8203429152366721, ""buy_cut"": -1.6236237306997519}"
2026,1,12492,Pat Bryant,WR,DEN,8.2,7.14,1.0599999999999996,0.2238954284445191,HOLD,6 targets against 4.5 expected. 59% of the snaps.,0.5882352941176471,7.14,1.5,-0.09,-0.14,,,False,"{""resid_lo"": -5.550000000000001, ""resid_hi"": 5.849999999999998, ""sell_cut"": 0.8203429152366721, ""buy_cut"": -1.6236237306997519}"
2026,1,11201,Blake Whiteheart,TE,CLE,2.4,1.26,1.14,1.6565528888167291,HOLD,39% of the snaps.,0.39215686274509803,1.26,0.07999999999999996,0.0,-0.04,,,False,"{""resid_lo"": -5.550000000000001, ""resid_hi"": 5.849999999999998, ""sell_cut"": 0.8203429152366721, ""buy_cut"": -1.6236237306997519}"
2026,1,13287,Jeremiyah Love,RB,ARI,13.0,11.85,1.1500000000000004,-0.8166071966656274,HOLD,"4 targets, about what was expected. 11 carries, about what was expected. 43% of the snaps.",0.4266666666666667,11.85,0.2999999999999998,0.22000000000000064,0.52,,,False,"{""resid_lo"": -5.550000000000001, ""resid_hi"": 5.849999999999998, ""sell_cut"": 0.8203429152366721, ""buy_cut"": -1.6236237306997519}"
2026,1,7716,John Bates,TE,WAS,3.3,1.89,1.41,2.0203430125582527,HOLD,3 targets against 1.2 expected. 49% of the snaps.,0.4857142857142857,1.89,1.77,0.0,-0.05,,,False,"{""resid_lo"": -5.550000000000001, ""resid_hi"": 5.849999999999998, ""sell_cut"": 0.8203429152366721, ""buy_cut"": -1.6236237306997519}"
2026,1,13317,Ted Hurst,WR,TB,6.6,5.07,1.5299999999999994,1.0100273948962522,HOLD,"3 targets, about what was expected. 75% of the snaps.",0.7543859649122807,5.07,0.1299999999999999,-0.08,-0.2,,,False,"{""resid_lo"": -5.550000000000001, ""resid_hi"": 5.849999999999998, ""sell_cut"": 0.8203429152366721, ""buy_cut"": -1.6236237306997519}"
2026,1,5973,Josh Oliver,TE,MIN,4.2,2.57,1.6300000000000003,2.172774988864431,HOLD,4 targets against 1.4 expected. 65% of the snaps.,0.6461538461538462,2.57,2.6100000000000003,0.0,-0.08,,,False,"{""resid_lo"": -5.550000000000001, ""resid_hi"": 5.849999999999998, ""sell_cut"": 0.8203429152366721, ""buy_cut"": -1.6236237306997519}"
2026,1,9224,Chase Brown,RB,CIN,18.8,17.09,1.7100000000000009,-1.7843990428350434,HOLD,6 targets against 4.8 expected. 16 carries against 14.7 expected. 72% of the snaps.,0.71875,17.09,1.1799999999999997,1.3100000000000005,0.24,,,False,"{""resid_lo"": -5.550000000000001, ""resid_hi"": 5.849999999999998, ""sell_cut"": 0.8203429152366721, ""buy_cut"": -1.6236237306997519}"
2026,1,8161,Malik Willis,QB,MIA,17.7,15.98,1.7199999999999989,-2.025969024965421,HOLD,"6 carries against 8.0 expected. 27 attempts, about what was expected. 100% of the snaps.",1.0,15.98,0.0,-2.01,-0.18999999999999995,,,False,"{""resid_lo"": -5.550000000000001, ""resid_hi"": 5.849999999999998, ""sell_cut"": 0.8203429152366721, ""buy_cut"": -1.6236237306997519}"
2026,1,11625,Adonai Mitchell,WR,NYJ,9.0,7.2,1.7999999999999998,0.175651872143832,HOLD,3 targets against 4.6 expected. 69% of the snaps.,0.6865671641791045,7.2,-1.58,-0.06,-0.23,,,False,"{""resid_lo"": -5.550000000000001, ""resid_hi"": 5.849999999999998, ""sell_cut"": 0.8203429152366721, ""buy_cut"": -1.6236237306997519}"
2026,1,5947,Jakobi Meyers,WR,JAX,12.2,10.39,1.8099999999999987,-1.1076871868561262,HOLD,2 targets against 6.0 expected. 65% of the snaps. 1 touchdown against 0.3 expected.,0.6491228070175439,10.39,-3.95,0.72,0.7,,,False,"{""resid_lo"": -5.550000000000001, ""resid_hi"": 5.849999999999998, ""sell_cut"": 0.8203429152366721, ""buy_cut"": -1.6236237306997519}"
2026,1,7694,Tommy Tremble,TE,CAR,5.5,3.52,1.98,1.7741936608213487,HOLD,5 targets against 1.9 expected. 56% of the snaps.,0.5588235294117647,3.52,3.1100000000000003,0.0,-0.12,,,False,"{""resid_lo"": -5.550000000000001, ""resid_hi"": 5.849999999999998, ""sell_cut"": 0.8203429152366721, ""buy_cut"": -1.6236237306997519}"
2026,1,4017,Deshaun Watson,QB,CLE,15.0,12.93,2.0700000000000003,-0.8754193963901267,HOLD,6 carries against 2.8 expected. 22 attempts against 30.5 expected. 100% of the snaps.,1.0,12.93,0.0,3.16,-0.13000000000000012,,,False,"{""resid_lo"": -5.550000000000001, ""resid_hi"": 5.849999999999998, ""sell_cut"": 0.8203429152366721, ""buy_cut"": -1.6236237306997519}"
2026,1,9480,Brenton Strange,TE,JAX,10.3,8.2,2.1000000000000014,-0.1707858387174107,HOLD,3 targets against 4.4 expected. 68% of the snaps. 1 touchdown against 0.2 expected.,0.6842105263157895,8.2,-1.42,0.0,0.76,,,False,"{""resid_lo"": -5.550000000000001, ""resid_hi"": 5.849999999999998, ""sell_cut"": 0.8203429152366721, ""buy_cut"": -1.6236237306997519}"
2026,1,11593,Brevyn Spann-Ford,TE,DAL,3.4,1.14,2.26,1.9816974702664383,HOLD,22% of the snaps.,0.22413793103448276,1.14,1.26,0.0,-0.03,,,False,"{""resid_lo"": -5.550000000000001, ""resid_hi"": 5.849999999999998, ""sell_cut"": 0.8203429152366721, ""buy_cut"": -1.6236237306997519}"
2026,1,10218,Xavier Hutchinson,WR,HOU,6.2,3.93,2.27,1.4667181107505636,HOLD,6 targets against 2.6 expected. 56% of the snaps.,0.5569620253164557,3.93,3.38,-0.07,-0.12,,,False,"{""resid_lo"": -5.550000000000001, ""resid_hi"": 5.849999999999998, ""sell_cut"": 0.8203429152366721, ""buy_cut"": -1.6236237306997519}"
2026,1,4147,Samaje Perine,RB,CIN,8.0,5.6,2.4000000000000004,1.2605918398060734,HOLD,"3 targets against 1.7 expected. 5 carries, about what was expected. 28% of the snaps.",0.28125,5.6,1.27,0.7999999999999998,-0.23,,,False,"{""resid_lo"": -5.550000000000001, ""resid_hi"": 5.849999999999998, ""sell_cut"": 0.8203429152366721, ""buy_cut"": -1.6236237306997519}"
2026,1,12536,Jaylin Noel,WR,HOU,7.3,4.78,2.5199999999999996,0.37132515427571827,HOLD,30% of the snaps.,0.3037974683544304,4.78,-0.6200000000000001,-0.08,-0.14,,,False,"{""resid_lo"": -5.550000000000001, ""resid_hi"": 5.849999999999998, ""sell_cut"": 0.8203429152366721, ""buy_cut"": -1.6236237306997519}"
2026,1,13421,Eli Raridon,TE,NE,7.2,4.57,2.63,0.6958444302841367,HOLD,54% of the snaps. 1 touchdown against 0.1 expected.,0.5352112676056338,4.57,-1.5499999999999998,0.0,0.87,,,False,"{""resid_lo"": -5.550000000000001, ""resid_hi"": 5.849999999999998, ""sell_cut"": 0.8203429152366721, ""buy_cut"": -1.6236237306997519}"
2026,1,6001,Drew Sample,TE,CIN,4.9,2.2,2.7,2.2952922834379166,HOLD,3 targets against 1.2 expected. 66% of the snaps.,0.65625,2.2,1.81,0.0,-0.07,,,False,"{""resid_lo"": -5.550000000000001, ""resid_hi"": 5.849999999999998, ""sell_cut"": 0.8203429152366721, ""buy_cut"": -1.6236237306997519}"
2026,1,12533,Jacory Croskey-Merritt,RB,WAS,12.6,9.78,2.8200000000000003,0.15106004899201947,HOLD,16 carries against 9.1 expected. 49% of the snaps.,0.4857142857142857,9.78,-1.7200000000000002,6.9399999999999995,0.54,,,False,"{""resid_lo"": -5.550000000000001, ""resid_hi"": 5.849999999999998, ""sell_cut"": 0.8203429152366721, ""buy_cut"": -1.6236237306997519}"
2026,1,8408,Jordan Mason,RB,MIN,11.9,8.78,3.120000000000001,0.3690532193297997,HOLD,15 carries against 10.1 expected. 45% of the snaps. 1 touchdown against 0.4 expected.,0.4461538461538462,8.78,-1.19,4.859999999999999,0.61,Questionable,Thumb,False,"{""resid_lo"": -5.550000000000001, ""resid_hi"": 5.849999999999998, ""sell_cut"": 0.8203429152366721, ""buy_cut"": -1.6236237306997519}"
2026,1,3257,Jacoby Brissett,QB,ARI,16.48,12.9,3.58,-0.9297014335477971,HOLD,6 carries against 2.1 expected. 37 attempts against 35.1 expected. 100% of the snaps.,1.0,12.9,0.0,3.86,-0.020000000000000018,,,False,"{""resid_lo"": -5.550000000000001, ""resid_hi"": 5.849999999999998, ""sell_cut"": 0.8203429152366721, ""buy_cut"": -1.6236237306997519}"
2026,1,8183,Brock Purdy,QB,SF,22.1,18.45,3.650000000000002,-3.0683871519650596,HOLD,5 carries against 4.0 expected. 34 attempts against 31.6 expected. 100% of the snaps. 3 touchdowns against 2.0 expected.,1.0,18.45,0.0,1.0499999999999998,0.98,,,False,"{""resid_lo"": -5.550000000000001, ""resid_hi"": 5.849999999999998, ""sell_cut"": 0.8203429152366721, ""buy_cut"": -1.6236237306997519}"
2026,1,11630,Roman Wilson,WR,PIT,5.6,1.88,3.7199999999999998,2.7884649092166316,HOLD,6 targets against 1.2 expected. 55% of the snaps.,0.5522388059701493,1.88,4.8,0.0,-0.07,,,False,"{""resid_lo"": -5.550000000000001, ""resid_hi"": 5.849999999999998, ""sell_cut"": 0.8203429152366721, ""buy_cut"": -1.6236237306997519}"
2026,1,6904,Jalen Hurts,QB,PHI,24.72,20.83,3.8900000000000006,-3.4949704735294542,HOLD,"7 carries, about what was expected. 25 attempts against 27.9 expected. 100% of the snaps. 3 touchdowns against 2.2 expected.",1.0,20.83,0.0,-0.40000000000000036,0.8399999999999999,,,False,"{""resid_lo"": -5.550000000000001, ""resid_hi"": 5.849999999999998, ""sell_cut"": 0.8203429152366721, ""buy_cut"": -1.6236237306997519}"
2026,1,7002,Juwan Johnson,TE,NO,14.4,10.39,4.01,-0.20714892558938736,HOLD,7 targets against 5.7 expected. 84% of the snaps. 1 touchdown against 0.3 expected.,0.8444444444444444,10.39,1.29,0.0,0.71,,,False,"{""resid_lo"": -5.550000000000001, ""resid_hi"": 5.849999999999998, ""sell_cut"": 0.8203429152366721, ""buy_cut"": -1.6236237306997519}"
2026,1,2216,Mike Evans,WR,SF,16.9,12.77,4.129999999999999,-1.1799679077723786,HOLD,"7 targets, about what was expected. 75% of the snaps.",0.7538461538461538,12.77,0.21999999999999975,0.0,0.45999999999999996,,,False,"{""resid_lo"": -5.550000000000001, ""resid_hi"": 5.849999999999998, ""sell_cut"": 0.8203429152366721, ""buy_cut"": -1.6236237306997519}"
2026,1,8155,Breece Hall,RB,NYJ,19.8,15.59,4.210000000000001,-1.2202222915915608,HOLD,22 carries against 15.4 expected. 58% of the snaps.,0.582089552238806,15.59,-0.8500000000000001,6.550000000000001,0.33999999999999997,,,False,"{""resid_lo"": -5.550000000000001, ""resid_hi"": 5.849999999999998, ""sell_cut"": 0.8203429152366721, ""buy_cut"": -1.6236237306997519}"
2026,1,13420,Bryce Lance,WR,NO,7.2,2.69,4.51,2.1497113849698355,HOLD,4 targets against 1.7 expected. 69% of the snaps.,0.6888888888888889,2.69,2.2800000000000002,-0.26,-0.09999999999999999,,,False,"{""resid_lo"": -5.550000000000001, ""resid_hi"": 5.849999999999998, ""sell_cut"": 0.8203429152366721, ""buy_cut"": -1.6236237306997519}"
2026,1,3269,Chris Moore,WR,BAL,6.3,1.61,4.6899999999999995,1.8807588565050986,HOLD,37% of the snaps.,0.36764705882352944,1.61,1.03,0.0,-0.03,,,False,"{""resid_lo"": -5.550000000000001, ""resid_hi"": 5.849999999999998, ""sell_cut"": 0.8203429152366721, ""buy_cut"": -1.6236237306997519}"
2026,1,7569,Nico Collins,WR,HOU,21.2,16.45,4.75,-2.23232759548445,HOLD,10 targets against 8.8 expected. 72% of the snaps. 1 touchdown against 0.4 expected.,0.7215189873417721,16.45,1.25,0.78,0.61,,,False,"{""resid_lo"": -5.550000000000001, ""resid_hi"": 5.849999999999998, ""sell_cut"": 0.8203429152366721, ""buy_cut"": -1.6236237306997519}"
2026,1,6804,Jordan Love,QB,GB,20.48,15.71,4.77,-1.7739362197275261,HOLD,1 carries against 3.0 expected. 42 attempts against 32.6 expected. 100% of the snaps.,1.0,15.71,0.0,-2.01,0.53,,,False,"{""resid_lo"": -5.550000000000001, ""resid_hi"": 5.849999999999998, ""sell_cut"": 0.8203429152366721, ""buy_cut"": -1.6236237306997519}"
2026,1,5844,T.J. Hockenson,TE,MIN,13.6,8.79,4.8100000000000005,-0.013716212774654318,HOLD,"5 targets, about what was expected. 66% of the snaps. 1 touchdown against 0.2 expected.",0.6615384615384615,8.79,0.11000000000000032,0.0,0.78,,,False,"{""resid_lo"": -5.550000000000001, ""resid_hi"": 5.849999999999998, ""sell_cut"": 0.8203429152366721, ""buy_cut"": -1.6236237306997519}"
2026,1,4144,Jonnu Smith,TE,GB,7.0,2.16,4.84,2.1715414046473556,HOLD,3 targets against 1.3 expected. 47% of the snaps.,0.47058823529411764,2.16,1.7,0.0,-0.06,,,False,"{""resid_lo"": -5.550000000000001, ""resid_hi"": 5.849999999999998, ""sell_cut"": 0.8203429152366721, ""buy_cut"": -1.6236237306997519}"
2026,1,13414,Kaelon Black,RB,SF,8.0,3.09,4.91,2.8759258514411736,HOLD,14 carries against 4.2 expected. 43% of the snaps.,0.4307692307692308,3.09,0.33999999999999997,9.85,-0.1,,,False,"{""resid_lo"": -5.550000000000001, ""resid_hi"": 5.849999999999998, ""sell_cut"": 0.8203429152366721, ""buy_cut"": -1.6236237306997519}"
2026,1,9757,Kendre Miller,RB,NO,9.0,4.06,4.94,1.7973178057539674,HOLD,9 carries against 3.3 expected. 29% of the snaps. 1 touchdown against 0.2 expected.,0.28888888888888886,4.06,-1.31,5.720000000000001,0.84,,,False,"{""resid_lo"": -5.550000000000001, ""resid_hi"": 5.849999999999998, ""sell_cut"": 0.8203429152366721, ""buy_cut"": -1.6236237306997519}"
2026,1,13079,Jahdae Walker,WR,CHI,7.1,2.0,5.1,1.5435989597808861,HOLD,45% of the snaps. 1 touchdown against 0.1 expected.,0.4533333333333333,2.0,-0.22999999999999998,0.0,0.94,,,False,"{""resid_lo"": -5.550000000000001, ""resid_hi"": 5.849999999999998, ""sell_cut"": 0.8203429152366721, ""buy_cut"": -1.6236237306997519}"
2026,1,12499,Elic Ayomanor,WR,TEN,8.1,2.85,5.25,1.5860922923829484,HOLD,3 targets against 1.8 expected. 52% of the snaps. 1 touchdown against 0.1 expected.,0.52,2.85,1.2,0.0,0.89,,,False,"{""resid_lo"": -5.550000000000001, ""resid_hi"": 5.849999999999998, ""sell_cut"": 0.8203429152366721, ""buy_cut"": -1.6236237306997519}"
2026,1,4881,Lamar Jackson,QB,BAL,24.96,19.56,5.400000000000002,-2.614889921626144,HOLD,7 carries against 8.1 expected. 25 attempts against 28.4 expected. 100% of the snaps.,1.0,19.56,0.0,-1.1400000000000006,0.3599999999999999,,,False,"{""resid_lo"": -5.550000000000001, ""resid_hi"": 5.849999999999998, ""sell_cut"": 0.8203429152366721, ""buy_cut"": -1.6236237306997519}"
2026,1,2449,Stefon Diggs,WR,WAS,15.5,10.09,5.41,-0.36364498485153757,HOLD,9 targets against 6.2 expected. 63% of the snaps. 1 touchdown against 0.2 expected.,0.6285714285714286,10.09,2.84,-0.05,0.76,,,False,"{""resid_lo"": -5.550000000000001, ""resid_hi"": 5.849999999999998, ""sell_cut"": 0.8203429152366721, ""buy_cut"": -1.6236237306997519}"
2026,1,4177,Mack Hollins,WR,NE,9.1,3.64,5.459999999999999,2.0785690073341407,HOLD,5 targets against 1.9 expected. 70% of the snaps.,0.704225352112676,3.64,3.05,-0.13,-0.11,,,False,"{""resid_lo"": -5.550000000000001, ""resid_hi"": 5.849999999999998, ""sell_cut"": 0.8203429152366721, ""buy_cut"": -1.6236237306997519}"
2026,1,13337,Emmett Johnson,RB,KC,8.8,3.29,5.510000000000001,2.535701291343485,HOLD,8 carries against 3.8 expected. 36% of the snaps.,0.36231884057971014,3.29,1.03,4.16,-0.13,,,False,"{""resid_lo"": -5.550000000000001, ""resid_hi"": 5.849999999999998, ""sell_cut"": 0.8203429152366721, ""buy_cut"": -1.6236237306997519}"
2026,1,11584,Bucky Irving,RB,TB,20.3,14.65,5.65,-0.9679798442635272,HOLD,7 targets against 2.6 expected. 8 carries against 14.8 expected. 61% of the snaps.,0.6140350877192983,14.65,4.4399999999999995,-6.800000000000001,0.43999999999999995,,,False,"{""resid_lo"": -5.550000000000001, ""resid_hi"": 5.849999999999998, ""sell_cut"": 0.8203429152366721, ""buy_cut"": -1.6236237306997519}"
2026,1,12483,Jack Bech,WR,LV,11.3,5.62,5.680000000000001,0.5580897059791983,HOLD,4 targets against 3.0 expected. 40% of the snaps. 1 touchdown against 0.2 expected.,0.39705882352941174,5.62,1.0499999999999998,-0.09,0.83,,,False,"{""resid_lo"": -5.550000000000001, ""resid_hi"": 5.849999999999998, ""sell_cut"": 0.8203429152366721, ""buy_cut"": -1.6236237306997519}"
2026,1,11635,Ladd McConkey,WR,LAC,19.2,13.21,5.989999999999998,-1.5543174677159695,SELL HIGH,"7 targets, about what was expected. 49% of the snaps. 1 touchdown against 0.3 expected.",0.4909090909090909,13.21,-0.08999999999999986,-0.11,0.6699999999999999,Questionable,Chest,False,"{""resid_lo"": -5.550000000000001, ""resid_hi"": 5.849999999999998, ""sell_cut"": 0.8203429152366721, ""buy_cut"": -1.6236237306997519}"
2026,1,6813,Jonathan Taylor,RB,IND,25.1,18.97,6.130000000000003,-1.950134415167663,SELL HIGH,"4 targets, about what was expected. 19 carries against 17.6 expected. 89% of the snaps. 2 touchdowns against 0.7 expected.",0.8888888888888888,18.97,-0.41000000000000014,1.370000000000001,1.26,,,False,"{""resid_lo"": -5.550000000000001, ""resid_hi"": 5.849999999999998, ""sell_cut"": 0.8203429152366721, ""buy_cut"": -1.6236237306997519}"
2026,1,12501,Matthew Golden,WR,GB,15.5,9.03,6.470000000000001,0.7885359858472436,SELL HIGH,12 targets against 5.3 expected. 82% of the snaps.,0.8235294117647058,9.03,6.65,-0.8,-0.24,,,False,"{""resid_lo"": -5.550000000000001, ""resid_hi"": 5.849999999999998, ""sell_cut"": 0.8203429152366721, ""buy_cut"": -1.6236237306997519}"
2026,1,9488,Jaxon Smith-Njigba,WR,SEA,26.2,19.69,6.509999999999998,-2.7104537111753504,SELL HIGH,11 targets against 9.3 expected. 90% of the snaps.,0.9,19.69,1.7200000000000006,-0.42,0.45999999999999996,,,False,"{""resid_lo"": -5.550000000000001, ""resid_hi"": 5.849999999999998, ""sell_cut"": 0.8203429152366721, ""buy_cut"": -1.6236237306997519}"
2026,1,13346,Denzel Boston,WR,CLE,13.9,7.05,6.8500000000000005,0.8433701921331924,BREAKOUT,"4 targets, about what was expected. 92% of the snaps. 1 touchdown against 0.2 expected.",0.9215686274509803,7.05,-0.6100000000000003,-0.13,0.83,,,False,"{""resid_lo"": -5.550000000000001, ""resid_hi"": 5.849999999999998, ""sell_cut"": 0.8203429152366721, ""buy_cut"": -1.6236237306997519}"
2026,1,4033,David Njoku,TE,LAC,10.8,3.95,6.8500000000000005,1.9732499973166804,BREAKOUT,5 targets against 2.3 expected. 55% of the snaps.,0.5454545454545454,3.95,2.68,0.0,-0.11,,,False,"{""resid_lo"": -5.550000000000001, ""resid_hi"": 5.849999999999998, ""sell_cut"": 0.8203429152366721, ""buy_cut"": -1.6236237306997519}"
2026,1,9486,Dontayvion Wicks,WR,PHI,15.3,8.43,6.870000000000001,0.4616863220561928,SELL HIGH,"4 targets, about what was expected. 91% of the snaps. 1 touchdown against 0.3 expected.",0.9090909090909091,8.43,-0.29000000000000004,-0.05,0.7,,,False,"{""resid_lo"": -5.550000000000001, ""resid_hi"": 5.849999999999998, ""sell_cut"": 0.8203429152366721, ""buy_cut"": -1.6236237306997519}"
2026,1,13330,Kenyon Sadiq,TE,NYJ,11.4,4.4,7.0,1.2792960397323137,BREAKOUT,"3 targets, about what was expected. 42% of the snaps. 1 touchdown against 0.1 expected.",0.417910447761194,4.4,0.6800000000000002,0.95,0.87,,,False,"{""resid_lo"": -5.550000000000001, ""resid_hi"": 5.849999999999998, ""sell_cut"": 0.8203429152366721, ""buy_cut"": -1.6236237306997519}"
2026,1,6826,Cole Kmet,TE,CHI,11.5,4.43,7.07,1.3588843004687188,BREAKOUT,"3 targets, about what was expected. 57% of the snaps. 1 touchdown against 0.1 expected.",0.5733333333333334,4.43,0.56,0.0,0.89,,,False,"{""resid_lo"": -5.550000000000001, ""resid_hi"": 5.849999999999998, ""sell_cut"": 0.8203429152366721, ""buy_cut"": -1.6236237306997519}"
2026,1,7588,Javonte Williams,RB,DAL,24.2,17.13,7.07,-1.726014834959823,SELL HIGH,5 targets against 2.9 expected. 12 carries against 17.0 expected. 71% of the snaps. 2 touchdowns against 0.8 expected.,0.7068965517241379,17.13,2.07,-5.030000000000001,1.21,,,False,"{""resid_lo"": -5.550000000000001, ""resid_hi"": 5.849999999999998, ""sell_cut"": 0.8203429152366721, ""buy_cut"": -1.6236237306997519}"
2026,1,9487,Parker Washington,WR,JAX,19.3,12.18,7.120000000000001,-0.9824278957514512,SELL HIGH,"6 targets, about what was expected. 61% of the snaps.",0.6140350877192983,12.18,-0.5599999999999996,-0.51,0.5800000000000001,,,False,"{""resid_lo"": -5.550000000000001, ""resid_hi"": 5.849999999999998, ""sell_cut"": 0.8203429152366721, ""buy_cut"": -1.6236237306997519}"
2026,1,12545,Tyler Shough,QB,NO,25.2,18.08,7.120000000000001,-2.6758639305041956,SELL HIGH,"4 carries, about what was expected. 56 attempts against 34.4 expected. 100% of the snaps. 3 touchdowns against 1.8 expected.",1.0,18.08,0.0,-0.9900000000000002,1.24,,,False,"{""resid_lo"": -5.550000000000001, ""resid_hi"": 5.849999999999998, ""sell_cut"": 0.8203429152366721, ""buy_cut"": -1.6236237306997519}"
2026,1,7523,Trevor Lawrence,QB,JAX,26.1,18.59,7.510000000000002,-2.837632404259365,SELL HIGH,2 carries against 4.4 expected. 23 attempts against 32.5 expected. 88% of the snaps. 4 touchdowns against 2.0 expected.,0.8771929824561403,18.59,0.0,-2.38,1.98,,,False,"{""resid_lo"": -5.550000000000001, ""resid_hi"": 5.849999999999998, ""sell_cut"": 0.8203429152366721, ""buy_cut"": -1.6236237306997519}"
2026,1,4046,Patrick Mahomes,QB,KC,22.66,15.03,7.630000000000001,-1.700157948946423,SELL HIGH,7 carries against 2.5 expected. 27 attempts against 33.6 expected. 100% of the snaps. 3 touchdowns against 1.2 expected.,1.0,15.03,0.0,4.52,1.78,,,False,"{""resid_lo"": -5.550000000000001, ""resid_hi"": 5.849999999999998, ""sell_cut"": 0.8203429152366721, ""buy_cut"": -1.6236237306997519}"
2026,1,12508,Jaxson Dart,QB,NYG,26.6,18.86,7.740000000000002,-2.534237058674132,SELL HIGH,"11 carries against 5.9 expected. 29 attempts, about what was expected. 100% of the snaps. 3 touchdowns against 1.8 expected.",1.0,18.86,0.0,5.11,1.1600000000000001,,,False,"{""resid_lo"": -5.550000000000001, ""resid_hi"": 5.849999999999998, ""sell_cut"": 0.8203429152366721, ""buy_cut"": -1.6236237306997519}"
2026,1,5872,Deebo Samuel,WR,SF,18.0,10.05,7.949999999999999,-0.4327429226505412,SELL HIGH,7 targets against 5.0 expected. 42% of the snaps. 1 touchdown against 0.3 expected.,0.4153846153846154,10.05,1.9699999999999998,0.10999999999999999,0.6699999999999999,,,False,"{""resid_lo"": -5.550000000000001, ""resid_hi"": 5.849999999999998, ""sell_cut"": 0.8203429152366721, ""buy_cut"": -1.6236237306997519}"
2026,1,7547,Amon-Ra St. Brown,WR,DET,28.7,20.2,8.5,-2.8963851070829674,SELL HIGH,14 targets against 9.8 expected. 90% of the snaps. 2 touchdowns against 0.7 expected.,0.8961038961038961,20.2,4.17,-0.26,1.28,,,False,"{""resid_lo"": -5.550000000000001, ""resid_hi"": 5.849999999999998, ""sell_cut"": 0.8203429152366721, ""buy_cut"": -1.6236237306997519}"
2026,1,7600,Pat Freiermuth,TE,PIT,15.6,6.99,8.61,1.0697621209479333,BREAKOUT,5 targets against 3.6 expected. 73% of the snaps. 1 touchdown against 0.2 expected.,0.7313432835820896,6.99,1.37,0.0,0.75,,,False,"{""resid_lo"": -5.550000000000001, ""resid_hi"": 5.849999999999998, ""sell_cut"": 0.8203429152366721, ""buy_cut"": -1.6236237306997519}"
2026,1,7670,Joshua Palmer,WR,BUF,10.4,1.78,8.620000000000001,1.8380459833566833,BREAKOUT,31% of the snaps. 1 touchdown against 0.0 expected.,0.3103448275862069,1.78,0.8600000000000001,0.0,0.96,,,False,"{""resid_lo"": -5.550000000000001, ""resid_hi"": 5.849999999999998, ""sell_cut"": 0.8203429152366721, ""buy_cut"": -1.6236237306997519}"
2026,1,13296,Caleb Douglas,WR,MIA,14.4,5.29,9.11,2.2481112618455277,BREAKOUT,7 targets against 3.2 expected. 91% of the snaps.,0.9107142857142857,5.29,3.81,0.0,-0.14,,,False,"{""resid_lo"": -5.550000000000001, ""resid_hi"": 5.849999999999998, ""sell_cut"": 0.8203429152366721, ""buy_cut"": -1.6236237306997519}"
2026,1,10236,Dalton Kincaid,TE,BUF,18.0,8.55,9.45,1.0050670112763544,BREAKOUT,6 targets against 4.6 expected. 72% of the snaps.,0.7241379310344828,8.55,1.4100000000000001,0.0,-0.25,,,False,"{""resid_lo"": -5.550000000000001, ""resid_hi"": 5.849999999999998, ""sell_cut"": 0.8203429152366721, ""buy_cut"": -1.6236237306997519}"
2026,1,5857,Noah Fant,TE,NO,13.3,3.34,9.96,2.5124480143874424,BREAKOUT,8 targets against 1.8 expected. 41% of the snaps. 1 touchdown against 0.1 expected.,0.4111111111111111,3.34,6.21,0.0,0.9,,,False,"{""resid_lo"": -5.550000000000001, ""resid_hi"": 5.849999999999998, ""sell_cut"": 0.8203429152366721, ""buy_cut"": -1.6236237306997519}"
2026,1,6130,Devin Singletary,RB,NYG,13.8,3.71,10.09,2.5553193086636306,BREAKOUT,4 targets against 0.6 expected. 6 carries against 3.9 expected. 36% of the snaps. 1 touchdown against 0.2 expected.,0.36231884057971014,3.71,3.41,2.13,0.8200000000000001,,,False,"{""resid_lo"": -5.550000000000001, ""resid_hi"": 5.849999999999998, ""sell_cut"": 0.8203429152366721, ""buy_cut"": -1.6236237306997519}"
2026,1,4983,DJ Moore,WR,BUF,21.0,10.9,10.1,0.015291943515735734,SELL HIGH,8 targets against 6.3 expected. 76% of the snaps. 1 touchdown against 0.4 expected.,0.7586206896551724,10.9,1.67,-0.4,0.6499999999999999,,,False,"{""resid_lo"": -5.550000000000001, ""resid_hi"": 5.849999999999998, ""sell_cut"": 0.8203429152366721, ""buy_cut"": -1.6236237306997519}"
2026,1,11834,Devaughn Vele,WR,NO,19.9,9.78,10.12,0.6105146229748111,SELL HIGH,9 targets against 5.7 expected. 91% of the snaps. 1 touchdown against 0.3 expected.,0.9111111111111111,9.78,3.33,-0.05,0.71,,,False,"{""resid_lo"": -5.550000000000001, ""resid_hi"": 5.849999999999998, ""sell_cut"": 0.8203429152366721, ""buy_cut"": -1.6236237306997519}"
2026,1,3286,Demarcus Robinson,WR,SF,13.0,2.83,10.17,2.220129542553181,BREAKOUT,3 targets against 1.5 expected. 63% of the snaps. 1 touchdown against 0.1 expected.,0.6307692307692307,2.83,1.46,0.0,0.88,,,False,"{""resid_lo"": -5.550000000000001, ""resid_hi"": 5.849999999999998, ""sell_cut"": 0.8203429152366721, ""buy_cut"": -1.6236237306997519}"
2026,1,8130,Trey McBride,TE,ARI,24.5,14.25,10.25,-0.7043850669247835,SELL HIGH,13 targets against 8.6 expected. 80% of the snaps. 1 touchdown against 0.3 expected.,0.8,14.25,4.42,0.0,0.74,,,False,"{""resid_lo"": -5.550000000000001, ""resid_hi"": 5.849999999999998, ""sell_cut"": 0.8203429152366721, ""buy_cut"": -1.6236237306997519}"
2026,1,9997,Zay Flowers,WR,BAL,26.0,15.61,10.39,-2.1845169037068377,INJURED,6 targets against 7.7 expected. 29% of the snaps. 1 touchdown against 0.3 expected.,0.29411764705882354,15.61,-1.71,-0.21,0.6799999999999999,Out,Hamstring,False,"{""resid_lo"": -5.550000000000001, ""resid_hi"": 5.849999999999998, ""sell_cut"": 0.8203429152366721, ""buy_cut"": -1.6236237306997519}"
2026,1,4066,Evan Engram,TE,DEN,14.3,3.77,10.530000000000001,2.160340981671049,BREAKOUT,5 targets against 2.5 expected. 63% of the snaps. 1 touchdown against 0.1 expected.,0.6274509803921569,3.77,2.49,0.0,0.94,,,False,"{""resid_lo"": -5.550000000000001, ""resid_hi"": 5.849999999999998, ""sell_cut"": 0.8203429152366721, ""buy_cut"": -1.6236237306997519}"
2026,1,4454,Kendrick Bourne,WR,ARI,15.5,4.4,11.1,2.508257960241211,BREAKOUT,8 targets against 2.7 expected. 67% of the snaps.,0.6666666666666666,4.4,5.34,0.0,-0.09,,,False,"{""resid_lo"": -5.550000000000001, ""resid_hi"": 5.849999999999998, ""sell_cut"": 0.8203429152366721, ""buy_cut"": -1.6236237306997519}"
2026,1,9221,Jahmyr Gibbs,RB,DET,33.6,22.1,11.5,-2.2041882840852183,SELL HIGH,"5 targets, about what was expected. 29 carries against 17.3 expected. 74% of the snaps. 2 touchdowns against 1.1 expected.",0.7402597402597403,22.1,-0.4299999999999997,11.71,0.9300000000000002,,,False,"{""resid_lo"": -5.550000000000001, ""resid_hi"": 5.849999999999998, ""sell_cut"": 0.8203429152366721, ""buy_cut"": -1.6236237306997519}"
2026,1,9509,Bijan Robinson,RB,ATL,31.3,19.25,12.05,-1.2200684957964736,SELL HIGH,10 targets against 5.0 expected. 21 carries against 19.0 expected. 77% of the snaps.,0.7666666666666667,19.25,4.99,1.9800000000000004,0.33999999999999997,,,False,"{""resid_lo"": -5.550000000000001, ""resid_hi"": 5.849999999999998, ""sell_cut"": 0.8203429152366721, ""buy_cut"": -1.6236237306997519}"
2026,1,8144,Chris Olave,WR,NO,28.2,16.13,12.07,-0.6954461525575748,SELL HIGH,13 targets against 9.2 expected. 86% of the snaps.,0.8555555555555555,16.13,3.8200000000000003,-0.05,-0.49,,,False,"{""resid_lo"": -5.550000000000001, ""resid_hi"": 5.849999999999998, ""sell_cut"": 0.8203429152366721, ""buy_cut"": -1.6236237306997519}"
2026,1,4993,Mike Gesicki,TE,CIN,18.8,6.68,12.120000000000001,1.0927345281512408,BREAKOUT,7 targets against 3.7 expected. 33% of the snaps. 1 touchdown against 0.2 expected.,0.328125,6.68,3.32,0.0,0.8200000000000001,,,False,"{""resid_lo"": -5.550000000000001, ""resid_hi"": 5.849999999999998, ""sell_cut"": 0.8203429152366721, ""buy_cut"": -1.6236237306997519}"
2026,1,3634,Kalif Raymond,WR,CHI,16.4,3.81,12.589999999999998,2.9807412456318088,BREAKOUT,9 targets against 2.1 expected. 60% of the snaps.,0.6,3.81,6.92,-0.17,-0.09,,,False,"{""resid_lo"": -5.550000000000001, ""resid_hi"": 5.849999999999998, ""sell_cut"": 0.8203429152366721, ""buy_cut"": -1.6236237306997519}"
2026,1,7594,Chuba Hubbard,RB,CAR,23.7,10.81,12.889999999999999,0.7054537580015756,SELL HIGH,3 targets against 1.9 expected. 10 carries against 12.1 expected. 71% of the snaps. 2 touchdowns against 0.4 expected.,0.7058823529411765,10.81,1.09,-2.08,1.56,,,False,"{""resid_lo"": -5.550000000000001, ""resid_hi"": 5.849999999999998, ""sell_cut"": 0.8203429152366721, ""buy_cut"": -1.6236237306997519}"
2026,1,12534,Kyle Monangai,RB,CHI,20.4,7.27,13.129999999999999,1.8431424010740707,BREAKOUT,10 carries against 7.2 expected. 43% of the snaps. 1 touchdown against 0.3 expected.,0.4266666666666667,7.27,0.44999999999999996,2.8499999999999996,0.6799999999999999,,,False,"{""resid_lo"": -5.550000000000001, ""resid_hi"": 5.849999999999998, ""sell_cut"": 0.8203429152366721, ""buy_cut"": -1.6236237306997519}"
2026,1,13301,Antonio Williams,WR,WAS,16.4,2.72,13.679999999999998,2.279462802271682,BREAKOUT,4 targets against 1.8 expected. 37% of the snaps. 1 touchdown against 0.1 expected.,0.37142857142857144,2.72,2.19,-0.1,0.9299999999999999,,,False,"{""resid_lo"": -5.550000000000001, ""resid_hi"": 5.849999999999998, ""sell_cut"": 0.8203429152366721, ""buy_cut"": -1.6236237306997519}"
2026,1,5892,David Montgomery,RB,HOU,28.9,15.21,13.689999999999998,-0.8970125958456485,SELL HIGH,"3 targets, about what was expected. 20 carries against 14.7 expected. 49% of the snaps. 3 touchdowns against 0.8 expected.",0.4936708860759494,15.21,0.69,5.300000000000001,2.16,,,False,"{""resid_lo"": -5.550000000000001, ""resid_hi"": 5.849999999999998, ""sell_cut"": 0.8203429152366721, ""buy_cut"": -1.6236237306997519}"
2026,1,6794,Justin Jefferson,WR,MIN,31.2,17.49,13.71,-1.7666649209177763,SELL HIGH,"9 targets, about what was expected. 92% of the snaps. 2 touchdowns against 0.4 expected.",0.9230769230769231,17.49,-0.40000000000000036,-0.14,1.56,,,False,"{""resid_lo"": -5.550000000000001, ""resid_hi"": 5.849999999999998, ""sell_cut"": 0.8203429152366721, ""buy_cut"": -1.6236237306997519}"
2026,1,5022,Dallas Goedert,TE,PHI,23.7,9.95,13.75,0.6746986188989756,SELL HIGH,"5 targets, about what was expected. 95% of the snaps. 2 touchdowns against 0.4 expected.",0.9454545454545454,9.95,0.7000000000000002,0.0,1.62,,,False,"{""resid_lo"": -5.550000000000001, ""resid_hi"": 5.849999999999998, ""sell_cut"": 0.8203429152366721, ""buy_cut"": -1.6236237306997519}"
2026,1,9228,Bryce Young,QB,CAR,32.44,16.58,15.86,-1.5153213769277565,SELL HIGH,2 carries against 4.6 expected. 37 attempts against 30.9 expected. 90% of the snaps. 4 touchdowns against 1.8 expected.,0.8970588235294118,16.58,0.0,-2.63,2.25,,,False,"{""resid_lo"": -5.550000000000001, ""resid_hi"": 5.849999999999998, ""sell_cut"": 0.8203429152366721, ""buy_cut"": -1.6236237306997519}"
2026,1,4984,Josh Allen,QB,BUF,35.66,19.37,16.289999999999996,-1.9999578664897477,SELL HIGH,"6 carries, about what was expected. 29 attempts against 30.7 expected. 100% of the snaps. 4 touchdowns against 2.0 expected.",1.0,19.37,0.0,0.3200000000000003,2.0300000000000002,,,False,"{""resid_lo"": -5.550000000000001, ""resid_hi"": 5.849999999999998, ""sell_cut"": 0.8203429152366721, ""buy_cut"": -1.6236237306997519}"
2026,1,12527,Ashton Jeanty,RB,LV,32.7,15.97,16.730000000000004,-0.10716319895273271,SELL HIGH,6 targets against 3.8 expected. 23 carries against 17.0 expected. 74% of the snaps. 2 touchdowns against 0.7 expected.,0.7352941176470589,15.97,2.16,6.039999999999999,1.31,,,False,"{""resid_lo"": -5.550000000000001, ""resid_hi"": 5.849999999999998, ""sell_cut"": 0.8203429152366721, ""buy_cut"": -1.6236237306997519}"
2026,1,8131,Isaiah Likely,TE,NYG,27.8,10.52,17.28,0.32283315067959334,SELL HIGH,8 targets against 5.0 expected. 49% of the snaps. 2 touchdowns against 0.3 expected.,0.4927536231884058,10.52,2.95,0.0,1.71,,,False,"{""resid_lo"": -5.550000000000001, ""resid_hi"": 5.849999999999998, ""sell_cut"": 0.8203429152366721, ""buy_cut"": -1.6236237306997519}"
2026,1,11560,Caleb Williams,QB,CHI,37.26,18.33,18.93,-1.488302422345247,SELL HIGH,10 carries against 4.2 expected. 29 attempts against 34.9 expected. 100% of the snaps. 4 touchdowns against 1.7 expected.,1.0,18.33,0.0,5.75,2.2800000000000002,,,False,"{""resid_lo"": -5.550000000000001, ""resid_hi"": 5.849999999999998, ""sell_cut"": 0.8203429152366721, ""buy_cut"": -1.6236237306997519}"
2026,1,6790,D'Andre Swift,RB,CHI,32.4,13.4,19.0,0.24859194402769508,SELL HIGH,18 carries against 13.7 expected. 57% of the snaps. 3 touchdowns against 0.6 expected.,0.5733333333333334,13.4,-1.73,4.289999999999999,2.4,,,False,"{""resid_lo"": -5.550000000000001, ""resid_hi"": 5.849999999999998, ""sell_cut"": 0.8203429152366721, ""buy_cut"": -1.6236237306997519}"
2026,1,3198,Derrick Henry,RB,BAL,35.3,15.31,19.989999999999995,-0.09391275737373758,SELL HIGH,24 carries against 17.5 expected. 54% of the snaps. 3 touchdowns against 0.9 expected.,0.5441176470588235,15.31,-0.3799999999999999,6.460000000000001,2.13,,,False,"{""resid_lo"": -5.550000000000001, ""resid_hi"": 5.849999999999998, ""sell_cut"": 0.8203429152366721, ""buy_cut"": -1.6236237306997519}"
2026,1,8167,Christian Watson,WR,GB,32.7,12.59,20.110000000000003,0.23064728885635538,SELL HIGH,8 targets against 6.6 expected. 76% of the snaps. 2 touchdowns against 0.4 expected.,0.7647058823529411,12.59,1.4100000000000001,-0.13,1.56,,,False,"{""resid_lo"": -5.550000000000001, ""resid_hi"": 5.849999999999998, ""sell_cut"": 0.8203429152366721, ""buy_cut"": -1.6236237306997519}"
2026,1,8151,Kenneth Walker,RB,KC,34.1,13.68,20.42,0.9274355256260638,BREAKOUT,6 targets against 3.4 expected. 23 carries against 16.6 expected. 68% of the snaps. 2 touchdowns against 0.5 expected.,0.6811594202898551,13.68,2.65,6.350000000000001,1.51,,,False,"{""resid_lo"": -5.550000000000001, ""resid_hi"": 5.849999999999998, ""sell_cut"": 0.8203429152366721, ""buy_cut"": -1.6236237306997519}"
2026,1,11646,Jalen Coker,WR,CAR,33.8,11.91,21.889999999999997,0.7921423752865477,SELL HIGH,9 targets against 5.6 expected. 84% of the snaps. 2 touchdowns against 0.4 expected.,0.8382352941176471,11.91,3.41,-0.08,1.6400000000000001,Questionable,Ankle,False,"{""resid_lo"": -5.550000000000001, ""resid_hi"": 5.849999999999998, ""sell_cut"": 0.8203429152366721, ""buy_cut"": -1.6236237306997519}"
